"state","output","LL","Median","UL","year","scenario"
"Abia","ts_deaths",289,326.5,366,1,"status quo"
"Abia","ts_deaths",292.975,330,368,2,"status quo"
"Abia","ts_deaths",292,330,370,3,"status quo"
"Abia","ts_deaths",294.975,329,366,4,"status quo"
"Abia","ts_deaths",292,330,369,5,"status quo"
"Abia","ts_deaths",293,329,369.025,6,"status quo"
"Abia","ts_deaths",293.975,329,367,7,"status quo"
"Abia","ts_deaths",293,330,367,8,"status quo"
"Abia","ts_deaths",291,329,368,9,"status quo"
"Abia","ts_deaths",290,329,368,10,"status quo"
"Abia","ts_exposures",6297.975,6652.5,6978.025,1,"status quo"
"Abia","ts_exposures",6405.95,6719,7030.1,2,"status quo"
"Abia","ts_exposures",6357.85,6704,7016.025,3,"status quo"
"Abia","ts_exposures",6362,6693,7018.05,4,"status quo"
"Abia","ts_exposures",6344.975,6705.5,7028.25,5,"status quo"
"Abia","ts_exposures",6330.975,6688,7025.125,6,"status quo"
"Abia","ts_exposures",6364.975,6708.5,7034.125,7,"status quo"
"Abia","ts_exposures",6362.95,6705.5,7018.025,8,"status quo"
"Abia","ts_exposures",6351.95,6694,7022.025,9,"status quo"
"Abia","ts_exposures",6302,6696,7022.05,10,"status quo"
"Abia","ts_exp_PEP",4478.85,4730,4968.05,1,"status quo"
"Abia","ts_exp_PEP",4543.875,4768,5008.05,2,"status quo"
"Abia","ts_exp_PEP",4500,4759.5,4999.025,3,"status quo"
"Abia","ts_exp_PEP",4502.925,4756.5,4995.075,4,"status quo"
"Abia","ts_exp_PEP",4500.975,4765,5006.075,5,"status quo"
"Abia","ts_exp_PEP",4496.975,4754,5007.275,6,"status quo"
"Abia","ts_exp_PEP",4523.975,4768.5,5008.1,7,"status quo"
"Abia","ts_exp_PEP",4513.975,4757,4993.025,8,"status quo"
"Abia","ts_exp_PEP",4506.975,4757.5,5008.175,9,"status quo"
"Abia","ts_exp_PEP",4471.875,4760,5006.05,10,"status quo"
"Abia","ts_vaccine_vials",8957.7,9460,9936.1,1,"status quo"
"Abia","ts_vaccine_vials",9087.75,9536,10016.1,2,"status quo"
"Abia","ts_vaccine_vials",9000,9519,9998.05,3,"status quo"
"Abia","ts_vaccine_vials",9005.85,9513,9990.15,4,"status quo"
"Abia","ts_vaccine_vials",9001.95,9530,10012.15,5,"status quo"
"Abia","ts_vaccine_vials",8993.95,9508,10014.55,6,"status quo"
"Abia","ts_vaccine_vials",9047.95,9537,10016.2,7,"status quo"
"Abia","ts_vaccine_vials",9027.95,9514,9986.05,8,"status quo"
"Abia","ts_vaccine_vials",9013.95,9515,10016.35,9,"status quo"
"Abia","ts_vaccine_vials",8943.75,9520,10012.1,10,"status quo"
"Abia","ts_rabid_dogs",16857.9271875,17591.35625,18249.62625,1,"status quo"
"Abia","ts_rabid_dogs",17029.8875,17761.7125,18384.59875,2,"status quo"
"Abia","ts_rabid_dogs",16962.0221875,17725.7,18389.54125,3,"status quo"
"Abia","ts_rabid_dogs",16964.8478125,17733.8,18321.6625,4,"status quo"
"Abia","ts_rabid_dogs",16936.9721875,17745.3,18382.7890625,5,"status quo"
"Abia","ts_rabid_dogs",16943.9596875,17714.6875,18341.660625,6,"status quo"
"Abia","ts_rabid_dogs",17008.5509375,17721.73125,18349.648125,7,"status quo"
"Abia","ts_rabid_dogs",16894.05875,17723.31875,18349.8365625,8,"status quo"
"Abia","ts_rabid_dogs",16927.93625,17712.78125,18308.7609375,9,"status quo"
"Abia","ts_rabid_dogs",16872.9484375,17707.28125,18350.7846875,10,"status quo"
"Adamawa","ts_deaths",89,112,134,1,"status quo"
"Adamawa","ts_deaths",91,112.5,136,2,"status quo"
"Adamawa","ts_deaths",91,112,137,3,"status quo"
"Adamawa","ts_deaths",90,112,136,4,"status quo"
"Adamawa","ts_deaths",91.975,112,134,5,"status quo"
"Adamawa","ts_deaths",93,112,135,6,"status quo"
"Adamawa","ts_deaths",91,113,136,7,"status quo"
"Adamawa","ts_deaths",92,114,135.025,8,"status quo"
"Adamawa","ts_deaths",90.975,112,136,9,"status quo"
"Adamawa","ts_deaths",90,113,135,10,"status quo"
"Adamawa","ts_exposures",1290.975,1409,1526.025,1,"status quo"
"Adamawa","ts_exposures",1320,1428,1557.05,2,"status quo"
"Adamawa","ts_exposures",1306.975,1427,1554.05,3,"status quo"
"Adamawa","ts_exposures",1301.95,1424,1555,4,"status quo"
"Adamawa","ts_exposures",1294.975,1424.5,1558,5,"status quo"
"Adamawa","ts_exposures",1302.975,1427,1556,6,"status quo"
"Adamawa","ts_exposures",1296.95,1425,1554.025,7,"status quo"
"Adamawa","ts_exposures",1309.975,1426.5,1551.05,8,"status quo"
"Adamawa","ts_exposures",1304,1425.5,1553.025,9,"status quo"
"Adamawa","ts_exposures",1300,1428,1555,10,"status quo"
"Adamawa","ts_exp_PEP",678.975,752,826,1,"status quo"
"Adamawa","ts_exp_PEP",691.975,762,835.025,2,"status quo"
"Adamawa","ts_exp_PEP",687,762,839.025,3,"status quo"
"Adamawa","ts_exp_PEP",685,761,844.025,4,"status quo"
"Adamawa","ts_exp_PEP",682.95,759,842,5,"status quo"
"Adamawa","ts_exp_PEP",687,761,840.025,6,"status quo"
"Adamawa","ts_exp_PEP",683,760,837.05,7,"status quo"
"Adamawa","ts_exp_PEP",690.975,763,840.025,8,"status quo"
"Adamawa","ts_exp_PEP",684.975,761,837.05,9,"status quo"
"Adamawa","ts_exp_PEP",683,761,839,10,"status quo"
"Adamawa","ts_vaccine_vials",1357.95,1504,1652,1,"status quo"
"Adamawa","ts_vaccine_vials",1383.95,1524,1670.05,2,"status quo"
"Adamawa","ts_vaccine_vials",1374,1524,1678.05,3,"status quo"
"Adamawa","ts_vaccine_vials",1370,1522,1688.05,4,"status quo"
"Adamawa","ts_vaccine_vials",1365.9,1518,1684,5,"status quo"
"Adamawa","ts_vaccine_vials",1374,1522,1680.05,6,"status quo"
"Adamawa","ts_vaccine_vials",1366,1520,1674.1,7,"status quo"
"Adamawa","ts_vaccine_vials",1381.95,1526,1680.05,8,"status quo"
"Adamawa","ts_vaccine_vials",1369.95,1522,1674.1,9,"status quo"
"Adamawa","ts_vaccine_vials",1366,1522,1678,10,"status quo"
"Adamawa","ts_rabid_dogs",3551.0309375,3759.76249999999,3961.065625,1,"status quo"
"Adamawa","ts_rabid_dogs",3591.8028125,3798.9,4013.95312499999,2,"status quo"
"Adamawa","ts_rabid_dogs",3588.4925,3803.45,4005.0525,3,"status quo"
"Adamawa","ts_rabid_dogs",3587.685,3800.50625,4005.0309375,4,"status quo"
"Adamawa","ts_rabid_dogs",3565.2915625,3799.025,4018.32625,5,"status quo"
"Adamawa","ts_rabid_dogs",3589.4421875,3794.13125,3996.96687499999,6,"status quo"
"Adamawa","ts_rabid_dogs",3579.80375,3804.4125,3999.99875000001,7,"status quo"
"Adamawa","ts_rabid_dogs",3582.0653125,3793.5125,4007.65593749999,8,"status quo"
"Adamawa","ts_rabid_dogs",3572.93,3793.4125,4005.7475,9,"status quo"
"Adamawa","ts_rabid_dogs",3574.5196875,3795.35,4001.3775,10,"status quo"
"Akwa Ibom","ts_deaths",376,423,471.025,1,"status quo"
"Akwa Ibom","ts_deaths",383.975,424,470.025,2,"status quo"
"Akwa Ibom","ts_deaths",382,426,474.025,3,"status quo"
"Akwa Ibom","ts_deaths",379.975,425,472,4,"status quo"
"Akwa Ibom","ts_deaths",383.975,426,470,5,"status quo"
"Akwa Ibom","ts_deaths",379.975,425,470,6,"status quo"
"Akwa Ibom","ts_deaths",381,425,468.025,7,"status quo"
"Akwa Ibom","ts_deaths",381.975,424,470,8,"status quo"
"Akwa Ibom","ts_deaths",381,425,467.025,9,"status quo"
"Akwa Ibom","ts_deaths",381.975,425,471.025,10,"status quo"
"Akwa Ibom","ts_exposures",8701.875,9172,9594.175,1,"status quo"
"Akwa Ibom","ts_exposures",8776.95,9230.5,9620.025,2,"status quo"
"Akwa Ibom","ts_exposures",8765.975,9226,9653.025,3,"status quo"
"Akwa Ibom","ts_exposures",8764.95,9232.5,9623,4,"status quo"
"Akwa Ibom","ts_exposures",8778,9230,9616.05,5,"status quo"
"Akwa Ibom","ts_exposures",8768.975,9218,9618.075,6,"status quo"
"Akwa Ibom","ts_exposures",8751.95,9216.5,9646.125,7,"status quo"
"Akwa Ibom","ts_exposures",8781.85,9222.5,9618.05,8,"status quo"
"Akwa Ibom","ts_exposures",8767.975,9220,9646.275,9,"status quo"
"Akwa Ibom","ts_exposures",8770.925,9228.5,9641.1,10,"status quo"
"Akwa Ibom","ts_exp_PEP",6317,6680,7008.075,1,"status quo"
"Akwa Ibom","ts_exp_PEP",6372.7,6726.5,7018.025,2,"status quo"
"Akwa Ibom","ts_exp_PEP",6372.65,6720.5,7027.025,3,"status quo"
"Akwa Ibom","ts_exp_PEP",6367.95,6724.5,7023.05,4,"status quo"
"Akwa Ibom","ts_exp_PEP",6375.9,6728,7014.125,5,"status quo"
"Akwa Ibom","ts_exp_PEP",6378.875,6713,7015.025,6,"status quo"
"Akwa Ibom","ts_exp_PEP",6368.95,6716.5,7050.025,7,"status quo"
"Akwa Ibom","ts_exp_PEP",6386.975,6720.5,7025.025,8,"status quo"
"Akwa Ibom","ts_exp_PEP",6389.55,6718.5,7032.025,9,"status quo"
"Akwa Ibom","ts_exp_PEP",6364.975,6722,7040.025,10,"status quo"
"Akwa Ibom","ts_vaccine_vials",12634,13360,14016.15,1,"status quo"
"Akwa Ibom","ts_vaccine_vials",12745.4,13453,14036.05,2,"status quo"
"Akwa Ibom","ts_vaccine_vials",12745.3,13441,14054.05,3,"status quo"
"Akwa Ibom","ts_vaccine_vials",12735.9,13449,14046.1,4,"status quo"
"Akwa Ibom","ts_vaccine_vials",12751.8,13456,14028.25,5,"status quo"
"Akwa Ibom","ts_vaccine_vials",12757.75,13426,14030.05,6,"status quo"
"Akwa Ibom","ts_vaccine_vials",12737.9,13433,14100.05,7,"status quo"
"Akwa Ibom","ts_vaccine_vials",12773.95,13441,14050.05,8,"status quo"
"Akwa Ibom","ts_vaccine_vials",12779.1,13437,14064.05,9,"status quo"
"Akwa Ibom","ts_vaccine_vials",12729.95,13444,14080.05,10,"status quo"
"Akwa Ibom","ts_rabid_dogs",22943.556875,24146.7125,25048.6028125,1,"status quo"
"Akwa Ibom","ts_rabid_dogs",23342.256875,24336.775,25199.725,2,"status quo"
"Akwa Ibom","ts_rabid_dogs",23245.005625,24322.28125,25182.3978125,3,"status quo"
"Akwa Ibom","ts_rabid_dogs",23173.2228125,24333.7125,25172.1928125,4,"status quo"
"Akwa Ibom","ts_rabid_dogs",23220.86,24312.4125,25142.9625,5,"status quo"
"Akwa Ibom","ts_rabid_dogs",23250.3590625,24251.99375,25147.1946875,6,"status quo"
"Akwa Ibom","ts_rabid_dogs",23238.359375,24288.625,25215.9965625,7,"status quo"
"Akwa Ibom","ts_rabid_dogs",23216.9284375,24302.73125,25172.46625,8,"status quo"
"Akwa Ibom","ts_rabid_dogs",23226.4303125,24316.05,25170.32375,9,"status quo"
"Akwa Ibom","ts_rabid_dogs",23254.8546875,24310.14375,25195.5784375,10,"status quo"
"Anambra","ts_deaths",255.975,313,383,1,"status quo"
"Anambra","ts_deaths",258,317,379,2,"status quo"
"Anambra","ts_deaths",261.975,317,381.025,3,"status quo"
"Anambra","ts_deaths",256.975,318,381.025,4,"status quo"
"Anambra","ts_deaths",261.975,316,381,5,"status quo"
"Anambra","ts_deaths",258,316,380.025,6,"status quo"
"Anambra","ts_deaths",259.975,316,386.025,7,"status quo"
"Anambra","ts_deaths",260,317,381,8,"status quo"
"Anambra","ts_deaths",263,315,382,9,"status quo"
"Anambra","ts_deaths",259.975,315,383.025,10,"status quo"
"Anambra","ts_exposures",7287.95,8413,9861.125,1,"status quo"
"Anambra","ts_exposures",7310.95,8480.5,9898.125,2,"status quo"
"Anambra","ts_exposures",7353.975,8448,9860.175,3,"status quo"
"Anambra","ts_exposures",7271.875,8465,9861,4,"status quo"
"Anambra","ts_exposures",7328.9,8471,9856.2,5,"status quo"
"Anambra","ts_exposures",7290.875,8464,9801.3,6,"status quo"
"Anambra","ts_exposures",7330.95,8481.5,9879.35,7,"status quo"
"Anambra","ts_exposures",7331.925,8464,9856.1,8,"status quo"
"Anambra","ts_exposures",7302,8465.5,9873.05,9,"status quo"
"Anambra","ts_exposures",7327.925,8450.5,9856.05,10,"status quo"
"Anambra","ts_exp_PEP",5680.95,6571.5,7705.675,1,"status quo"
"Anambra","ts_exp_PEP",5711.9,6624.5,7736.025,2,"status quo"
"Anambra","ts_exp_PEP",5720.975,6600.5,7702,3,"status quo"
"Anambra","ts_exp_PEP",5676.95,6607.5,7722.325,4,"status quo"
"Anambra","ts_exp_PEP",5725.825,6597.5,7691.2,5,"status quo"
"Anambra","ts_exp_PEP",5699.95,6598.5,7666.05,6,"status quo"
"Anambra","ts_exp_PEP",5717.875,6613.5,7701.175,7,"status quo"
"Anambra","ts_exp_PEP",5718.975,6608.5,7698.075,8,"status quo"
"Anambra","ts_exp_PEP",5693.875,6601,7726.075,9,"status quo"
"Anambra","ts_exp_PEP",5708,6600,7694.2,10,"status quo"
"Anambra","ts_vaccine_vials",11361.9,13143,15411.35,1,"status quo"
"Anambra","ts_vaccine_vials",11423.8,13249,15472.05,2,"status quo"
"Anambra","ts_vaccine_vials",11441.95,13201,15404,3,"status quo"
"Anambra","ts_vaccine_vials",11353.9,13215,15444.65,4,"status quo"
"Anambra","ts_vaccine_vials",11451.65,13195,15382.4,5,"status quo"
"Anambra","ts_vaccine_vials",11399.9,13197,15332.1,6,"status quo"
"Anambra","ts_vaccine_vials",11435.75,13227,15402.35,7,"status quo"
"Anambra","ts_vaccine_vials",11437.95,13217,15396.15,8,"status quo"
"Anambra","ts_vaccine_vials",11387.75,13202,15452.15,9,"status quo"
"Anambra","ts_vaccine_vials",11416,13200,15388.4,10,"status quo"
"Anambra","ts_rabid_dogs",19345.64125,22124.15,25895.0003125,1,"status quo"
"Anambra","ts_rabid_dogs",19427.125625,22305.2625,26093.449375,2,"status quo"
"Anambra","ts_rabid_dogs",19464.373125,22281.0375,26015.9606250001,3,"status quo"
"Anambra","ts_rabid_dogs",19358.81625,22280.3125,26050.7853124999,4,"status quo"
"Anambra","ts_rabid_dogs",19485.51625,22339.3,25867.9853125,5,"status quo"
"Anambra","ts_rabid_dogs",19371.5175,22340.95,25891.3609375,6,"status quo"
"Anambra","ts_rabid_dogs",19437.4340625,22370.65,25895.4578125,7,"status quo"
"Anambra","ts_rabid_dogs",19321.4665625,22277.21875,25930.965625,8,"status quo"
"Anambra","ts_rabid_dogs",19385.006875,22336.99375,25942.7199999999,9,"status quo"
"Anambra","ts_rabid_dogs",19374.9075,22242.9125,25953.8478125,10,"status quo"
"Bauchi","ts_deaths",78,97,118,1,"status quo"
"Bauchi","ts_deaths",78,99,120.025,2,"status quo"
"Bauchi","ts_deaths",78,99,120,3,"status quo"
"Bauchi","ts_deaths",78,98,119,4,"status quo"
"Bauchi","ts_deaths",78.975,98,119.025,5,"status quo"
"Bauchi","ts_deaths",79,98,121,6,"status quo"
"Bauchi","ts_deaths",78.975,99,121,7,"status quo"
"Bauchi","ts_deaths",79,98,120.025,8,"status quo"
"Bauchi","ts_deaths",79,98,120,9,"status quo"
"Bauchi","ts_deaths",78,98,120,10,"status quo"
"Bauchi","ts_exposures",1241.975,1362,1471,1,"status quo"
"Bauchi","ts_exposures",1262.925,1374,1493.05,2,"status quo"
"Bauchi","ts_exposures",1265.975,1377,1492.025,3,"status quo"
"Bauchi","ts_exposures",1256,1372,1494.025,4,"status quo"
"Bauchi","ts_exposures",1244,1374,1491.05,5,"status quo"
"Bauchi","ts_exposures",1254.975,1379.5,1500.025,6,"status quo"
"Bauchi","ts_exposures",1251,1375.5,1500,7,"status quo"
"Bauchi","ts_exposures",1263.9,1377.5,1493.075,8,"status quo"
"Bauchi","ts_exposures",1261,1377,1494.025,9,"status quo"
"Bauchi","ts_exposures",1255,1376.5,1501.025,10,"status quo"
"Bauchi","ts_exp_PEP",707.975,787,858,1,"status quo"
"Bauchi","ts_exp_PEP",724.975,795.5,873.025,2,"status quo"
"Bauchi","ts_exp_PEP",724,796,877,3,"status quo"
"Bauchi","ts_exp_PEP",718,796,873,4,"status quo"
"Bauchi","ts_exp_PEP",717,792,872,5,"status quo"
"Bauchi","ts_exp_PEP",721,797,874.025,6,"status quo"
"Bauchi","ts_exp_PEP",719,795,872.025,7,"status quo"
"Bauchi","ts_exp_PEP",716,795,877.05,8,"status quo"
"Bauchi","ts_exp_PEP",717,795,874.025,9,"status quo"
"Bauchi","ts_exp_PEP",717.95,796,876.025,10,"status quo"
"Bauchi","ts_vaccine_vials",1415.95,1574,1716,1,"status quo"
"Bauchi","ts_vaccine_vials",1449.95,1591,1746.05,2,"status quo"
"Bauchi","ts_vaccine_vials",1448,1592,1754,3,"status quo"
"Bauchi","ts_vaccine_vials",1436,1592,1746,4,"status quo"
"Bauchi","ts_vaccine_vials",1434,1584,1744,5,"status quo"
"Bauchi","ts_vaccine_vials",1442,1594,1748.05,6,"status quo"
"Bauchi","ts_vaccine_vials",1438,1590,1744.05,7,"status quo"
"Bauchi","ts_vaccine_vials",1432,1590,1754.1,8,"status quo"
"Bauchi","ts_vaccine_vials",1434,1590,1748.05,9,"status quo"
"Bauchi","ts_vaccine_vials",1435.9,1592,1752.05,10,"status quo"
"Bauchi","ts_rabid_dogs",3427.0853125,3624.58125,3810.111875,1,"status quo"
"Bauchi","ts_rabid_dogs",3485.49625,3666.43125,3842.9075,2,"status quo"
"Bauchi","ts_rabid_dogs",3478.6115625,3670.36875,3837.7609375,3,"status quo"
"Bauchi","ts_rabid_dogs",3468.833125,3664.4125,3847.5959375,4,"status quo"
"Bauchi","ts_rabid_dogs",3467.4721875,3662.925,3848.2584375,5,"status quo"
"Bauchi","ts_rabid_dogs",3476.4234375,3670.6875,3836.858125,6,"status quo"
"Bauchi","ts_rabid_dogs",3460.8284375,3667.44375,3852.80875,7,"status quo"
"Bauchi","ts_rabid_dogs",3459.22999999999,3663.08125,3847.1025,8,"status quo"
"Bauchi","ts_rabid_dogs",3464.5353125,3666.09375,3842.2821875,9,"status quo"
"Bauchi","ts_rabid_dogs",3467.8696875,3665.93125,3833.9265625,10,"status quo"
"Bayelsa","ts_deaths",72,94,117,1,"status quo"
"Bayelsa","ts_deaths",74,94,116,2,"status quo"
"Bayelsa","ts_deaths",73,93.5,116,3,"status quo"
"Bayelsa","ts_deaths",72,94,115,4,"status quo"
"Bayelsa","ts_deaths",71,94,116,5,"status quo"
"Bayelsa","ts_deaths",74,94.5,116,6,"status quo"
"Bayelsa","ts_deaths",72,94,117,7,"status quo"
"Bayelsa","ts_deaths",74,94.5,118,8,"status quo"
"Bayelsa","ts_deaths",73.975,94,116,9,"status quo"
"Bayelsa","ts_deaths",73,93,116.025,10,"status quo"
"Bayelsa","ts_exposures",1918.975,2161.5,2419.025,1,"status quo"
"Bayelsa","ts_exposures",1945.975,2167.5,2448,2,"status quo"
"Bayelsa","ts_exposures",1942.975,2174,2439.025,3,"status quo"
"Bayelsa","ts_exposures",1931.925,2176.5,2441.025,4,"status quo"
"Bayelsa","ts_exposures",1932.95,2179,2437.225,5,"status quo"
"Bayelsa","ts_exposures",1934,2173.5,2452.025,6,"status quo"
"Bayelsa","ts_exposures",1941.725,2178,2441,7,"status quo"
"Bayelsa","ts_exposures",1930,2181,2440.05,8,"status quo"
"Bayelsa","ts_exposures",1926.975,2167,2460.05,9,"status quo"
"Bayelsa","ts_exposures",1914,2173,2442.075,10,"status quo"
"Bayelsa","ts_exp_PEP",1426.925,1613.5,1804.05,1,"status quo"
"Bayelsa","ts_exp_PEP",1441.95,1619,1835.05,2,"status quo"
"Bayelsa","ts_exp_PEP",1446.9,1621.5,1824.1,3,"status quo"
"Bayelsa","ts_exp_PEP",1443.95,1625.5,1833,4,"status quo"
"Bayelsa","ts_exp_PEP",1439.95,1624.5,1827.025,5,"status quo"
"Bayelsa","ts_exp_PEP",1438.975,1622,1829.025,6,"status quo"
"Bayelsa","ts_exp_PEP",1444,1624,1828,7,"status quo"
"Bayelsa","ts_exp_PEP",1441.975,1623.5,1825.025,8,"status quo"
"Bayelsa","ts_exp_PEP",1436,1617,1837.075,9,"status quo"
"Bayelsa","ts_exp_PEP",1427.95,1618,1832.025,10,"status quo"
"Bayelsa","ts_vaccine_vials",2853.85,3227,3608.1,1,"status quo"
"Bayelsa","ts_vaccine_vials",2883.9,3238,3670.1,2,"status quo"
"Bayelsa","ts_vaccine_vials",2893.8,3243,3648.2,3,"status quo"
"Bayelsa","ts_vaccine_vials",2887.9,3251,3666,4,"status quo"
"Bayelsa","ts_vaccine_vials",2879.9,3249,3654.05,5,"status quo"
"Bayelsa","ts_vaccine_vials",2877.95,3244,3658.05,6,"status quo"
"Bayelsa","ts_vaccine_vials",2888,3248,3656,7,"status quo"
"Bayelsa","ts_vaccine_vials",2883.95,3247,3650.05,8,"status quo"
"Bayelsa","ts_vaccine_vials",2872,3234,3674.15,9,"status quo"
"Bayelsa","ts_vaccine_vials",2855.9,3236,3664.05,10,"status quo"
"Bayelsa","ts_rabid_dogs",5182.39625,5729.68124999999,6362.06562500001,1,"status quo"
"Bayelsa","ts_rabid_dogs",5219.79875,5755.35,6412.52375,2,"status quo"
"Bayelsa","ts_rabid_dogs",5235.2984375,5760.91874999999,6414.44125000001,3,"status quo"
"Bayelsa","ts_rabid_dogs",5234.644375,5772.825,6394.83374999999,4,"status quo"
"Bayelsa","ts_rabid_dogs",5207.91406250001,5765.46875,6357.00312499999,5,"status quo"
"Bayelsa","ts_rabid_dogs",5227.53125000001,5754.9,6380.7596875,6,"status quo"
"Bayelsa","ts_rabid_dogs",5225.9778125,5772.16249999999,6386.19968749999,7,"status quo"
"Bayelsa","ts_rabid_dogs",5228.0140625,5766.32499999999,6387.1496875,8,"status quo"
"Bayelsa","ts_rabid_dogs",5223.0909375,5757.30625000001,6386.9046875,9,"status quo"
"Bayelsa","ts_rabid_dogs",5209.64812499999,5757.71875,6407.41218749999,10,"status quo"
"Benue","ts_deaths",351.975,421,502.025,1,"status quo"
"Benue","ts_deaths",354,425,506,2,"status quo"
"Benue","ts_deaths",355,425,507,3,"status quo"
"Benue","ts_deaths",349,425,506.025,4,"status quo"
"Benue","ts_deaths",350.975,424,504.025,5,"status quo"
"Benue","ts_deaths",354,424,504,6,"status quo"
"Benue","ts_deaths",353.975,424,511.025,7,"status quo"
"Benue","ts_deaths",352.975,423,507.025,8,"status quo"
"Benue","ts_deaths",351.95,425,503.025,9,"status quo"
"Benue","ts_deaths",354,425,505.025,10,"status quo"
"Benue","ts_exposures",7392.95,8567,9940.05,1,"status quo"
"Benue","ts_exposures",7493.675,8633.5,10042.125,2,"status quo"
"Benue","ts_exposures",7489.975,8616.5,10045.125,3,"status quo"
"Benue","ts_exposures",7474.6,8611.5,10058,4,"status quo"
"Benue","ts_exposures",7484,8622,9975.025,5,"status quo"
"Benue","ts_exposures",7454.775,8582,10026.025,6,"status quo"
"Benue","ts_exposures",7464.6,8603,10033.1,7,"status quo"
"Benue","ts_exposures",7461.875,8635.5,10035.125,8,"status quo"
"Benue","ts_exposures",7451.875,8639.5,9976.125,9,"status quo"
"Benue","ts_exposures",7451.9,8621.5,9955.025,10,"status quo"
"Benue","ts_exp_PEP",5266.875,6086.5,7055.375,1,"status quo"
"Benue","ts_exp_PEP",5314.95,6133,7112.05,2,"status quo"
"Benue","ts_exp_PEP",5335.8,6125.5,7152.025,3,"status quo"
"Benue","ts_exp_PEP",5304.975,6116,7160,4,"status quo"
"Benue","ts_exp_PEP",5304.95,6127,7096.05,5,"status quo"
"Benue","ts_exp_PEP",5279.95,6100.5,7147.05,6,"status quo"
"Benue","ts_exp_PEP",5314.65,6107,7157.025,7,"status quo"
"Benue","ts_exp_PEP",5287,6134,7140.05,8,"status quo"
"Benue","ts_exp_PEP",5284.9,6140,7100.2,9,"status quo"
"Benue","ts_exp_PEP",5295.925,6128.5,7089.05,10,"status quo"
"Benue","ts_vaccine_vials",10533.75,12173,14110.75,1,"status quo"
"Benue","ts_vaccine_vials",10629.9,12266,14224.1,2,"status quo"
"Benue","ts_vaccine_vials",10671.6,12251,14304.05,3,"status quo"
"Benue","ts_vaccine_vials",10609.95,12232,14320,4,"status quo"
"Benue","ts_vaccine_vials",10609.9,12254,14192.1,5,"status quo"
"Benue","ts_vaccine_vials",10559.9,12201,14294.1,6,"status quo"
"Benue","ts_vaccine_vials",10629.3,12214,14314.05,7,"status quo"
"Benue","ts_vaccine_vials",10574,12268,14280.1,8,"status quo"
"Benue","ts_vaccine_vials",10569.8,12280,14200.4,9,"status quo"
"Benue","ts_vaccine_vials",10591.85,12257,14178.1,10,"status quo"
"Benue","ts_rabid_dogs",19580.64875,22565.96875,26087.365,1,"status quo"
"Benue","ts_rabid_dogs",19854.5578125,22751.5625,26278.335,2,"status quo"
"Benue","ts_rabid_dogs",19879.7353125,22715.21875,26394.9346875,3,"status quo"
"Benue","ts_rabid_dogs",19784.02875,22683.725,26226.4337499999,4,"status quo"
"Benue","ts_rabid_dogs",19851.38,22676.94375,26248.6290625,5,"status quo"
"Benue","ts_rabid_dogs",19776.2253125,22699.31875,26359.958125,6,"status quo"
"Benue","ts_rabid_dogs",19816.5628125,22691.31875,26382.5215625,7,"status quo"
"Benue","ts_rabid_dogs",19797.425625,22736.86875,26228.4265625,8,"status quo"
"Benue","ts_rabid_dogs",19733.9203125,22748.875,26221.2315625,9,"status quo"
"Benue","ts_rabid_dogs",19781.0265625,22734.5375,26305.120625,10,"status quo"
"Borno","ts_deaths",70,89,109,1,"status quo"
"Borno","ts_deaths",72,90,109.025,2,"status quo"
"Borno","ts_deaths",72,89,109,3,"status quo"
"Borno","ts_deaths",72,90,109,4,"status quo"
"Borno","ts_deaths",72,90,110,5,"status quo"
"Borno","ts_deaths",70,89,108,6,"status quo"
"Borno","ts_deaths",71,91,111,7,"status quo"
"Borno","ts_deaths",70,90,110,8,"status quo"
"Borno","ts_deaths",70.975,89,109,9,"status quo"
"Borno","ts_deaths",72,89,109,10,"status quo"
"Borno","ts_exposures",1067,1160,1255,1,"status quo"
"Borno","ts_exposures",1077,1172,1267,2,"status quo"
"Borno","ts_exposures",1078.925,1171,1263.025,3,"status quo"
"Borno","ts_exposures",1074.975,1173,1264.025,4,"status quo"
"Borno","ts_exposures",1068.975,1172,1267.05,5,"status quo"
"Borno","ts_exposures",1077.975,1170,1264,6,"status quo"
"Borno","ts_exposures",1078,1175,1279.025,7,"status quo"
"Borno","ts_exposures",1066.975,1170,1266,8,"status quo"
"Borno","ts_exposures",1074.975,1171.5,1269,9,"status quo"
"Borno","ts_exposures",1076,1172,1274,10,"status quo"
"Borno","ts_exp_PEP",577,638,701.025,1,"status quo"
"Borno","ts_exp_PEP",583,645,703,2,"status quo"
"Borno","ts_exp_PEP",583,643,709,3,"status quo"
"Borno","ts_exp_PEP",578,646,702.05,4,"status quo"
"Borno","ts_exp_PEP",576.975,644,709.025,5,"status quo"
"Borno","ts_exp_PEP",588.975,644.5,701,6,"status quo"
"Borno","ts_exp_PEP",585,644.5,711,7,"status quo"
"Borno","ts_exp_PEP",583,641,709,8,"status quo"
"Borno","ts_exp_PEP",584,643,708,9,"status quo"
"Borno","ts_exp_PEP",581,644.5,710,10,"status quo"
"Borno","ts_vaccine_vials",1154,1276,1402.05,1,"status quo"
"Borno","ts_vaccine_vials",1166,1290,1406,2,"status quo"
"Borno","ts_vaccine_vials",1166,1286,1418,3,"status quo"
"Borno","ts_vaccine_vials",1156,1292,1404.1,4,"status quo"
"Borno","ts_vaccine_vials",1153.95,1288,1418.05,5,"status quo"
"Borno","ts_vaccine_vials",1177.95,1289,1402,6,"status quo"
"Borno","ts_vaccine_vials",1170,1289,1422,7,"status quo"
"Borno","ts_vaccine_vials",1166,1282,1418,8,"status quo"
"Borno","ts_vaccine_vials",1168,1286,1416,9,"status quo"
"Borno","ts_vaccine_vials",1162,1289,1420,10,"status quo"
"Borno","ts_rabid_dogs",2919.955625,3079.0875,3204.686875,1,"status quo"
"Borno","ts_rabid_dogs",2957.2490625,3110.9375,3226.12625,2,"status quo"
"Borno","ts_rabid_dogs",2963.211875,3113.16875,3227.875,3,"status quo"
"Borno","ts_rabid_dogs",2968.9084375,3112.55625,3227.1625,4,"status quo"
"Borno","ts_rabid_dogs",2957.6996875,3106.44375,3227.6565625,5,"status quo"
"Borno","ts_rabid_dogs",2954.97375,3107.18125,3227.8875,6,"status quo"
"Borno","ts_rabid_dogs",2963.675,3109.4125,3225.131875,7,"status quo"
"Borno","ts_rabid_dogs",2966.7803125,3109.16875,3223.2121875,8,"status quo"
"Borno","ts_rabid_dogs",2964.2978125,3103.53125,3227.6128125,9,"status quo"
"Borno","ts_rabid_dogs",2958.4015625,3108.15625,3228.455625,10,"status quo"
"Cross River","ts_deaths",256,311,374.025,1,"status quo"
"Cross River","ts_deaths",255.975,314,377.025,2,"status quo"
"Cross River","ts_deaths",259.95,314,377,3,"status quo"
"Cross River","ts_deaths",253.975,313,376.025,4,"status quo"
"Cross River","ts_deaths",257,312,374.025,5,"status quo"
"Cross River","ts_deaths",253,312,380,6,"status quo"
"Cross River","ts_deaths",256,313,377,7,"status quo"
"Cross River","ts_deaths",255,312,375,8,"status quo"
"Cross River","ts_deaths",253.975,313,378,9,"status quo"
"Cross River","ts_deaths",256.975,312,379,10,"status quo"
"Cross River","ts_exposures",5065.95,5848,6778.025,1,"status quo"
"Cross River","ts_exposures",5057.675,5907,6890.1,2,"status quo"
"Cross River","ts_exposures",5103.375,5892.5,6822.1,3,"status quo"
"Cross River","ts_exposures",5067.975,5870,6795.15,4,"status quo"
"Cross River","ts_exposures",5085.875,5864.5,6852.2,5,"status quo"
"Cross River","ts_exposures",5041.85,5874.5,6858.125,6,"status quo"
"Cross River","ts_exposures",5070,5864.5,6881.025,7,"status quo"
"Cross River","ts_exposures",5072.975,5885,6840.05,8,"status quo"
"Cross River","ts_exposures",5044.975,5884,6829.15,9,"status quo"
"Cross River","ts_exposures",5077,5870,6837.125,10,"status quo"
"Cross River","ts_exp_PEP",3476,4015.5,4662.1,1,"status quo"
"Cross River","ts_exp_PEP",3490.875,4058,4752.25,2,"status quo"
"Cross River","ts_exp_PEP",3508.95,4048.5,4691.025,3,"status quo"
"Cross River","ts_exp_PEP",3482.9,4031.5,4685.15,4,"status quo"
"Cross River","ts_exp_PEP",3489.925,4033.5,4722,5,"status quo"
"Cross River","ts_exp_PEP",3468,4045,4728.15,6,"status quo"
"Cross River","ts_exp_PEP",3480.9,4043,4733.05,7,"status quo"
"Cross River","ts_exp_PEP",3487.925,4039.5,4715,8,"status quo"
"Cross River","ts_exp_PEP",3467.975,4053,4700.175,9,"status quo"
"Cross River","ts_exp_PEP",3488.9,4042.5,4710.025,10,"status quo"
"Cross River","ts_vaccine_vials",6952,8031,9324.2,1,"status quo"
"Cross River","ts_vaccine_vials",6981.75,8116,9504.5,2,"status quo"
"Cross River","ts_vaccine_vials",7017.9,8097,9382.05,3,"status quo"
"Cross River","ts_vaccine_vials",6965.8,8063,9370.3,4,"status quo"
"Cross River","ts_vaccine_vials",6979.85,8067,9444,5,"status quo"
"Cross River","ts_vaccine_vials",6936,8090,9456.3,6,"status quo"
"Cross River","ts_vaccine_vials",6961.8,8086,9466.1,7,"status quo"
"Cross River","ts_vaccine_vials",6975.85,8079,9430,8,"status quo"
"Cross River","ts_vaccine_vials",6935.95,8106,9400.35,9,"status quo"
"Cross River","ts_vaccine_vials",6977.8,8085,9420.05,10,"status quo"
"Cross River","ts_rabid_dogs",13424.8934375,15404.75625,17847.6084375,1,"status quo"
"Cross River","ts_rabid_dogs",13513.0096875,15484.73125,18025.7478125,2,"status quo"
"Cross River","ts_rabid_dogs",13516.495625,15503.2,18032.115625,3,"status quo"
"Cross River","ts_rabid_dogs",13486.761875,15492.90625,17927.025625,4,"status quo"
"Cross River","ts_rabid_dogs",13504.4246875,15492.38125,17976.1384375,5,"status quo"
"Cross River","ts_rabid_dogs",13493.1640625,15475.38125,18004.746875,6,"status quo"
"Cross River","ts_rabid_dogs",13481.1478125,15502.53125,17972.0740625,7,"status quo"
"Cross River","ts_rabid_dogs",13480.365,15498.08125,17977.7928125,8,"status quo"
"Cross River","ts_rabid_dogs",13425.4803125,15512.28125,17945.649375,9,"status quo"
"Cross River","ts_rabid_dogs",13465.451875,15492.39375,18026.6378125,10,"status quo"
"Delta","ts_deaths",210,258,316,1,"status quo"
"Delta","ts_deaths",212,259.5,320,2,"status quo"
"Delta","ts_deaths",211,260,316.025,3,"status quo"
"Delta","ts_deaths",210,259,313.025,4,"status quo"
"Delta","ts_deaths",214.975,258,316,5,"status quo"
"Delta","ts_deaths",211,260,318,6,"status quo"
"Delta","ts_deaths",210,260,320.025,7,"status quo"
"Delta","ts_deaths",212,260,316.025,8,"status quo"
"Delta","ts_deaths",212,262,315.025,9,"status quo"
"Delta","ts_deaths",210,259,315,10,"status quo"
"Delta","ts_exposures",7179.825,8256.5,9625.25,1,"status quo"
"Delta","ts_exposures",7222.9,8332,9677.125,2,"status quo"
"Delta","ts_exposures",7199.775,8348.5,9685.1,3,"status quo"
"Delta","ts_exposures",7219.8,8320,9716.1,4,"status quo"
"Delta","ts_exposures",7198.925,8342,9738.275,5,"status quo"
"Delta","ts_exposures",7222.85,8325.5,9735.1,6,"status quo"
"Delta","ts_exposures",7189.8,8334,9730.025,7,"status quo"
"Delta","ts_exposures",7211.95,8332,9652.45,8,"status quo"
"Delta","ts_exposures",7172.775,8326,9723.025,9,"status quo"
"Delta","ts_exposures",7214,8320.5,9648.025,10,"status quo"
"Delta","ts_exp_PEP",5855,6743,7851.05,1,"status quo"
"Delta","ts_exp_PEP",5893.9,6799,7917.175,2,"status quo"
"Delta","ts_exp_PEP",5856.975,6819,7909.25,3,"status quo"
"Delta","ts_exp_PEP",5880,6801.5,7954.325,4,"status quo"
"Delta","ts_exp_PEP",5867,6815.5,7952.375,5,"status quo"
"Delta","ts_exp_PEP",5893.775,6795,7943.2,6,"status quo"
"Delta","ts_exp_PEP",5869.85,6813,7946.125,7,"status quo"
"Delta","ts_exp_PEP",5886.925,6807.5,7909.175,8,"status quo"
"Delta","ts_exp_PEP",5862.425,6791,7957.325,9,"status quo"
"Delta","ts_exp_PEP",5890.975,6799.5,7900.025,10,"status quo"
"Delta","ts_vaccine_vials",11710,13486,15702.1,1,"status quo"
"Delta","ts_vaccine_vials",11787.8,13598,15834.35,2,"status quo"
"Delta","ts_vaccine_vials",11713.95,13638,15818.5,3,"status quo"
"Delta","ts_vaccine_vials",11760,13603,15908.65,4,"status quo"
"Delta","ts_vaccine_vials",11734,13631,15904.75,5,"status quo"
"Delta","ts_vaccine_vials",11787.55,13590,15886.4,6,"status quo"
"Delta","ts_vaccine_vials",11739.7,13626,15892.25,7,"status quo"
"Delta","ts_vaccine_vials",11773.85,13615,15818.35,8,"status quo"
"Delta","ts_vaccine_vials",11724.85,13582,15914.65,9,"status quo"
"Delta","ts_vaccine_vials",11781.95,13599,15800.05,10,"status quo"
"Delta","ts_rabid_dogs",18972.875625,21766.525,25315.665,1,"status quo"
"Delta","ts_rabid_dogs",19147.354375,21987.6375,25439.9659375,2,"status quo"
"Delta","ts_rabid_dogs",19102.181875,21984.31875,25469.52125,3,"status quo"
"Delta","ts_rabid_dogs",19093.209375,22022.25625,25608.8175,4,"status quo"
"Delta","ts_rabid_dogs",19083.6134375,22047.95625,25559.3353125,5,"status quo"
"Delta","ts_rabid_dogs",19085.1790625,21966.0375,25516.0128124999,6,"status quo"
"Delta","ts_rabid_dogs",19078.1225,21991.80625,25582.271875,7,"status quo"
"Delta","ts_rabid_dogs",19108.843125,22004.31875,25500.299375,8,"status quo"
"Delta","ts_rabid_dogs",19047.498125,21940.3,25501.545,9,"status quo"
"Delta","ts_rabid_dogs",19132.10625,21963.6625,25518.2784374999,10,"status quo"
"Ebonyi","ts_deaths",296,356,430,1,"status quo"
"Ebonyi","ts_deaths",296,361,435,2,"status quo"
"Ebonyi","ts_deaths",298,359,433.025,3,"status quo"
"Ebonyi","ts_deaths",297,359,434.025,4,"status quo"
"Ebonyi","ts_deaths",297,359,437.025,5,"status quo"
"Ebonyi","ts_deaths",297,358,436,6,"status quo"
"Ebonyi","ts_deaths",300.975,358.5,432.075,7,"status quo"
"Ebonyi","ts_deaths",298,362,435,8,"status quo"
"Ebonyi","ts_deaths",292.975,359,436,9,"status quo"
"Ebonyi","ts_deaths",297,361,431.025,10,"status quo"
"Ebonyi","ts_exposures",3765.9,4369,5114.1,1,"status quo"
"Ebonyi","ts_exposures",3779.95,4406,5158.25,2,"status quo"
"Ebonyi","ts_exposures",3810.75,4406,5179.35,3,"status quo"
"Ebonyi","ts_exposures",3765.925,4400.5,5154.175,4,"status quo"
"Ebonyi","ts_exposures",3801.875,4401.5,5143.025,5,"status quo"
"Ebonyi","ts_exposures",3815.775,4385.5,5169.1,6,"status quo"
"Ebonyi","ts_exposures",3789,4411,5149.175,7,"status quo"
"Ebonyi","ts_exposures",3797.925,4397.5,5138.2,8,"status quo"
"Ebonyi","ts_exposures",3803.875,4389.5,5123.25,9,"status quo"
"Ebonyi","ts_exposures",3784,4400.5,5114.1,10,"status quo"
"Ebonyi","ts_exp_PEP",1937.975,2264,2654,1,"status quo"
"Ebonyi","ts_exp_PEP",1965,2285,2675.025,2,"status quo"
"Ebonyi","ts_exp_PEP",1962.975,2292,2695.1,3,"status quo"
"Ebonyi","ts_exp_PEP",1951.925,2281.5,2690.075,4,"status quo"
"Ebonyi","ts_exp_PEP",1959.95,2280,2671.075,5,"status quo"
"Ebonyi","ts_exp_PEP",1965.975,2276.5,2682.075,6,"status quo"
"Ebonyi","ts_exp_PEP",1958.9,2284.5,2681.05,7,"status quo"
"Ebonyi","ts_exp_PEP",1967,2282,2663.025,8,"status quo"
"Ebonyi","ts_exp_PEP",1966,2279,2670.05,9,"status quo"
"Ebonyi","ts_exp_PEP",1956,2280,2673.025,10,"status quo"
"Ebonyi","ts_vaccine_vials",3875.95,4528,5308,1,"status quo"
"Ebonyi","ts_vaccine_vials",3930,4570,5350.05,2,"status quo"
"Ebonyi","ts_vaccine_vials",3925.95,4584,5390.2,3,"status quo"
"Ebonyi","ts_vaccine_vials",3903.85,4563,5380.15,4,"status quo"
"Ebonyi","ts_vaccine_vials",3919.9,4560,5342.15,5,"status quo"
"Ebonyi","ts_vaccine_vials",3931.95,4553,5364.15,6,"status quo"
"Ebonyi","ts_vaccine_vials",3917.8,4569,5362.1,7,"status quo"
"Ebonyi","ts_vaccine_vials",3934,4564,5326.05,8,"status quo"
"Ebonyi","ts_vaccine_vials",3932,4558,5340.1,9,"status quo"
"Ebonyi","ts_vaccine_vials",3912,4560,5346.05,10,"status quo"
"Ebonyi","ts_rabid_dogs",10052.055,11531.23125,13379.2721875,1,"status quo"
"Ebonyi","ts_rabid_dogs",10098.16625,11621.975,13529.131875,2,"status quo"
"Ebonyi","ts_rabid_dogs",10164.5796875,11626.45625,13510.4084375,3,"status quo"
"Ebonyi","ts_rabid_dogs",10084.7571875,11622.70625,13556.1971875,4,"status quo"
"Ebonyi","ts_rabid_dogs",10086.8553125,11611.51875,13515.155625,5,"status quo"
"Ebonyi","ts_rabid_dogs",10057.95,11579.54375,13517.5146875,6,"status quo"
"Ebonyi","ts_rabid_dogs",10102.000625,11598.78125,13521.120625,7,"status quo"
"Ebonyi","ts_rabid_dogs",10111.3553125,11592.7625,13537.978125,8,"status quo"
"Ebonyi","ts_rabid_dogs",10121.270625,11622.01875,13444.2115625,9,"status quo"
"Ebonyi","ts_rabid_dogs",10119.645625,11630.89375,13519.7615625,10,"status quo"
"Edo","ts_deaths",85,106,128,1,"status quo"
"Edo","ts_deaths",87,107,131,2,"status quo"
"Edo","ts_deaths",86,106,130,3,"status quo"
"Edo","ts_deaths",85,106,129,4,"status quo"
"Edo","ts_deaths",85,107,129,5,"status quo"
"Edo","ts_deaths",85.975,107,129.025,6,"status quo"
"Edo","ts_deaths",86,107,129,7,"status quo"
"Edo","ts_deaths",83.975,106,130,8,"status quo"
"Edo","ts_deaths",86,107,130,9,"status quo"
"Edo","ts_deaths",87,107,130,10,"status quo"
"Edo","ts_exposures",2723.95,3000,3299.05,1,"status quo"
"Edo","ts_exposures",2768.95,3031,3329,2,"status quo"
"Edo","ts_exposures",2755.975,3030.5,3331.025,3,"status quo"
"Edo","ts_exposures",2788.975,3029,3327.125,4,"status quo"
"Edo","ts_exposures",2755.975,3029,3343.025,5,"status quo"
"Edo","ts_exposures",2748.975,3029,3323,6,"status quo"
"Edo","ts_exposures",2761.975,3029,3322.05,7,"status quo"
"Edo","ts_exposures",2767.925,3024,3314.05,8,"status quo"
"Edo","ts_exposures",2762.95,3031,3324.025,9,"status quo"
"Edo","ts_exposures",2751.975,3026.5,3338,10,"status quo"
"Edo","ts_exp_PEP",2153.975,2380,2616.025,1,"status quo"
"Edo","ts_exp_PEP",2182.975,2405,2641.025,2,"status quo"
"Edo","ts_exp_PEP",2182.925,2402.5,2651.125,3,"status quo"
"Edo","ts_exp_PEP",2207.95,2398,2651.05,4,"status quo"
"Edo","ts_exp_PEP",2172.925,2402.5,2651.025,5,"status quo"
"Edo","ts_exp_PEP",2181.975,2398,2635.025,6,"status quo"
"Edo","ts_exp_PEP",2190.95,2401,2633.05,7,"status quo"
"Edo","ts_exp_PEP",2193.975,2402,2635.05,8,"status quo"
"Edo","ts_exp_PEP",2186,2397,2641.05,9,"status quo"
"Edo","ts_exp_PEP",2186.975,2397,2642.1,10,"status quo"
"Edo","ts_vaccine_vials",4307.95,4760,5232.05,1,"status quo"
"Edo","ts_vaccine_vials",4365.95,4810,5282.05,2,"status quo"
"Edo","ts_vaccine_vials",4365.85,4805,5302.25,3,"status quo"
"Edo","ts_vaccine_vials",4415.9,4796,5302.1,4,"status quo"
"Edo","ts_vaccine_vials",4345.85,4805,5302.05,5,"status quo"
"Edo","ts_vaccine_vials",4363.95,4796,5270.05,6,"status quo"
"Edo","ts_vaccine_vials",4381.9,4802,5266.1,7,"status quo"
"Edo","ts_vaccine_vials",4387.95,4804,5270.1,8,"status quo"
"Edo","ts_vaccine_vials",4372,4794,5282.1,9,"status quo"
"Edo","ts_vaccine_vials",4373.95,4794,5284.2,10,"status quo"
"Edo","ts_rabid_dogs",7330.34375000001,7944.45625000001,8644.3753125,1,"status quo"
"Edo","ts_rabid_dogs",7427.415,8024.7625,8691.55218749999,2,"status quo"
"Edo","ts_rabid_dogs",7384.70312499999,8012.7875,8694.04093750001,3,"status quo"
"Edo","ts_rabid_dogs",7399.906875,8026.9625,8680.29875000002,4,"status quo"
"Edo","ts_rabid_dogs",7398.40968749999,8012.19375000002,8695.88062499998,5,"status quo"
"Edo","ts_rabid_dogs",7405.04656250001,8013.99375000002,8670.51531250001,6,"status quo"
"Edo","ts_rabid_dogs",7424.54624999999,8016.9625,8672.52374999999,7,"status quo"
"Edo","ts_rabid_dogs",7440.19499999999,8001.475,8665.640625,8,"status quo"
"Edo","ts_rabid_dogs",7419.4559375,8007.78749999999,8675.71281250001,9,"status quo"
"Edo","ts_rabid_dogs",7407.80531249999,8001.5625,8691.79250000001,10,"status quo"
"Ekiti","ts_deaths",115,140,170,1,"status quo"
"Ekiti","ts_deaths",115,141,172,2,"status quo"
"Ekiti","ts_deaths",116,143,173,3,"status quo"
"Ekiti","ts_deaths",115.975,142,171.025,4,"status quo"
"Ekiti","ts_deaths",114,141.5,171,5,"status quo"
"Ekiti","ts_deaths",117,141,169.025,6,"status quo"
"Ekiti","ts_deaths",114.975,141,171,7,"status quo"
"Ekiti","ts_deaths",116,142,173.025,8,"status quo"
"Ekiti","ts_deaths",113,142,168.025,9,"status quo"
"Ekiti","ts_deaths",115,142,172,10,"status quo"
"Ekiti","ts_exposures",2729.975,3052,3424,1,"status quo"
"Ekiti","ts_exposures",2732.9,3078,3452.025,2,"status quo"
"Ekiti","ts_exposures",2754.9,3083,3421.025,3,"status quo"
"Ekiti","ts_exposures",2743,3073,3445,4,"status quo"
"Ekiti","ts_exposures",2747.95,3076,3469.125,5,"status quo"
"Ekiti","ts_exposures",2750.95,3071,3420.05,6,"status quo"
"Ekiti","ts_exposures",2748.975,3070,3451.025,7,"status quo"
"Ekiti","ts_exposures",2754.975,3084.5,3427.075,8,"status quo"
"Ekiti","ts_exposures",2743.95,3065.5,3440.175,9,"status quo"
"Ekiti","ts_exposures",2742.875,3076,3449,10,"status quo"
"Ekiti","ts_exp_PEP",1985.875,2221,2493.025,1,"status quo"
"Ekiti","ts_exp_PEP",1991,2243,2511.15,2,"status quo"
"Ekiti","ts_exp_PEP",2000.975,2246,2502.1,3,"status quo"
"Ekiti","ts_exp_PEP",1991.95,2239.5,2515.05,4,"status quo"
"Ekiti","ts_exp_PEP",2004.975,2243.5,2524.075,5,"status quo"
"Ekiti","ts_exp_PEP",2001,2232.5,2493,6,"status quo"
"Ekiti","ts_exp_PEP",1988.95,2235,2520.125,7,"status quo"
"Ekiti","ts_exp_PEP",2003.975,2245.5,2508.025,8,"status quo"
"Ekiti","ts_exp_PEP",1992.975,2236,2509,9,"status quo"
"Ekiti","ts_exp_PEP",1991,2234,2526.025,10,"status quo"
"Ekiti","ts_vaccine_vials",3971.75,4442,4986.05,1,"status quo"
"Ekiti","ts_vaccine_vials",3982,4486,5022.3,2,"status quo"
"Ekiti","ts_vaccine_vials",4001.95,4492,5004.2,3,"status quo"
"Ekiti","ts_vaccine_vials",3983.9,4479,5030.1,4,"status quo"
"Ekiti","ts_vaccine_vials",4009.95,4487,5048.15,5,"status quo"
"Ekiti","ts_vaccine_vials",4002,4465,4986,6,"status quo"
"Ekiti","ts_vaccine_vials",3977.9,4470,5040.25,7,"status quo"
"Ekiti","ts_vaccine_vials",4007.95,4491,5016.05,8,"status quo"
"Ekiti","ts_vaccine_vials",3985.95,4472,5018,9,"status quo"
"Ekiti","ts_vaccine_vials",3982,4468,5052.05,10,"status quo"
"Ekiti","ts_rabid_dogs",7327.35968750001,8040.15625000001,8923.18687499999,1,"status quo"
"Ekiti","ts_rabid_dogs",7358.14374999999,8116.875,8996.73749999999,2,"status quo"
"Ekiti","ts_rabid_dogs",7374.72312499999,8130.33749999999,8990.53562500001,3,"status quo"
"Ekiti","ts_rabid_dogs",7368.02968750002,8136.63750000001,8983.43406250002,4,"status quo"
"Ekiti","ts_rabid_dogs",7344.71874999999,8131.67499999999,9024.52343750001,5,"status quo"
"Ekiti","ts_rabid_dogs",7335.64843750001,8127.54375,8990.95343749998,6,"status quo"
"Ekiti","ts_rabid_dogs",7374.449375,8108.0875,9006.86437500002,7,"status quo"
"Ekiti","ts_rabid_dogs",7396.36781250001,8116.68125,8990.77843750001,8,"status quo"
"Ekiti","ts_rabid_dogs",7380.5425,8107.33125,8998.65343750002,9,"status quo"
"Ekiti","ts_rabid_dogs",7332.30000000001,8115.34999999999,9013.96968749999,10,"status quo"
"Enugu","ts_deaths",377.975,453,545.025,1,"status quo"
"Enugu","ts_deaths",381,460,550.025,2,"status quo"
"Enugu","ts_deaths",385,457,551.025,3,"status quo"
"Enugu","ts_deaths",381.975,459,544.025,4,"status quo"
"Enugu","ts_deaths",382,458,551,5,"status quo"
"Enugu","ts_deaths",379.975,457,550.025,6,"status quo"
"Enugu","ts_deaths",382,457,552.05,7,"status quo"
"Enugu","ts_deaths",384,456,547.025,8,"status quo"
"Enugu","ts_deaths",381.975,456,556,9,"status quo"
"Enugu","ts_deaths",380,457,550,10,"status quo"
"Enugu","ts_exposures",5682.875,6565.5,7718.15,1,"status quo"
"Enugu","ts_exposures",5746,6646,7790.075,2,"status quo"
"Enugu","ts_exposures",5750.9,6616.5,7764.175,3,"status quo"
"Enugu","ts_exposures",5732.825,6633,7797,4,"status quo"
"Enugu","ts_exposures",5728.725,6643,7791.075,5,"status quo"
"Enugu","ts_exposures",5744.825,6609,7775.075,6,"status quo"
"Enugu","ts_exposures",5737,6606,7808.175,7,"status quo"
"Enugu","ts_exposures",5736.975,6626.5,7772.1,8,"status quo"
"Enugu","ts_exposures",5712.675,6597.5,7780.025,9,"status quo"
"Enugu","ts_exposures",5745.85,6603,7760.1,10,"status quo"
"Enugu","ts_exp_PEP",3361.875,3897.5,4594.025,1,"status quo"
"Enugu","ts_exp_PEP",3397,3944,4611.05,2,"status quo"
"Enugu","ts_exp_PEP",3416.975,3925,4622.125,3,"status quo"
"Enugu","ts_exp_PEP",3394.85,3939,4633,4,"status quo"
"Enugu","ts_exp_PEP",3387.975,3945,4621.075,5,"status quo"
"Enugu","ts_exp_PEP",3407.875,3926.5,4627.075,6,"status quo"
"Enugu","ts_exp_PEP",3404.85,3931,4634.05,7,"status quo"
"Enugu","ts_exp_PEP",3400.675,3932.5,4618,8,"status quo"
"Enugu","ts_exp_PEP",3396.85,3914,4632.025,9,"status quo"
"Enugu","ts_exp_PEP",3398.95,3930.5,4618.3,10,"status quo"
"Enugu","ts_vaccine_vials",6723.75,7795,9188.05,1,"status quo"
"Enugu","ts_vaccine_vials",6794,7888,9222.1,2,"status quo"
"Enugu","ts_vaccine_vials",6833.95,7850,9244.25,3,"status quo"
"Enugu","ts_vaccine_vials",6789.7,7878,9266,4,"status quo"
"Enugu","ts_vaccine_vials",6775.95,7890,9242.15,5,"status quo"
"Enugu","ts_vaccine_vials",6815.75,7853,9254.15,6,"status quo"
"Enugu","ts_vaccine_vials",6809.7,7862,9268.1,7,"status quo"
"Enugu","ts_vaccine_vials",6801.35,7865,9236,8,"status quo"
"Enugu","ts_vaccine_vials",6793.7,7828,9264.05,9,"status quo"
"Enugu","ts_vaccine_vials",6797.9,7861,9236.6,10,"status quo"
"Enugu","ts_rabid_dogs",15074.4221875,17292.8,20303.575625,1,"status quo"
"Enugu","ts_rabid_dogs",15287.1321875,17488.75,20410.1421875,2,"status quo"
"Enugu","ts_rabid_dogs",15264.050625,17445.6125,20441.23125,3,"status quo"
"Enugu","ts_rabid_dogs",15218.88625,17468.5125,20412.34,4,"status quo"
"Enugu","ts_rabid_dogs",15261.57,17519.15625,20438.0328125,5,"status quo"
"Enugu","ts_rabid_dogs",15190.3009375,17458.69375,20382.180625,6,"status quo"
"Enugu","ts_rabid_dogs",15198.610625,17400.8625,20446.54375,7,"status quo"
"Enugu","ts_rabid_dogs",15239.0371875,17476.2,20341.5775,8,"status quo"
"Enugu","ts_rabid_dogs",15146.9384375,17424.79375,20441.000625,9,"status quo"
"Enugu","ts_rabid_dogs",15204.7240625,17451.83125,20448.969375,10,"status quo"
"Gombe","ts_deaths",35,49,64,1,"status quo"
"Gombe","ts_deaths",36,49,66,2,"status quo"
"Gombe","ts_deaths",37,50,65,3,"status quo"
"Gombe","ts_deaths",36,50,66,4,"status quo"
"Gombe","ts_deaths",37,50,65,5,"status quo"
"Gombe","ts_deaths",36,50,65,6,"status quo"
"Gombe","ts_deaths",36,50,64,7,"status quo"
"Gombe","ts_deaths",36,49,65,8,"status quo"
"Gombe","ts_deaths",36,50,66,9,"status quo"
"Gombe","ts_deaths",36,50,65.025,10,"status quo"
"Gombe","ts_exposures",620,689,760,1,"status quo"
"Gombe","ts_exposures",627,697,772,2,"status quo"
"Gombe","ts_exposures",623.975,698,767.025,3,"status quo"
"Gombe","ts_exposures",630,697,778,4,"status quo"
"Gombe","ts_exposures",631.9,700,778.025,5,"status quo"
"Gombe","ts_exposures",630.975,702,773,6,"status quo"
"Gombe","ts_exposures",629,698,767,7,"status quo"
"Gombe","ts_exposures",627.975,698,771.025,8,"status quo"
"Gombe","ts_exposures",623,700,770,9,"status quo"
"Gombe","ts_exposures",625.95,697,772,10,"status quo"
"Gombe","ts_exp_PEP",353,398,448.05,1,"status quo"
"Gombe","ts_exp_PEP",355,404,457,2,"status quo"
"Gombe","ts_exp_PEP",357,404,454,3,"status quo"
"Gombe","ts_exp_PEP",357.975,403,457,4,"status quo"
"Gombe","ts_exp_PEP",358,403,457,5,"status quo"
"Gombe","ts_exp_PEP",358,405,452,6,"status quo"
"Gombe","ts_exp_PEP",357.95,404,452,7,"status quo"
"Gombe","ts_exp_PEP",356.975,404,454.025,8,"status quo"
"Gombe","ts_exp_PEP",357,404,451.025,9,"status quo"
"Gombe","ts_exp_PEP",353.975,403,453.025,10,"status quo"
"Gombe","ts_vaccine_vials",706,796,896.1,1,"status quo"
"Gombe","ts_vaccine_vials",710,808,914,2,"status quo"
"Gombe","ts_vaccine_vials",714,808,908,3,"status quo"
"Gombe","ts_vaccine_vials",715.95,806,914,4,"status quo"
"Gombe","ts_vaccine_vials",716,806,914,5,"status quo"
"Gombe","ts_vaccine_vials",716,810,904,6,"status quo"
"Gombe","ts_vaccine_vials",715.9,808,904,7,"status quo"
"Gombe","ts_vaccine_vials",713.95,808,908.05,8,"status quo"
"Gombe","ts_vaccine_vials",714,808,902.05,9,"status quo"
"Gombe","ts_vaccine_vials",707.95,806,906.05,10,"status quo"
"Gombe","ts_rabid_dogs",1747.4875,1852.9125,1944.8128125,1,"status quo"
"Gombe","ts_rabid_dogs",1788.4503125,1882.11875,1959.3125,2,"status quo"
"Gombe","ts_rabid_dogs",1784.31375,1886.8625,1966.3375,3,"status quo"
"Gombe","ts_rabid_dogs",1787.8640625,1885.61875,1963.2996875,4,"status quo"
"Gombe","ts_rabid_dogs",1793.4,1882.39375,1964.275625,5,"status quo"
"Gombe","ts_rabid_dogs",1792.4371875,1883.86875,1966.8125,6,"status quo"
"Gombe","ts_rabid_dogs",1786.3878125,1883.39375,1963.77625,7,"status quo"
"Gombe","ts_rabid_dogs",1784.936875,1884.11875,1965.2625,8,"status quo"
"Gombe","ts_rabid_dogs",1782.3884375,1881.875,1965.7878125,9,"status quo"
"Gombe","ts_rabid_dogs",1783.998125,1881.89375,1964.274375,10,"status quo"
"Imo","ts_deaths",394,439,488.025,1,"status quo"
"Imo","ts_deaths",396,441,491.025,2,"status quo"
"Imo","ts_deaths",394.975,441,483.025,3,"status quo"
"Imo","ts_deaths",399,443,490,4,"status quo"
"Imo","ts_deaths",396,442,487,5,"status quo"
"Imo","ts_deaths",397.975,442,482.025,6,"status quo"
"Imo","ts_deaths",398,441,483,7,"status quo"
"Imo","ts_deaths",395,442,487,8,"status quo"
"Imo","ts_deaths",398,441.5,490.025,9,"status quo"
"Imo","ts_deaths",396.975,441,486.025,10,"status quo"
"Imo","ts_exposures",8748.875,9212.5,9665.2,1,"status quo"
"Imo","ts_exposures",8807,9273.5,9693,2,"status quo"
"Imo","ts_exposures",8841.975,9270.5,9668,3,"status quo"
"Imo","ts_exposures",8810.675,9269,9715.2,4,"status quo"
"Imo","ts_exposures",8813.925,9278,9700.05,5,"status quo"
"Imo","ts_exposures",8836.875,9265.5,9659.025,6,"status quo"
"Imo","ts_exposures",8755.875,9259.5,9673.025,7,"status quo"
"Imo","ts_exposures",8787.875,9272,9653.075,8,"status quo"
"Imo","ts_exposures",8805.8,9268,9656.25,9,"status quo"
"Imo","ts_exposures",8807.575,9270,9706.15,10,"status quo"
"Imo","ts_exp_PEP",6294.975,6625.5,6953,1,"status quo"
"Imo","ts_exp_PEP",6340.925,6666,6984.075,2,"status quo"
"Imo","ts_exp_PEP",6358.85,6670,6976.025,3,"status quo"
"Imo","ts_exp_PEP",6319.925,6676,6995.125,4,"status quo"
"Imo","ts_exp_PEP",6333.975,6673,6991.1,5,"status quo"
"Imo","ts_exp_PEP",6352.95,6668.5,6976.05,6,"status quo"
"Imo","ts_exp_PEP",6291.875,6665,6969.175,7,"status quo"
"Imo","ts_exp_PEP",6313,6670.5,6961.025,8,"status quo"
"Imo","ts_exp_PEP",6326.85,6661,6953.05,9,"status quo"
"Imo","ts_exp_PEP",6329.875,6674,6988.275,10,"status quo"
"Imo","ts_vaccine_vials",12589.95,13251,13906,1,"status quo"
"Imo","ts_vaccine_vials",12681.85,13332,13968.15,2,"status quo"
"Imo","ts_vaccine_vials",12717.7,13340,13952.05,3,"status quo"
"Imo","ts_vaccine_vials",12639.85,13352,13990.25,4,"status quo"
"Imo","ts_vaccine_vials",12667.95,13346,13982.2,5,"status quo"
"Imo","ts_vaccine_vials",12705.9,13337,13952.1,6,"status quo"
"Imo","ts_vaccine_vials",12583.75,13330,13938.35,7,"status quo"
"Imo","ts_vaccine_vials",12626,13341,13922.05,8,"status quo"
"Imo","ts_vaccine_vials",12653.7,13322,13906.1,9,"status quo"
"Imo","ts_vaccine_vials",12659.75,13348,13976.55,10,"status quo"
"Imo","ts_rabid_dogs",23260.0671875,24296.91875,25207.318125,1,"status quo"
"Imo","ts_rabid_dogs",23412.638125,24499.31875,25402.34625,2,"status quo"
"Imo","ts_rabid_dogs",23509.2953125,24481.56875,25367.24125,3,"status quo"
"Imo","ts_rabid_dogs",23411.0915625,24490.575,25400.8084375,4,"status quo"
"Imo","ts_rabid_dogs",23421.27125,24471.24375,25384.7253125,5,"status quo"
"Imo","ts_rabid_dogs",23394.8796875,24472.2375,25383.420625,6,"status quo"
"Imo","ts_rabid_dogs",23193.8996875,24460.3,25328.999375,7,"status quo"
"Imo","ts_rabid_dogs",23367.8165625,24480.6625,25353.441875,8,"status quo"
"Imo","ts_rabid_dogs",23375.87125,24449.24375,25366.433125,9,"status quo"
"Imo","ts_rabid_dogs",23354.936875,24446.64375,25356.52625,10,"status quo"
"Jigawa","ts_deaths",73,92,113,1,"status quo"
"Jigawa","ts_deaths",73,92,114,2,"status quo"
"Jigawa","ts_deaths",74,93,112,3,"status quo"
"Jigawa","ts_deaths",75,93,114,4,"status quo"
"Jigawa","ts_deaths",73.975,92,113,5,"status quo"
"Jigawa","ts_deaths",72,92,113,6,"status quo"
"Jigawa","ts_deaths",74,93,114.025,7,"status quo"
"Jigawa","ts_deaths",74.975,93,115,8,"status quo"
"Jigawa","ts_deaths",74,92,113,9,"status quo"
"Jigawa","ts_deaths",74,93,111,10,"status quo"
"Jigawa","ts_exposures",984.975,1079,1176,1,"status quo"
"Jigawa","ts_exposures",999,1089,1184,2,"status quo"
"Jigawa","ts_exposures",1004.975,1094,1187,3,"status quo"
"Jigawa","ts_exposures",992.875,1095,1185,4,"status quo"
"Jigawa","ts_exposures",995.975,1091,1193.025,5,"status quo"
"Jigawa","ts_exposures",998,1090.5,1196.025,6,"status quo"
"Jigawa","ts_exposures",994.975,1091.5,1192.025,7,"status quo"
"Jigawa","ts_exposures",1001.975,1093,1195,8,"status quo"
"Jigawa","ts_exposures",997,1091,1193.025,9,"status quo"
"Jigawa","ts_exposures",996.975,1094,1189.025,10,"status quo"
"Jigawa","ts_exp_PEP",480.975,539,599,1,"status quo"
"Jigawa","ts_exp_PEP",489,544,603.025,2,"status quo"
"Jigawa","ts_exp_PEP",493,546,600.025,3,"status quo"
"Jigawa","ts_exp_PEP",484.975,547,607,4,"status quo"
"Jigawa","ts_exp_PEP",488,547,606,5,"status quo"
"Jigawa","ts_exp_PEP",493.975,545,607,6,"status quo"
"Jigawa","ts_exp_PEP",487.975,546.5,604.025,7,"status quo"
"Jigawa","ts_exp_PEP",490,546,608,8,"status quo"
"Jigawa","ts_exp_PEP",491,545,607,9,"status quo"
"Jigawa","ts_exp_PEP",492.975,546,606,10,"status quo"
"Jigawa","ts_vaccine_vials",961.95,1078,1198,1,"status quo"
"Jigawa","ts_vaccine_vials",978,1088,1206.05,2,"status quo"
"Jigawa","ts_vaccine_vials",986,1092,1200.05,3,"status quo"
"Jigawa","ts_vaccine_vials",969.95,1094,1214,4,"status quo"
"Jigawa","ts_vaccine_vials",976,1094,1212,5,"status quo"
"Jigawa","ts_vaccine_vials",987.95,1090,1214,6,"status quo"
"Jigawa","ts_vaccine_vials",975.95,1093,1208.05,7,"status quo"
"Jigawa","ts_vaccine_vials",980,1092,1216,8,"status quo"
"Jigawa","ts_vaccine_vials",982,1090,1214,9,"status quo"
"Jigawa","ts_vaccine_vials",985.95,1092,1212,10,"status quo"
"Jigawa","ts_rabid_dogs",2701.78875,2873.5,3024.68875,1,"status quo"
"Jigawa","ts_rabid_dogs",2760.645625,2910.9625,3046.3215625,2,"status quo"
"Jigawa","ts_rabid_dogs",2764.16625,2914.44375,3049.3365625,3,"status quo"
"Jigawa","ts_rabid_dogs",2757.856875,2917.55625,3063.51312500001,4,"status quo"
"Jigawa","ts_rabid_dogs",2759.69125,2918.04375,3052.0534375,5,"status quo"
"Jigawa","ts_rabid_dogs",2764.1603125,2912.63125,3059.29343749999,6,"status quo"
"Jigawa","ts_rabid_dogs",2761.8834375,2912.35625,3049.6203125,7,"status quo"
"Jigawa","ts_rabid_dogs",2769.89125,2912.33125,3052.8140625,8,"status quo"
"Jigawa","ts_rabid_dogs",2759.4840625,2912.3,3055.7553125,9,"status quo"
"Jigawa","ts_rabid_dogs",2760.6384375,2912.875,3041.3646875,10,"status quo"
"Kaduna","ts_deaths",121.975,145,170,1,"status quo"
"Kaduna","ts_deaths",122.975,147,171,2,"status quo"
"Kaduna","ts_deaths",122.975,147,174,3,"status quo"
"Kaduna","ts_deaths",123,146,172,4,"status quo"
"Kaduna","ts_deaths",121.975,146,172.025,5,"status quo"
"Kaduna","ts_deaths",122,147,173,6,"status quo"
"Kaduna","ts_deaths",121.975,146,172,7,"status quo"
"Kaduna","ts_deaths",121,146,172,8,"status quo"
"Kaduna","ts_deaths",122,146,171,9,"status quo"
"Kaduna","ts_deaths",120,147,172,10,"status quo"
"Kaduna","ts_exposures",2322,2485,2653.025,1,"status quo"
"Kaduna","ts_exposures",2352.975,2508,2678.1,2,"status quo"
"Kaduna","ts_exposures",2351.9,2518,2678.025,3,"status quo"
"Kaduna","ts_exposures",2353,2513,2665.1,4,"status quo"
"Kaduna","ts_exposures",2351.95,2515,2678.025,5,"status quo"
"Kaduna","ts_exposures",2350.925,2517,2674,6,"status quo"
"Kaduna","ts_exposures",2357.975,2511,2654.025,7,"status quo"
"Kaduna","ts_exposures",2340.95,2505.5,2670.05,8,"status quo"
"Kaduna","ts_exposures",2345.95,2506,2671.05,9,"status quo"
"Kaduna","ts_exposures",2350.925,2506,2666,10,"status quo"
"Kaduna","ts_exp_PEP",1518.975,1632,1754.025,1,"status quo"
"Kaduna","ts_exp_PEP",1536.975,1649,1768.025,2,"status quo"
"Kaduna","ts_exp_PEP",1533,1651,1769,3,"status quo"
"Kaduna","ts_exp_PEP",1533,1647.5,1762.025,4,"status quo"
"Kaduna","ts_exp_PEP",1537,1651,1776.025,5,"status quo"
"Kaduna","ts_exp_PEP",1536.975,1654,1771,6,"status quo"
"Kaduna","ts_exp_PEP",1539.975,1649.5,1755.025,7,"status quo"
"Kaduna","ts_exp_PEP",1526.925,1645,1761,8,"status quo"
"Kaduna","ts_exp_PEP",1534.925,1649,1762.05,9,"status quo"
"Kaduna","ts_exp_PEP",1532,1644,1771.025,10,"status quo"
"Kaduna","ts_vaccine_vials",3037.95,3264,3508.05,1,"status quo"
"Kaduna","ts_vaccine_vials",3073.95,3298,3536.05,2,"status quo"
"Kaduna","ts_vaccine_vials",3066,3302,3538,3,"status quo"
"Kaduna","ts_vaccine_vials",3066,3295,3524.05,4,"status quo"
"Kaduna","ts_vaccine_vials",3074,3302,3552.05,5,"status quo"
"Kaduna","ts_vaccine_vials",3073.95,3308,3542,6,"status quo"
"Kaduna","ts_vaccine_vials",3079.95,3299,3510.05,7,"status quo"
"Kaduna","ts_vaccine_vials",3053.85,3290,3522,8,"status quo"
"Kaduna","ts_vaccine_vials",3069.85,3298,3524.1,9,"status quo"
"Kaduna","ts_vaccine_vials",3064,3288,3542.05,10,"status quo"
"Kaduna","ts_rabid_dogs",6310.5296875,6607.83125,6865.62093749999,1,"status quo"
"Kaduna","ts_rabid_dogs",6389.01625,6671.33125,6938.56281249999,2,"status quo"
"Kaduna","ts_rabid_dogs",6361.9465625,6677.1125,6938.18593749999,3,"status quo"
"Kaduna","ts_rabid_dogs",6365.6878125,6674.91875,6928.21499999999,4,"status quo"
"Kaduna","ts_rabid_dogs",6370.3578125,6675.7125,6925.97812499999,5,"status quo"
"Kaduna","ts_rabid_dogs",6355.3859375,6667.64375,6912.26093749999,6,"status quo"
"Kaduna","ts_rabid_dogs",6355.3790625,6672.80624999999,6932.288125,7,"status quo"
"Kaduna","ts_rabid_dogs",6342.388125,6675.95625,6917.52531249999,8,"status quo"
"Kaduna","ts_rabid_dogs",6325.07125,6674.00625,6918.65281249999,9,"status quo"
"Kaduna","ts_rabid_dogs",6351.8103125,6667.675,6911.45499999999,10,"status quo"
"Kano","ts_deaths",132,159,189,1,"status quo"
"Kano","ts_deaths",135.975,161,188.025,2,"status quo"
"Kano","ts_deaths",136,161,189,3,"status quo"
"Kano","ts_deaths",135,161,189,4,"status quo"
"Kano","ts_deaths",136,162,189,5,"status quo"
"Kano","ts_deaths",135,162,188.025,6,"status quo"
"Kano","ts_deaths",136.975,162,187,7,"status quo"
"Kano","ts_deaths",136,161,187,8,"status quo"
"Kano","ts_deaths",135,161,187,9,"status quo"
"Kano","ts_deaths",135,160,188.025,10,"status quo"
"Kano","ts_exposures",2214.925,2390,2543.05,1,"status quo"
"Kano","ts_exposures",2245,2402.5,2573,2,"status quo"
"Kano","ts_exposures",2242.95,2407,2568.025,3,"status quo"
"Kano","ts_exposures",2234,2407.5,2558,4,"status quo"
"Kano","ts_exposures",2242.975,2404.5,2574.025,5,"status quo"
"Kano","ts_exposures",2243.9,2404,2573.05,6,"status quo"
"Kano","ts_exposures",2243.95,2406.5,2574,7,"status quo"
"Kano","ts_exposures",2236.925,2404,2562.05,8,"status quo"
"Kano","ts_exposures",2238,2403.5,2558,9,"status quo"
"Kano","ts_exposures",2241.975,2401,2554.05,10,"status quo"
"Kano","ts_exp_PEP",1336.975,1448,1556,1,"status quo"
"Kano","ts_exp_PEP",1349.975,1457,1571,2,"status quo"
"Kano","ts_exp_PEP",1350,1459,1563,3,"status quo"
"Kano","ts_exp_PEP",1341.975,1462,1554.05,4,"status quo"
"Kano","ts_exp_PEP",1345.925,1458,1568,5,"status quo"
"Kano","ts_exp_PEP",1348,1459,1572.025,6,"status quo"
"Kano","ts_exp_PEP",1346.9,1456,1573,7,"status quo"
"Kano","ts_exp_PEP",1333.95,1455,1562.025,8,"status quo"
"Kano","ts_exp_PEP",1349,1458,1557.075,9,"status quo"
"Kano","ts_exp_PEP",1346.95,1454,1561.025,10,"status quo"
"Kano","ts_vaccine_vials",2673.95,2896,3112,1,"status quo"
"Kano","ts_vaccine_vials",2699.95,2914,3142,2,"status quo"
"Kano","ts_vaccine_vials",2700,2918,3126,3,"status quo"
"Kano","ts_vaccine_vials",2683.95,2924,3108.1,4,"status quo"
"Kano","ts_vaccine_vials",2691.85,2916,3136,5,"status quo"
"Kano","ts_vaccine_vials",2696,2918,3144.05,6,"status quo"
"Kano","ts_vaccine_vials",2693.8,2912,3146,7,"status quo"
"Kano","ts_vaccine_vials",2667.9,2910,3124.05,8,"status quo"
"Kano","ts_vaccine_vials",2698,2916,3114.15,9,"status quo"
"Kano","ts_vaccine_vials",2693.9,2908,3122.05,10,"status quo"
"Kano","ts_rabid_dogs",6022.50812499999,6320.64375,6623.21031249999,1,"status quo"
"Kano","ts_rabid_dogs",6093.5859375,6376.2375,6657.06156250001,2,"status quo"
"Kano","ts_rabid_dogs",6079.0928125,6382.01874999999,6645.58781249999,3,"status quo"
"Kano","ts_rabid_dogs",6052.44531250001,6380.825,6651.16343750001,4,"status quo"
"Kano","ts_rabid_dogs",6067.9921875,6375.975,6637.66250000001,5,"status quo"
"Kano","ts_rabid_dogs",6047.544375,6367.4875,6652.74437500001,6,"status quo"
"Kano","ts_rabid_dogs",6053.3925,6377.87500000001,6647.08750000001,7,"status quo"
"Kano","ts_rabid_dogs",6024.13062499999,6365.76250000001,6647.31031250001,8,"status quo"
"Kano","ts_rabid_dogs",6038.4853125,6371.85624999999,6657.94499999999,9,"status quo"
"Kano","ts_rabid_dogs",6059.986875,6370.54375,6643.37406249999,10,"status quo"
"Katsina","ts_deaths",83,102,124,1,"status quo"
"Katsina","ts_deaths",83,103,126,2,"status quo"
"Katsina","ts_deaths",83.975,103,125.025,3,"status quo"
"Katsina","ts_deaths",84,104,126,4,"status quo"
"Katsina","ts_deaths",83,104,124.025,5,"status quo"
"Katsina","ts_deaths",82,104,124,6,"status quo"
"Katsina","ts_deaths",84,103,126,7,"status quo"
"Katsina","ts_deaths",83,103,125,8,"status quo"
"Katsina","ts_deaths",84,105,126,9,"status quo"
"Katsina","ts_deaths",84,104,124,10,"status quo"
"Katsina","ts_exposures",1400.975,1516,1644,1,"status quo"
"Katsina","ts_exposures",1418.975,1532,1656.025,2,"status quo"
"Katsina","ts_exposures",1410,1531.5,1652.05,3,"status quo"
"Katsina","ts_exposures",1409.925,1532,1659,4,"status quo"
"Katsina","ts_exposures",1418.975,1535,1660,5,"status quo"
"Katsina","ts_exposures",1408.975,1527.5,1657,6,"status quo"
"Katsina","ts_exposures",1413.975,1535,1651,7,"status quo"
"Katsina","ts_exposures",1412.95,1533,1662,8,"status quo"
"Katsina","ts_exposures",1401.975,1531,1648.075,9,"status quo"
"Katsina","ts_exposures",1409.975,1531,1646,10,"status quo"
"Katsina","ts_exp_PEP",831.975,913,998.025,1,"status quo"
"Katsina","ts_exp_PEP",845.975,921,1008.025,2,"status quo"
"Katsina","ts_exp_PEP",837,923,1007,3,"status quo"
"Katsina","ts_exp_PEP",834,922,1010,4,"status quo"
"Katsina","ts_exp_PEP",845,922,1011,5,"status quo"
"Katsina","ts_exp_PEP",844,920,1004.025,6,"status quo"
"Katsina","ts_exp_PEP",842,924.5,1003.025,7,"status quo"
"Katsina","ts_exp_PEP",834.975,921,1010.025,8,"status quo"
"Katsina","ts_exp_PEP",837.975,922,1005.025,9,"status quo"
"Katsina","ts_exp_PEP",837,920,1003,10,"status quo"
"Katsina","ts_vaccine_vials",1663.95,1826,1996.05,1,"status quo"
"Katsina","ts_vaccine_vials",1691.95,1842,2016.05,2,"status quo"
"Katsina","ts_vaccine_vials",1674,1846,2014,3,"status quo"
"Katsina","ts_vaccine_vials",1668,1844,2020,4,"status quo"
"Katsina","ts_vaccine_vials",1690,1844,2022,5,"status quo"
"Katsina","ts_vaccine_vials",1688,1840,2008.05,6,"status quo"
"Katsina","ts_vaccine_vials",1684,1849,2006.05,7,"status quo"
"Katsina","ts_vaccine_vials",1669.95,1842,2020.05,8,"status quo"
"Katsina","ts_vaccine_vials",1675.95,1844,2010.05,9,"status quo"
"Katsina","ts_vaccine_vials",1674,1840,2006,10,"status quo"
"Katsina","ts_rabid_dogs",3839.698125,4043.5125,4232.9509375,1,"status quo"
"Katsina","ts_rabid_dogs",3877.78062499999,4080.43124999999,4251.31187499999,2,"status quo"
"Katsina","ts_rabid_dogs",3888.7390625,4080.7875,4253.6665625,3,"status quo"
"Katsina","ts_rabid_dogs",3876.4578125,4079.5,4252.164375,4,"status quo"
"Katsina","ts_rabid_dogs",3882.9721875,4079.1625,4266.5684375,5,"status quo"
"Katsina","ts_rabid_dogs",3895.550625,4073.85,4264.40718750001,6,"status quo"
"Katsina","ts_rabid_dogs",3872.44531250001,4073.1125,4261.6153125,7,"status quo"
"Katsina","ts_rabid_dogs",3863.984375,4077.33125,4256.9234375,8,"status quo"
"Katsina","ts_rabid_dogs",3852.5753125,4072.11249999999,4251.07656249999,9,"status quo"
"Katsina","ts_rabid_dogs",3859.5409375,4076.51250000001,4251.07499999999,10,"status quo"
"Kebbi","ts_deaths",39,53,69,1,"status quo"
"Kebbi","ts_deaths",39,54,69,2,"status quo"
"Kebbi","ts_deaths",39,54,69,3,"status quo"
"Kebbi","ts_deaths",40.975,55,69.025,4,"status quo"
"Kebbi","ts_deaths",39,54,69,5,"status quo"
"Kebbi","ts_deaths",39.975,54,67,6,"status quo"
"Kebbi","ts_deaths",39,54,68,7,"status quo"
"Kebbi","ts_deaths",39.975,54,70,8,"status quo"
"Kebbi","ts_deaths",40,54,69,9,"status quo"
"Kebbi","ts_deaths",39.975,54,69.025,10,"status quo"
"Kebbi","ts_exposures",765.975,845,920,1,"status quo"
"Kebbi","ts_exposures",772.975,850,928.025,2,"status quo"
"Kebbi","ts_exposures",773.975,851,931.025,3,"status quo"
"Kebbi","ts_exposures",777.975,853.5,933,4,"status quo"
"Kebbi","ts_exposures",772.95,855,937.025,5,"status quo"
"Kebbi","ts_exposures",778.975,850,921,6,"status quo"
"Kebbi","ts_exposures",774,855,939,7,"status quo"
"Kebbi","ts_exposures",772,849,932.025,8,"status quo"
"Kebbi","ts_exposures",776.9,853,932.025,9,"status quo"
"Kebbi","ts_exposures",775.975,857,939.025,10,"status quo"
"Kebbi","ts_exp_PEP",473.975,529,585.025,1,"status quo"
"Kebbi","ts_exp_PEP",479.95,534,587.025,2,"status quo"
"Kebbi","ts_exp_PEP",477,533.5,592,3,"status quo"
"Kebbi","ts_exp_PEP",474,533,593.05,4,"status quo"
"Kebbi","ts_exp_PEP",476,533.5,593.025,5,"status quo"
"Kebbi","ts_exp_PEP",480,532.5,588,6,"status quo"
"Kebbi","ts_exp_PEP",478.95,535.5,591.025,7,"status quo"
"Kebbi","ts_exp_PEP",479.975,532,591,8,"status quo"
"Kebbi","ts_exp_PEP",479.975,534,598.025,9,"status quo"
"Kebbi","ts_exp_PEP",481,536,594.05,10,"status quo"
"Kebbi","ts_vaccine_vials",947.95,1058,1170.05,1,"status quo"
"Kebbi","ts_vaccine_vials",959.9,1068,1174.05,2,"status quo"
"Kebbi","ts_vaccine_vials",954,1067,1184,3,"status quo"
"Kebbi","ts_vaccine_vials",948,1066,1186.1,4,"status quo"
"Kebbi","ts_vaccine_vials",952,1067,1186.05,5,"status quo"
"Kebbi","ts_vaccine_vials",960,1065,1176,6,"status quo"
"Kebbi","ts_vaccine_vials",957.9,1071,1182.05,7,"status quo"
"Kebbi","ts_vaccine_vials",959.95,1064,1182,8,"status quo"
"Kebbi","ts_vaccine_vials",959.95,1068,1196.05,9,"status quo"
"Kebbi","ts_vaccine_vials",962,1072,1188.1,10,"status quo"
"Kebbi","ts_rabid_dogs",2201.3396875,2301.125,2395.875,1,"status quo"
"Kebbi","ts_rabid_dogs",2224.20875,2329.00625,2418.715,2,"status quo"
"Kebbi","ts_rabid_dogs",2220.093125,2327.98125,2420.910625,3,"status quo"
"Kebbi","ts_rabid_dogs",2216.125,2330.03125,2417.7490625,4,"status quo"
"Kebbi","ts_rabid_dogs",2221.2446875,2331.0375,2421.8103125,5,"status quo"
"Kebbi","ts_rabid_dogs",2221.2275,2326.975,2418.821875,6,"status quo"
"Kebbi","ts_rabid_dogs",2217.1128125,2329.90625,2422.6403125,7,"status quo"
"Kebbi","ts_rabid_dogs",2221.2021875,2330.175,2420.8234375,8,"status quo"
"Kebbi","ts_rabid_dogs",2226.2371875,2332.84375,2412.8990625,9,"status quo"
"Kebbi","ts_rabid_dogs",2217.0625,2327.975,2416.7021875,10,"status quo"
"Kogi","ts_deaths",52,68,86,1,"status quo"
"Kogi","ts_deaths",54,70,87,2,"status quo"
"Kogi","ts_deaths",52,70,87,3,"status quo"
"Kogi","ts_deaths",53,69,88,4,"status quo"
"Kogi","ts_deaths",53,70,88,5,"status quo"
"Kogi","ts_deaths",53,69,87,6,"status quo"
"Kogi","ts_deaths",53,69,87,7,"status quo"
"Kogi","ts_deaths",54,69,87,8,"status quo"
"Kogi","ts_deaths",54,70,87,9,"status quo"
"Kogi","ts_deaths",52,69,87,10,"status quo"
"Kogi","ts_exposures",1329,1442.5,1566.05,1,"status quo"
"Kogi","ts_exposures",1347,1457,1565,2,"status quo"
"Kogi","ts_exposures",1347.975,1458,1558.025,3,"status quo"
"Kogi","ts_exposures",1356.85,1457,1571,4,"status quo"
"Kogi","ts_exposures",1350,1456.5,1562.1,5,"status quo"
"Kogi","ts_exposures",1351.975,1458,1562.025,6,"status quo"
"Kogi","ts_exposures",1346,1457,1566.025,7,"status quo"
"Kogi","ts_exposures",1341.975,1456,1571,8,"status quo"
"Kogi","ts_exposures",1346,1455,1570.075,9,"status quo"
"Kogi","ts_exposures",1344.85,1453,1558.1,10,"status quo"
"Kogi","ts_exp_PEP",949,1039,1121.05,1,"status quo"
"Kogi","ts_exp_PEP",965,1048,1135.05,2,"status quo"
"Kogi","ts_exp_PEP",961,1048,1123.025,3,"status quo"
"Kogi","ts_exp_PEP",966.975,1047.5,1137.05,4,"status quo"
"Kogi","ts_exp_PEP",961,1048.5,1131.05,5,"status quo"
"Kogi","ts_exp_PEP",962.95,1048,1131.025,6,"status quo"
"Kogi","ts_exp_PEP",959.975,1045.5,1130,7,"status quo"
"Kogi","ts_exp_PEP",958,1048,1146,8,"status quo"
"Kogi","ts_exp_PEP",961.975,1047,1138.05,9,"status quo"
"Kogi","ts_exp_PEP",962,1046,1133,10,"status quo"
"Kogi","ts_vaccine_vials",1898,2078,2242.1,1,"status quo"
"Kogi","ts_vaccine_vials",1930,2096,2270.1,2,"status quo"
"Kogi","ts_vaccine_vials",1922,2096,2246.05,3,"status quo"
"Kogi","ts_vaccine_vials",1933.95,2095,2274.1,4,"status quo"
"Kogi","ts_vaccine_vials",1922,2097,2262.1,5,"status quo"
"Kogi","ts_vaccine_vials",1925.9,2096,2262.05,6,"status quo"
"Kogi","ts_vaccine_vials",1919.95,2091,2260,7,"status quo"
"Kogi","ts_vaccine_vials",1916,2096,2292,8,"status quo"
"Kogi","ts_vaccine_vials",1923.95,2094,2276.1,9,"status quo"
"Kogi","ts_vaccine_vials",1924,2092,2266,10,"status quo"
"Kogi","ts_rabid_dogs",3635.025,3831.99999999999,3973.78562499999,1,"status quo"
"Kogi","ts_rabid_dogs",3680.83687499999,3863.56249999999,4000.79312499999,2,"status quo"
"Kogi","ts_rabid_dogs",3691.37406249999,3863.19999999999,4008.02468749999,3,"status quo"
"Kogi","ts_rabid_dogs",3688.34937499999,3859.69999999999,4004.47562499999,4,"status quo"
"Kogi","ts_rabid_dogs",3682.51812499999,3859.96249999999,4011.40906249999,5,"status quo"
"Kogi","ts_rabid_dogs",3670.29375,3857.54374999999,4002.31124999999,6,"status quo"
"Kogi","ts_rabid_dogs",3672.99937499999,3855.78749999999,4001.57937499999,7,"status quo"
"Kogi","ts_rabid_dogs",3673.34281249999,3859.43124999999,3996.76749999999,8,"status quo"
"Kogi","ts_rabid_dogs",3653.293125,3853.68124999999,4004.06218749999,9,"status quo"
"Kogi","ts_rabid_dogs",3665.72562499999,3854.69999999999,4002.52499999999,10,"status quo"
"Kwara","ts_deaths",20,29,41,1,"status quo"
"Kwara","ts_deaths",20,30,42,2,"status quo"
"Kwara","ts_deaths",19.975,30,42.025,3,"status quo"
"Kwara","ts_deaths",20,30,42,4,"status quo"
"Kwara","ts_deaths",19.975,30,42,5,"status quo"
"Kwara","ts_deaths",19,30.5,43,6,"status quo"
"Kwara","ts_deaths",20,30,42,7,"status quo"
"Kwara","ts_deaths",20,30,42,8,"status quo"
"Kwara","ts_deaths",20,30,42,9,"status quo"
"Kwara","ts_deaths",19,30,41,10,"status quo"
"Kwara","ts_exposures",657.975,731,808.025,1,"status quo"
"Kwara","ts_exposures",665,738,816,2,"status quo"
"Kwara","ts_exposures",668.975,738,814.025,3,"status quo"
"Kwara","ts_exposures",664,740,811,4,"status quo"
"Kwara","ts_exposures",660.9,740,814.025,5,"status quo"
"Kwara","ts_exposures",670,739,814.025,6,"status quo"
"Kwara","ts_exposures",664,738,808,7,"status quo"
"Kwara","ts_exposures",663.925,741,811.05,8,"status quo"
"Kwara","ts_exposures",661,739,817,9,"status quo"
"Kwara","ts_exposures",665.95,737,806,10,"status quo"
"Kwara","ts_exp_PEP",494,555,617,1,"status quo"
"Kwara","ts_exp_PEP",497.975,561,625.025,2,"status quo"
"Kwara","ts_exp_PEP",503,560,623,3,"status quo"
"Kwara","ts_exp_PEP",501.95,561.5,621,4,"status quo"
"Kwara","ts_exp_PEP",497,562,627,5,"status quo"
"Kwara","ts_exp_PEP",503.95,563,620,6,"status quo"
"Kwara","ts_exp_PEP",501,561,618.025,7,"status quo"
"Kwara","ts_exp_PEP",501,563,621,8,"status quo"
"Kwara","ts_exp_PEP",498.975,560,623.025,9,"status quo"
"Kwara","ts_exp_PEP",501.95,559,620.025,10,"status quo"
"Kwara","ts_vaccine_vials",988,1110,1234,1,"status quo"
"Kwara","ts_vaccine_vials",995.95,1122,1250.05,2,"status quo"
"Kwara","ts_vaccine_vials",1006,1120,1246,3,"status quo"
"Kwara","ts_vaccine_vials",1003.9,1123,1242,4,"status quo"
"Kwara","ts_vaccine_vials",994,1124,1254,5,"status quo"
"Kwara","ts_vaccine_vials",1007.9,1126,1240,6,"status quo"
"Kwara","ts_vaccine_vials",1002,1122,1236.05,7,"status quo"
"Kwara","ts_vaccine_vials",1002,1126,1242,8,"status quo"
"Kwara","ts_vaccine_vials",997.95,1120,1246.05,9,"status quo"
"Kwara","ts_vaccine_vials",1003.9,1118,1240.05,10,"status quo"
"Kwara","ts_rabid_dogs",1862.75,1960.4125,2046.5634375,1,"status quo"
"Kwara","ts_rabid_dogs",1889.205625,1980.8125,2065.708125,2,"status quo"
"Kwara","ts_rabid_dogs",1887.3709375,1983.75625,2070.2834375,3,"status quo"
"Kwara","ts_rabid_dogs",1886.6278125,1987.05625,2073.690625,4,"status quo"
"Kwara","ts_rabid_dogs",1879.7909375,1986.1375,2064.265625,5,"status quo"
"Kwara","ts_rabid_dogs",1889.055625,1985.99375,2064.1515625,6,"status quo"
"Kwara","ts_rabid_dogs",1885.1865625,1985.65,2061.15125,7,"status quo"
"Kwara","ts_rabid_dogs",1883.06,1986.18125,2064.2990625,8,"status quo"
"Kwara","ts_rabid_dogs",1880.3959375,1984.45625,2064.86,9,"status quo"
"Kwara","ts_rabid_dogs",1873.400625,1983.30625,2059.6628125,10,"status quo"
"Lagos","ts_deaths",93,113.5,136,1,"status quo"
"Lagos","ts_deaths",94,116,138,2,"status quo"
"Lagos","ts_deaths",95.975,115,137,3,"status quo"
"Lagos","ts_deaths",94,115,137.025,4,"status quo"
"Lagos","ts_deaths",93,115,136.025,5,"status quo"
"Lagos","ts_deaths",95,115,138,6,"status quo"
"Lagos","ts_deaths",93,115,137,7,"status quo"
"Lagos","ts_deaths",94,115,138,8,"status quo"
"Lagos","ts_deaths",95,114,136,9,"status quo"
"Lagos","ts_deaths",94,115,137,10,"status quo"
"Lagos","ts_exposures",3524.95,3749,3934,1,"status quo"
"Lagos","ts_exposures",3553.85,3772,3980.175,2,"status quo"
"Lagos","ts_exposures",3571.975,3778.5,3981,3,"status quo"
"Lagos","ts_exposures",3570.975,3776,3996.125,4,"status quo"
"Lagos","ts_exposures",3559.95,3770,3976.05,5,"status quo"
"Lagos","ts_exposures",3567.975,3778,3971.075,6,"status quo"
"Lagos","ts_exposures",3564,3772.5,3978.025,7,"status quo"
"Lagos","ts_exposures",3560,3775,3982.075,8,"status quo"
"Lagos","ts_exposures",3551.975,3768,3989.05,9,"status quo"
"Lagos","ts_exposures",3567.975,3767.5,3982.025,10,"status quo"
"Lagos","ts_exp_PEP",2880.95,3078,3240,1,"status quo"
"Lagos","ts_exp_PEP",2907.95,3092.5,3275,2,"status quo"
"Lagos","ts_exp_PEP",2928.975,3100.5,3272,3,"status quo"
"Lagos","ts_exp_PEP",2923.975,3098.5,3284.05,4,"status quo"
"Lagos","ts_exp_PEP",2909.925,3095,3269,5,"status quo"
"Lagos","ts_exp_PEP",2926.9,3096,3262.025,6,"status quo"
"Lagos","ts_exp_PEP",2921.975,3093,3272.025,7,"status quo"
"Lagos","ts_exp_PEP",2913.975,3099,3269.025,8,"status quo"
"Lagos","ts_exp_PEP",2907.925,3089.5,3274.025,9,"status quo"
"Lagos","ts_exp_PEP",2912.975,3090.5,3271.275,10,"status quo"
"Lagos","ts_vaccine_vials",5761.9,6156,6480,1,"status quo"
"Lagos","ts_vaccine_vials",5815.9,6185,6550,2,"status quo"
"Lagos","ts_vaccine_vials",5857.95,6201,6544,3,"status quo"
"Lagos","ts_vaccine_vials",5847.95,6197,6568.1,4,"status quo"
"Lagos","ts_vaccine_vials",5819.85,6190,6538,5,"status quo"
"Lagos","ts_vaccine_vials",5853.8,6192,6524.05,6,"status quo"
"Lagos","ts_vaccine_vials",5843.95,6186,6544.05,7,"status quo"
"Lagos","ts_vaccine_vials",5827.95,6198,6538.05,8,"status quo"
"Lagos","ts_vaccine_vials",5815.85,6179,6548.05,9,"status quo"
"Lagos","ts_vaccine_vials",5825.95,6181,6542.55,10,"status quo"
"Lagos","ts_rabid_dogs",9496.21875,9927.66874999999,10301.6625,1,"status quo"
"Lagos","ts_rabid_dogs",9595.0778125,10019.78125,10354.509375,2,"status quo"
"Lagos","ts_rabid_dogs",9604.5040625,10028.68125,10377.9646875,3,"status quo"
"Lagos","ts_rabid_dogs",9570.3284375,10009.88125,10359.6528125,4,"status quo"
"Lagos","ts_rabid_dogs",9592.525,10018.8125,10389.0209375,5,"status quo"
"Lagos","ts_rabid_dogs",9583.98374999999,10018.6625,10367.4871875,6,"status quo"
"Lagos","ts_rabid_dogs",9584.14625,10015.3,10376.5609375,7,"status quo"
"Lagos","ts_rabid_dogs",9559.890625,10014.19375,10370.53375,8,"status quo"
"Lagos","ts_rabid_dogs",9537.9303125,9998.09999999999,10366.2325,9,"status quo"
"Lagos","ts_rabid_dogs",9545.6925,9994.03124999999,10370.62875,10,"status quo"
"Nasarawa","ts_deaths",35,49,63,1,"status quo"
"Nasarawa","ts_deaths",36,49,65,2,"status quo"
"Nasarawa","ts_deaths",37,49,64,3,"status quo"
"Nasarawa","ts_deaths",36,49,65.025,4,"status quo"
"Nasarawa","ts_deaths",35.975,50,64,5,"status quo"
"Nasarawa","ts_deaths",37,50,65.025,6,"status quo"
"Nasarawa","ts_deaths",37,49,63,7,"status quo"
"Nasarawa","ts_deaths",35,49,64.025,8,"status quo"
"Nasarawa","ts_deaths",37,50,64,9,"status quo"
"Nasarawa","ts_deaths",36,49,65,10,"status quo"
"Nasarawa","ts_exposures",639.925,715,791,1,"status quo"
"Nasarawa","ts_exposures",647.975,724,805,2,"status quo"
"Nasarawa","ts_exposures",646.975,724,799,3,"status quo"
"Nasarawa","ts_exposures",647.975,722,802.05,4,"status quo"
"Nasarawa","ts_exposures",643.975,725,802,5,"status quo"
"Nasarawa","ts_exposures",646.975,725,811.05,6,"status quo"
"Nasarawa","ts_exposures",649.975,723,799,7,"status quo"
"Nasarawa","ts_exposures",647.975,727,803,8,"status quo"
"Nasarawa","ts_exposures",645.975,724.5,800.025,9,"status quo"
"Nasarawa","ts_exposures",642.975,722,803,10,"status quo"
"Nasarawa","ts_exp_PEP",372,426,481.025,1,"status quo"
"Nasarawa","ts_exp_PEP",380.975,432,485,2,"status quo"
"Nasarawa","ts_exp_PEP",380,433,485,3,"status quo"
"Nasarawa","ts_exp_PEP",378.95,433,485.025,4,"status quo"
"Nasarawa","ts_exp_PEP",380,434,486.025,5,"status quo"
"Nasarawa","ts_exp_PEP",378.975,434,491.05,6,"status quo"
"Nasarawa","ts_exp_PEP",381,432,486,7,"status quo"
"Nasarawa","ts_exp_PEP",380,433,484,8,"status quo"
"Nasarawa","ts_exp_PEP",381,434,488,9,"status quo"
"Nasarawa","ts_exp_PEP",380.975,431,487.025,10,"status quo"
"Nasarawa","ts_vaccine_vials",744,852,962.05,1,"status quo"
"Nasarawa","ts_vaccine_vials",761.95,864,970,2,"status quo"
"Nasarawa","ts_vaccine_vials",760,866,970,3,"status quo"
"Nasarawa","ts_vaccine_vials",757.9,866,970.05,4,"status quo"
"Nasarawa","ts_vaccine_vials",760,868,972.05,5,"status quo"
"Nasarawa","ts_vaccine_vials",757.95,868,982.1,6,"status quo"
"Nasarawa","ts_vaccine_vials",762,864,972,7,"status quo"
"Nasarawa","ts_vaccine_vials",760,866,968,8,"status quo"
"Nasarawa","ts_vaccine_vials",762,868,976,9,"status quo"
"Nasarawa","ts_vaccine_vials",761.95,862,974.05,10,"status quo"
"Nasarawa","ts_rabid_dogs",1802.991875,1923.15625,2039.585625,1,"status quo"
"Nasarawa","ts_rabid_dogs",1839.9725,1954.21875,2064.5609375,2,"status quo"
"Nasarawa","ts_rabid_dogs",1836.7584375,1954.06875,2065.90625,3,"status quo"
"Nasarawa","ts_rabid_dogs",1833.239375,1951.85,2059.3725,4,"status quo"
"Nasarawa","ts_rabid_dogs",1833.8134375,1954.625,2067.3471875,5,"status quo"
"Nasarawa","ts_rabid_dogs",1837.8590625,1954.84375,2072.310625,6,"status quo"
"Nasarawa","ts_rabid_dogs",1835.784375,1952.0875,2065.939375,7,"status quo"
"Nasarawa","ts_rabid_dogs",1842.734375,1952.73125,2062.75125,8,"status quo"
"Nasarawa","ts_rabid_dogs",1832.88875,1957.13125,2068.62875,9,"status quo"
"Nasarawa","ts_rabid_dogs",1837.4696875,1954.6125,2066.2253125,10,"status quo"
"Niger","ts_deaths",83,104,127,1,"status quo"
"Niger","ts_deaths",85,106,128,2,"status quo"
"Niger","ts_deaths",85,106,129,3,"status quo"
"Niger","ts_deaths",86,107,129,4,"status quo"
"Niger","ts_deaths",85,106,130,5,"status quo"
"Niger","ts_deaths",86,106,129.025,6,"status quo"
"Niger","ts_deaths",87,106,128,7,"status quo"
"Niger","ts_deaths",86,106,128,8,"status quo"
"Niger","ts_deaths",87,107,129,9,"status quo"
"Niger","ts_deaths",87,106,129,10,"status quo"
"Niger","ts_exposures",1276,1405,1545.175,1,"status quo"
"Niger","ts_exposures",1313,1435,1566.075,2,"status quo"
"Niger","ts_exposures",1306.95,1439.5,1575,3,"status quo"
"Niger","ts_exposures",1311,1441.5,1562,4,"status quo"
"Niger","ts_exposures",1315.975,1438,1573,5,"status quo"
"Niger","ts_exposures",1323.9,1440,1571.025,6,"status quo"
"Niger","ts_exposures",1309.975,1437,1559.025,7,"status quo"
"Niger","ts_exposures",1318.925,1441,1565.025,8,"status quo"
"Niger","ts_exposures",1311,1443,1569.025,9,"status quo"
"Niger","ts_exposures",1311.925,1438,1561,10,"status quo"
"Niger","ts_exp_PEP",711.975,791,879.025,1,"status quo"
"Niger","ts_exp_PEP",731.975,810,894,2,"status quo"
"Niger","ts_exp_PEP",731,812,895,3,"status quo"
"Niger","ts_exp_PEP",728,811,891.05,4,"status quo"
"Niger","ts_exp_PEP",734,812,892.025,5,"status quo"
"Niger","ts_exp_PEP",737.975,811,896,6,"status quo"
"Niger","ts_exp_PEP",728,811,887.05,7,"status quo"
"Niger","ts_exp_PEP",729.975,812.5,895,8,"status quo"
"Niger","ts_exp_PEP",726.975,816,891.025,9,"status quo"
"Niger","ts_exp_PEP",733.925,812,888,10,"status quo"
"Niger","ts_vaccine_vials",1423.95,1582,1758.05,1,"status quo"
"Niger","ts_vaccine_vials",1463.95,1620,1788,2,"status quo"
"Niger","ts_vaccine_vials",1462,1624,1790,3,"status quo"
"Niger","ts_vaccine_vials",1456,1622,1782.1,4,"status quo"
"Niger","ts_vaccine_vials",1468,1624,1784.05,5,"status quo"
"Niger","ts_vaccine_vials",1475.95,1622,1792,6,"status quo"
"Niger","ts_vaccine_vials",1456,1622,1774.1,7,"status quo"
"Niger","ts_vaccine_vials",1459.95,1625,1790,8,"status quo"
"Niger","ts_vaccine_vials",1453.95,1632,1782.05,9,"status quo"
"Niger","ts_vaccine_vials",1467.85,1624,1776,10,"status quo"
"Niger","ts_rabid_dogs",3493.4359375,3740.58125,3993.4696875,1,"status quo"
"Niger","ts_rabid_dogs",3568.4325,3815.85625,4039.2934375,2,"status quo"
"Niger","ts_rabid_dogs",3592.871875,3832.0125,4065.08156249999,3,"status quo"
"Niger","ts_rabid_dogs",3601.01,3826.05,4046.0446875,4,"status quo"
"Niger","ts_rabid_dogs",3607.666875,3832.575,4044.87906250001,5,"status quo"
"Niger","ts_rabid_dogs",3594.1825,3828.04375,4048.22125,6,"status quo"
"Niger","ts_rabid_dogs",3612.39625,3836.79375,4046.57781250001,7,"status quo"
"Niger","ts_rabid_dogs",3604.6803125,3828.25,4037.28125,8,"status quo"
"Niger","ts_rabid_dogs",3603.6971875,3832.4,4047.6525,9,"status quo"
"Niger","ts_rabid_dogs",3596.3353125,3828.4125,4039.20531250001,10,"status quo"
"Ogun","ts_deaths",36,49,64,1,"status quo"
"Ogun","ts_deaths",35,49,64,2,"status quo"
"Ogun","ts_deaths",36,49,64.025,3,"status quo"
"Ogun","ts_deaths",36,50,64.025,4,"status quo"
"Ogun","ts_deaths",36,50,65,5,"status quo"
"Ogun","ts_deaths",35,50,64,6,"status quo"
"Ogun","ts_deaths",36,49,65,7,"status quo"
"Ogun","ts_deaths",36,50,65,8,"status quo"
"Ogun","ts_deaths",36,50,64,9,"status quo"
"Ogun","ts_deaths",36,49,65.025,10,"status quo"
"Ogun","ts_exposures",1357.925,1486,1617.05,1,"status quo"
"Ogun","ts_exposures",1377.975,1499,1624.05,2,"status quo"
"Ogun","ts_exposures",1374.975,1497.5,1630,3,"status quo"
"Ogun","ts_exposures",1370.975,1499,1637.025,4,"status quo"
"Ogun","ts_exposures",1375,1504,1626,5,"status quo"
"Ogun","ts_exposures",1369,1495,1631.025,6,"status quo"
"Ogun","ts_exposures",1382,1499,1624,7,"status quo"
"Ogun","ts_exposures",1371.975,1500,1633.025,8,"status quo"
"Ogun","ts_exposures",1373.95,1501,1627,9,"status quo"
"Ogun","ts_exposures",1375.975,1497,1613,10,"status quo"
"Ogun","ts_exp_PEP",1087.925,1198,1301.05,1,"status quo"
"Ogun","ts_exp_PEP",1105.975,1208,1311,2,"status quo"
"Ogun","ts_exp_PEP",1097.975,1205,1320,3,"status quo"
"Ogun","ts_exp_PEP",1100,1206,1317,4,"status quo"
"Ogun","ts_exp_PEP",1103,1209,1309,5,"status quo"
"Ogun","ts_exp_PEP",1104.975,1205,1317.075,6,"status quo"
"Ogun","ts_exp_PEP",1103.975,1205,1310,7,"status quo"
"Ogun","ts_exp_PEP",1096.975,1206.5,1322,8,"status quo"
"Ogun","ts_exp_PEP",1097,1207,1309.025,9,"status quo"
"Ogun","ts_exp_PEP",1103.95,1204,1309,10,"status quo"
"Ogun","ts_vaccine_vials",2175.85,2396,2602.1,1,"status quo"
"Ogun","ts_vaccine_vials",2211.95,2416,2622,2,"status quo"
"Ogun","ts_vaccine_vials",2195.95,2410,2640,3,"status quo"
"Ogun","ts_vaccine_vials",2200,2412,2634,4,"status quo"
"Ogun","ts_vaccine_vials",2206,2418,2618,5,"status quo"
"Ogun","ts_vaccine_vials",2209.95,2410,2634.15,6,"status quo"
"Ogun","ts_vaccine_vials",2207.95,2410,2620,7,"status quo"
"Ogun","ts_vaccine_vials",2193.95,2413,2644,8,"status quo"
"Ogun","ts_vaccine_vials",2194,2414,2618.05,9,"status quo"
"Ogun","ts_vaccine_vials",2207.9,2408,2618,10,"status quo"
"Ogun","ts_rabid_dogs",3728.478125,3958.91875,4170.23125,1,"status quo"
"Ogun","ts_rabid_dogs",3775.340625,3994.775,4196.55593749999,2,"status quo"
"Ogun","ts_rabid_dogs",3775.4553125,3996.725,4211.6109375,3,"status quo"
"Ogun","ts_rabid_dogs",3789.69593750001,3998.16875,4195.4934375,4,"status quo"
"Ogun","ts_rabid_dogs",3778.9415625,3994.425,4203.3403125,5,"status quo"
"Ogun","ts_rabid_dogs",3770.90375,3994.4625,4207.204375,6,"status quo"
"Ogun","ts_rabid_dogs",3761.90968750001,3989.26875,4197.53218750001,7,"status quo"
"Ogun","ts_rabid_dogs",3769.4053125,3989.39375,4207.564375,8,"status quo"
"Ogun","ts_rabid_dogs",3752.6625,3984.68125,4191.0390625,9,"status quo"
"Ogun","ts_rabid_dogs",3773.64468749999,3979.60625,4194.376875,10,"status quo"
"Ondo","ts_deaths",108,133,163.025,1,"status quo"
"Ondo","ts_deaths",110,135,163,2,"status quo"
"Ondo","ts_deaths",110,135,162,3,"status quo"
"Ondo","ts_deaths",111,135,163,4,"status quo"
"Ondo","ts_deaths",110,135,163,5,"status quo"
"Ondo","ts_deaths",108,134,161.025,6,"status quo"
"Ondo","ts_deaths",111,135,161,7,"status quo"
"Ondo","ts_deaths",112,135,161,8,"status quo"
"Ondo","ts_deaths",111,134,161.025,9,"status quo"
"Ondo","ts_deaths",109,134,162,10,"status quo"
"Ondo","ts_exposures",3345.975,3721,4122,1,"status quo"
"Ondo","ts_exposures",3410,3753,4134,2,"status quo"
"Ondo","ts_exposures",3415.85,3755,4171.225,3,"status quo"
"Ondo","ts_exposures",3418.975,3760,4145.05,4,"status quo"
"Ondo","ts_exposures",3414.975,3740,4138.025,5,"status quo"
"Ondo","ts_exposures",3391.975,3746.5,4148.05,6,"status quo"
"Ondo","ts_exposures",3417,3749,4147.05,7,"status quo"
"Ondo","ts_exposures",3407.925,3758,4133.025,8,"status quo"
"Ondo","ts_exposures",3397.875,3750.5,4159.2,9,"status quo"
"Ondo","ts_exposures",3404.9,3745.5,4146.05,10,"status quo"
"Ondo","ts_exp_PEP",2645.975,2936.5,3264.075,1,"status quo"
"Ondo","ts_exp_PEP",2677.975,2963,3283.025,2,"status quo"
"Ondo","ts_exp_PEP",2694.975,2963,3306.075,3,"status quo"
"Ondo","ts_exp_PEP",2692.925,2963,3271.125,4,"status quo"
"Ondo","ts_exp_PEP",2681.95,2953.5,3261,5,"status quo"
"Ondo","ts_exp_PEP",2673.975,2953.5,3283.025,6,"status quo"
"Ondo","ts_exp_PEP",2680.975,2960,3278.125,7,"status quo"
"Ondo","ts_exp_PEP",2682.8,2956.5,3276.025,8,"status quo"
"Ondo","ts_exp_PEP",2672.975,2958,3288,9,"status quo"
"Ondo","ts_exp_PEP",2670.925,2957,3274.2,10,"status quo"
"Ondo","ts_vaccine_vials",5291.95,5873,6528.15,1,"status quo"
"Ondo","ts_vaccine_vials",5355.95,5926,6566.05,2,"status quo"
"Ondo","ts_vaccine_vials",5389.95,5926,6612.15,3,"status quo"
"Ondo","ts_vaccine_vials",5385.85,5926,6542.25,4,"status quo"
"Ondo","ts_vaccine_vials",5363.9,5907,6522,5,"status quo"
"Ondo","ts_vaccine_vials",5347.95,5907,6566.05,6,"status quo"
"Ondo","ts_vaccine_vials",5361.95,5920,6556.25,7,"status quo"
"Ondo","ts_vaccine_vials",5365.6,5913,6552.05,8,"status quo"
"Ondo","ts_vaccine_vials",5345.95,5916,6576,9,"status quo"
"Ondo","ts_vaccine_vials",5341.85,5914,6548.4,10,"status quo"
"Ondo","ts_rabid_dogs",8985.399375,9853.15,10753.3134375,1,"status quo"
"Ondo","ts_rabid_dogs",9114.71624999999,9918.725,10854.11125,2,"status quo"
"Ondo","ts_rabid_dogs",9140.39375,9917.18750000001,10861.8215625,3,"status quo"
"Ondo","ts_rabid_dogs",9132.09187499998,9928.18124999999,10856.86875,4,"status quo"
"Ondo","ts_rabid_dogs",9136.8525,9902.675,10885.4734375,5,"status quo"
"Ondo","ts_rabid_dogs",9086.04281250002,9903.6375,10850.5615625,6,"status quo"
"Ondo","ts_rabid_dogs",9108.53968750002,9920.225,10833.9075,7,"status quo"
"Ondo","ts_rabid_dogs",9083.93624999999,9908.90625,10843.249375,8,"status quo"
"Ondo","ts_rabid_dogs",9093.86375,9901.6,10854.7046875,9,"status quo"
"Ondo","ts_rabid_dogs",9064.101875,9911.51250000001,10856.2059375,10,"status quo"
"Osun","ts_deaths",34,47,61,1,"status quo"
"Osun","ts_deaths",35,47,63,2,"status quo"
"Osun","ts_deaths",34,48,62,3,"status quo"
"Osun","ts_deaths",35,48,63,4,"status quo"
"Osun","ts_deaths",34,48,62.025,5,"status quo"
"Osun","ts_deaths",34.975,48,62,6,"status quo"
"Osun","ts_deaths",35,48,62.025,7,"status quo"
"Osun","ts_deaths",34,47,61.025,8,"status quo"
"Osun","ts_deaths",34.975,47,62,9,"status quo"
"Osun","ts_deaths",34,48,63,10,"status quo"
"Osun","ts_exposures",1305,1423.5,1555,1,"status quo"
"Osun","ts_exposures",1311.975,1437,1573.025,2,"status quo"
"Osun","ts_exposures",1322.975,1440,1562.025,3,"status quo"
"Osun","ts_exposures",1307.95,1439.5,1571.025,4,"status quo"
"Osun","ts_exposures",1322.975,1435.5,1556.025,5,"status quo"
"Osun","ts_exposures",1312.975,1439,1563.05,6,"status quo"
"Osun","ts_exposures",1312,1440,1568.025,7,"status quo"
"Osun","ts_exposures",1317.975,1437,1570.05,8,"status quo"
"Osun","ts_exposures",1310.975,1441,1566.075,9,"status quo"
"Osun","ts_exposures",1316,1440,1567,10,"status quo"
"Osun","ts_exp_PEP",1046.975,1145.5,1253,1,"status quo"
"Osun","ts_exp_PEP",1052.975,1160,1275.025,2,"status quo"
"Osun","ts_exp_PEP",1055.975,1159,1264,3,"status quo"
"Osun","ts_exp_PEP",1053.95,1160.5,1269.025,4,"status quo"
"Osun","ts_exp_PEP",1055.975,1154,1259,5,"status quo"
"Osun","ts_exp_PEP",1052,1156.5,1263.05,6,"status quo"
"Osun","ts_exp_PEP",1055,1158,1264,7,"status quo"
"Osun","ts_exp_PEP",1058,1158,1267,8,"status quo"
"Osun","ts_exp_PEP",1051,1160,1265,9,"status quo"
"Osun","ts_exp_PEP",1053.975,1158.5,1263.1,10,"status quo"
"Osun","ts_vaccine_vials",2093.95,2291,2506,1,"status quo"
"Osun","ts_vaccine_vials",2105.95,2320,2550.05,2,"status quo"
"Osun","ts_vaccine_vials",2111.95,2318,2528,3,"status quo"
"Osun","ts_vaccine_vials",2107.9,2321,2538.05,4,"status quo"
"Osun","ts_vaccine_vials",2111.95,2308,2518,5,"status quo"
"Osun","ts_vaccine_vials",2104,2313,2526.1,6,"status quo"
"Osun","ts_vaccine_vials",2110,2316,2528,7,"status quo"
"Osun","ts_vaccine_vials",2116,2316,2534,8,"status quo"
"Osun","ts_vaccine_vials",2102,2320,2530,9,"status quo"
"Osun","ts_vaccine_vials",2107.95,2317,2526.2,10,"status quo"
"Osun","ts_rabid_dogs",3567.34718749999,3782.925,4010.3834375,1,"status quo"
"Osun","ts_rabid_dogs",3604.965,3826.875,4054.69562499999,2,"status quo"
"Osun","ts_rabid_dogs",3614.8103125,3837.7875,4037.20499999999,3,"status quo"
"Osun","ts_rabid_dogs",3609.8246875,3826.2875,4045.46624999999,4,"status quo"
"Osun","ts_rabid_dogs",3597.3446875,3821.53125,4042.6534375,5,"status quo"
"Osun","ts_rabid_dogs",3616.265625,3826.8375,4048.71375000001,6,"status quo"
"Osun","ts_rabid_dogs",3611.92375,3833.3375,4048.00781250001,7,"status quo"
"Osun","ts_rabid_dogs",3594.29968749999,3824.67500000001,4046.89,8,"status quo"
"Osun","ts_rabid_dogs",3605.0828125,3824.00625,4032.315,9,"status quo"
"Osun","ts_rabid_dogs",3594.7871875,3827.85625,4047.48937499999,10,"status quo"
"Oyo","ts_deaths",57,75,94,1,"status quo"
"Oyo","ts_deaths",60,76,94,2,"status quo"
"Oyo","ts_deaths",59,76,94,3,"status quo"
"Oyo","ts_deaths",59,76,92,4,"status quo"
"Oyo","ts_deaths",59,76,93,5,"status quo"
"Oyo","ts_deaths",59.975,76,95,6,"status quo"
"Oyo","ts_deaths",59,76,94,7,"status quo"
"Oyo","ts_deaths",58.975,76,93,8,"status quo"
"Oyo","ts_deaths",59,75,93,9,"status quo"
"Oyo","ts_deaths",59,75.5,93,10,"status quo"
"Oyo","ts_exposures",2058.95,2222.5,2386,1,"status quo"
"Oyo","ts_exposures",2079.95,2243,2418,2,"status quo"
"Oyo","ts_exposures",2078.95,2243,2399.05,3,"status quo"
"Oyo","ts_exposures",2090.925,2239,2405,4,"status quo"
"Oyo","ts_exposures",2077,2247,2414,5,"status quo"
"Oyo","ts_exposures",2069.975,2244.5,2408.05,6,"status quo"
"Oyo","ts_exposures",2084,2250,2412.1,7,"status quo"
"Oyo","ts_exposures",2071.925,2241,2417,8,"status quo"
"Oyo","ts_exposures",2073.95,2238.5,2407.05,9,"status quo"
"Oyo","ts_exposures",2078.95,2238,2397.1,10,"status quo"
"Oyo","ts_exp_PEP",1645.975,1779,1919.025,1,"status quo"
"Oyo","ts_exp_PEP",1653.975,1797,1946.075,2,"status quo"
"Oyo","ts_exp_PEP",1660.925,1797,1932.025,3,"status quo"
"Oyo","ts_exp_PEP",1664.975,1792,1941,4,"status quo"
"Oyo","ts_exp_PEP",1658.975,1798,1946,5,"status quo"
"Oyo","ts_exp_PEP",1658.95,1799,1927,6,"status quo"
"Oyo","ts_exp_PEP",1662.975,1802,1932,7,"status quo"
"Oyo","ts_exp_PEP",1652.975,1795,1941.05,8,"status quo"
"Oyo","ts_exp_PEP",1657.975,1796,1937,9,"status quo"
"Oyo","ts_exp_PEP",1660.925,1793.5,1926.025,10,"status quo"
"Oyo","ts_vaccine_vials",3291.95,3558,3838.05,1,"status quo"
"Oyo","ts_vaccine_vials",3307.95,3594,3892.15,2,"status quo"
"Oyo","ts_vaccine_vials",3321.85,3594,3864.05,3,"status quo"
"Oyo","ts_vaccine_vials",3329.95,3584,3882,4,"status quo"
"Oyo","ts_vaccine_vials",3317.95,3596,3892,5,"status quo"
"Oyo","ts_vaccine_vials",3317.9,3598,3854,6,"status quo"
"Oyo","ts_vaccine_vials",3325.95,3604,3864,7,"status quo"
"Oyo","ts_vaccine_vials",3305.95,3590,3882.1,8,"status quo"
"Oyo","ts_vaccine_vials",3315.95,3592,3874,9,"status quo"
"Oyo","ts_vaccine_vials",3321.85,3587,3852.05,10,"status quo"
"Oyo","ts_rabid_dogs",5569.79562500001,5901.15,6204.03375000001,1,"status quo"
"Oyo","ts_rabid_dogs",5622.70343750001,5947.075,6249.0628125,2,"status quo"
"Oyo","ts_rabid_dogs",5632.4596875,5951.225,6219.58968749999,3,"status quo"
"Oyo","ts_rabid_dogs",5673.1725,5946.90625,6225.28156250001,4,"status quo"
"Oyo","ts_rabid_dogs",5639.2934375,5949.12499999999,6255.00281249999,5,"status quo"
"Oyo","ts_rabid_dogs",5609.86968750001,5952.30625,6254.5409375,6,"status quo"
"Oyo","ts_rabid_dogs",5617.5878125,5951.0625,6237.526875,7,"status quo"
"Oyo","ts_rabid_dogs",5622.21875,5953.075,6238.36593750001,8,"status quo"
"Oyo","ts_rabid_dogs",5636.3603125,5949.6625,6241.05250000002,9,"status quo"
"Oyo","ts_rabid_dogs",5613.1478125,5940.20000000001,6262.64656250001,10,"status quo"
"Plateau","ts_deaths",117,141,168,1,"status quo"
"Plateau","ts_deaths",120,143,169,2,"status quo"
"Plateau","ts_deaths",117,143,169,3,"status quo"
"Plateau","ts_deaths",119,143,170,4,"status quo"
"Plateau","ts_deaths",120,144,170,5,"status quo"
"Plateau","ts_deaths",119,144,170,6,"status quo"
"Plateau","ts_deaths",118,144,169,7,"status quo"
"Plateau","ts_deaths",118,143,170,8,"status quo"
"Plateau","ts_deaths",117.975,143,170.025,9,"status quo"
"Plateau","ts_deaths",118.975,143,171,10,"status quo"
"Plateau","ts_exposures",1939.925,2113,2309.025,1,"status quo"
"Plateau","ts_exposures",1964.975,2137.5,2317.05,2,"status quo"
"Plateau","ts_exposures",1954.975,2142,2320.1,3,"status quo"
"Plateau","ts_exposures",1949.975,2142.5,2335.025,4,"status quo"
"Plateau","ts_exposures",1968.925,2140,2314.05,5,"status quo"
"Plateau","ts_exposures",1962.875,2142,2335.1,6,"status quo"
"Plateau","ts_exposures",1963.95,2137,2324,7,"status quo"
"Plateau","ts_exposures",1956.875,2141.5,2315.025,8,"status quo"
"Plateau","ts_exposures",1941.9,2134,2332.05,9,"status quo"
"Plateau","ts_exposures",1947.975,2140,2320.075,10,"status quo"
"Plateau","ts_exp_PEP",1159,1278.5,1408.025,1,"status quo"
"Plateau","ts_exp_PEP",1176,1294,1405.025,2,"status quo"
"Plateau","ts_exp_PEP",1173.95,1299,1415,3,"status quo"
"Plateau","ts_exp_PEP",1175.975,1296,1416.025,4,"status quo"
"Plateau","ts_exp_PEP",1182.975,1296,1417.025,5,"status quo"
"Plateau","ts_exp_PEP",1172,1298.5,1417.1,6,"status quo"
"Plateau","ts_exp_PEP",1177.975,1292,1416.025,7,"status quo"
"Plateau","ts_exp_PEP",1178.975,1301,1410,8,"status quo"
"Plateau","ts_exp_PEP",1166.95,1292,1419.05,9,"status quo"
"Plateau","ts_exp_PEP",1167.95,1297,1413.025,10,"status quo"
"Plateau","ts_vaccine_vials",2318,2557,2816.05,1,"status quo"
"Plateau","ts_vaccine_vials",2352,2588,2810.05,2,"status quo"
"Plateau","ts_vaccine_vials",2347.9,2598,2830,3,"status quo"
"Plateau","ts_vaccine_vials",2351.95,2592,2832.05,4,"status quo"
"Plateau","ts_vaccine_vials",2365.95,2592,2834.05,5,"status quo"
"Plateau","ts_vaccine_vials",2344,2597,2834.2,6,"status quo"
"Plateau","ts_vaccine_vials",2355.95,2584,2832.05,7,"status quo"
"Plateau","ts_vaccine_vials",2357.95,2602,2820,8,"status quo"
"Plateau","ts_vaccine_vials",2333.9,2584,2838.1,9,"status quo"
"Plateau","ts_vaccine_vials",2335.9,2594,2826.05,10,"status quo"
"Plateau","ts_rabid_dogs",5241.9490625,5625.1125,5978.41437499999,1,"status quo"
"Plateau","ts_rabid_dogs",5286.5278125,5675.68125,6043.5471875,2,"status quo"
"Plateau","ts_rabid_dogs",5303.17,5678.94375000001,6041.15875,3,"status quo"
"Plateau","ts_rabid_dogs",5293.576875,5679.53125,6041.30125,4,"status quo"
"Plateau","ts_rabid_dogs",5303.15718749999,5674.20625,6019.93281249999,5,"status quo"
"Plateau","ts_rabid_dogs",5292.5509375,5676.69999999999,6033.20343749999,6,"status quo"
"Plateau","ts_rabid_dogs",5297.4740625,5672.08749999999,6039.10906249999,7,"status quo"
"Plateau","ts_rabid_dogs",5293.27156249999,5679.58125000001,6043.8346875,8,"status quo"
"Plateau","ts_rabid_dogs",5303.60718749999,5671.15,6045.12031249999,9,"status quo"
"Plateau","ts_rabid_dogs",5269.1021875,5674.3625,6025.30062499999,10,"status quo"
"Rivers","ts_deaths",484.975,534,586.075,1,"status quo"
"Rivers","ts_deaths",488,539,593,2,"status quo"
"Rivers","ts_deaths",489.975,541,593,3,"status quo"
"Rivers","ts_deaths",488.975,541,592,4,"status quo"
"Rivers","ts_deaths",490.975,539,587,5,"status quo"
"Rivers","ts_deaths",491,540,590,6,"status quo"
"Rivers","ts_deaths",493.975,541,591,7,"status quo"
"Rivers","ts_deaths",487,542,588.025,8,"status quo"
"Rivers","ts_deaths",485.975,540,589,9,"status quo"
"Rivers","ts_deaths",491.975,540,590,10,"status quo"
"Rivers","ts_exposures",11614.95,12208,12760.15,1,"status quo"
"Rivers","ts_exposures",11747,12309,12818.075,2,"status quo"
"Rivers","ts_exposures",11689.45,12300.5,12819,3,"status quo"
"Rivers","ts_exposures",11710.95,12310,12808.2,4,"status quo"
"Rivers","ts_exposures",11729.325,12318,12837,5,"status quo"
"Rivers","ts_exposures",11732.95,12273.5,12830.15,6,"status quo"
"Rivers","ts_exposures",11736.675,12307,12835.1,7,"status quo"
"Rivers","ts_exposures",11715,12307.5,12818.325,8,"status quo"
"Rivers","ts_exposures",11668.925,12283,12816.45,9,"status quo"
"Rivers","ts_exposures",11675.95,12298,12836.125,10,"status quo"
"Rivers","ts_exp_PEP",8598.9,9053,9457,1,"status quo"
"Rivers","ts_exp_PEP",8692.975,9121,9527.05,2,"status quo"
"Rivers","ts_exp_PEP",8668.875,9115,9522.075,3,"status quo"
"Rivers","ts_exp_PEP",8678.875,9134,9515.075,4,"status quo"
"Rivers","ts_exp_PEP",8680.85,9128,9534.075,5,"status quo"
"Rivers","ts_exp_PEP",8677.925,9109.5,9501.125,6,"status quo"
"Rivers","ts_exp_PEP",8693.775,9123,9525.05,7,"status quo"
"Rivers","ts_exp_PEP",8655.9,9126,9499.05,8,"status quo"
"Rivers","ts_exp_PEP",8646.975,9110.5,9510.025,9,"status quo"
"Rivers","ts_exp_PEP",8645.9,9125.5,9539.075,10,"status quo"
"Rivers","ts_vaccine_vials",17197.8,18106,18914,1,"status quo"
"Rivers","ts_vaccine_vials",17385.95,18242,19054.1,2,"status quo"
"Rivers","ts_vaccine_vials",17337.75,18230,19044.15,3,"status quo"
"Rivers","ts_vaccine_vials",17357.75,18268,19030.15,4,"status quo"
"Rivers","ts_vaccine_vials",17361.7,18256,19068.15,5,"status quo"
"Rivers","ts_vaccine_vials",17355.85,18219,19002.25,6,"status quo"
"Rivers","ts_vaccine_vials",17387.55,18246,19050.1,7,"status quo"
"Rivers","ts_vaccine_vials",17311.8,18252,18998.1,8,"status quo"
"Rivers","ts_vaccine_vials",17293.95,18221,19020.05,9,"status quo"
"Rivers","ts_vaccine_vials",17291.8,18251,19078.15,10,"status quo"
"Rivers","ts_rabid_dogs",30690.88625,32141.925,33433.956875,1,"status quo"
"Rivers","ts_rabid_dogs",31030.131875,32449.175,33507.21875,2,"status quo"
"Rivers","ts_rabid_dogs",30951.6309375,32421.04375,33584.68125,3,"status quo"
"Rivers","ts_rabid_dogs",31012.16875,32405.29375,33595.6940625,4,"status quo"
"Rivers","ts_rabid_dogs",31031.3309375,32432.8125,33491.238125,5,"status quo"
"Rivers","ts_rabid_dogs",30971.6190625,32352.79375,33596.0565625,6,"status quo"
"Rivers","ts_rabid_dogs",30996.825,32386.41875,33554.2378125,7,"status quo"
"Rivers","ts_rabid_dogs",31025.8621875,32376.55625,33551.43125,8,"status quo"
"Rivers","ts_rabid_dogs",30985.65,32355.54375,33532.69375,9,"status quo"
"Rivers","ts_rabid_dogs",30943.2059375,32377.8125,33609.3871875,10,"status quo"
"Sokoto","ts_deaths",60,79,98.025,1,"status quo"
"Sokoto","ts_deaths",61.975,80,98,2,"status quo"
"Sokoto","ts_deaths",61,80,99,3,"status quo"
"Sokoto","ts_deaths",62,80,99,4,"status quo"
"Sokoto","ts_deaths",62,79,99.025,5,"status quo"
"Sokoto","ts_deaths",61,79,98.025,6,"status quo"
"Sokoto","ts_deaths",63,79,99,7,"status quo"
"Sokoto","ts_deaths",62,80,99,8,"status quo"
"Sokoto","ts_deaths",61,79,101,9,"status quo"
"Sokoto","ts_deaths",61,79,98.025,10,"status quo"
"Sokoto","ts_exposures",840.95,925.5,1019.025,1,"status quo"
"Sokoto","ts_exposures",853.975,935,1027.025,2,"status quo"
"Sokoto","ts_exposures",843,935,1028.025,3,"status quo"
"Sokoto","ts_exposures",839.975,934,1027.05,4,"status quo"
"Sokoto","ts_exposures",841.975,934,1028,5,"status quo"
"Sokoto","ts_exposures",847,933,1023,6,"status quo"
"Sokoto","ts_exposures",846.975,936,1028.025,7,"status quo"
"Sokoto","ts_exposures",843,937,1023.025,8,"status quo"
"Sokoto","ts_exposures",845,935,1032.05,9,"status quo"
"Sokoto","ts_exposures",848,931,1020,10,"status quo"
"Sokoto","ts_exp_PEP",409,462,518.05,1,"status quo"
"Sokoto","ts_exp_PEP",413.975,465,521,2,"status quo"
"Sokoto","ts_exp_PEP",414,464,523.025,3,"status quo"
"Sokoto","ts_exp_PEP",413,464,521.025,4,"status quo"
"Sokoto","ts_exp_PEP",410,464,522,5,"status quo"
"Sokoto","ts_exp_PEP",411.975,464,517,6,"status quo"
"Sokoto","ts_exp_PEP",410.975,466,522,7,"status quo"
"Sokoto","ts_exp_PEP",409.975,464,518,8,"status quo"
"Sokoto","ts_exp_PEP",416,465,521,9,"status quo"
"Sokoto","ts_exp_PEP",410,463,517.025,10,"status quo"
"Sokoto","ts_vaccine_vials",818,924,1036.1,1,"status quo"
"Sokoto","ts_vaccine_vials",827.95,930,1042,2,"status quo"
"Sokoto","ts_vaccine_vials",828,928,1046.05,3,"status quo"
"Sokoto","ts_vaccine_vials",826,928,1042.05,4,"status quo"
"Sokoto","ts_vaccine_vials",820,928,1044,5,"status quo"
"Sokoto","ts_vaccine_vials",823.95,928,1034,6,"status quo"
"Sokoto","ts_vaccine_vials",821.95,932,1044,7,"status quo"
"Sokoto","ts_vaccine_vials",819.95,928,1036,8,"status quo"
"Sokoto","ts_vaccine_vials",832,930,1042,9,"status quo"
"Sokoto","ts_vaccine_vials",820,926,1034.05,10,"status quo"
"Sokoto","ts_rabid_dogs",2345.5234375,2481.25625,2604.840625,1,"status quo"
"Sokoto","ts_rabid_dogs",2386.4925,2508.25625,2610.686875,2,"status quo"
"Sokoto","ts_rabid_dogs",2373.6728125,2504.28125,2614.563125,3,"status quo"
"Sokoto","ts_rabid_dogs",2375.8503125,2504.44375,2614.6315625,4,"status quo"
"Sokoto","ts_rabid_dogs",2369.149375,2505.39375,2617.2284375,5,"status quo"
"Sokoto","ts_rabid_dogs",2378.569375,2503.90625,2618.63937500001,6,"status quo"
"Sokoto","ts_rabid_dogs",2370.393125,2505.49375,2611.560625,7,"status quo"
"Sokoto","ts_rabid_dogs",2368.6359375,2505.4,2611.7590625,8,"status quo"
"Sokoto","ts_rabid_dogs",2375.958125,2502.61875,2613.861875,9,"status quo"
"Sokoto","ts_rabid_dogs",2369.7571875,2503.6625,2622.6965625,10,"status quo"
"Taraba","ts_deaths",77.975,98,121,1,"status quo"
"Taraba","ts_deaths",79.975,100,122,2,"status quo"
"Taraba","ts_deaths",80,100,121,3,"status quo"
"Taraba","ts_deaths",80,99,122,4,"status quo"
"Taraba","ts_deaths",79,100,120.025,5,"status quo"
"Taraba","ts_deaths",79,99,121,6,"status quo"
"Taraba","ts_deaths",79,100,122,7,"status quo"
"Taraba","ts_deaths",79,100,122,8,"status quo"
"Taraba","ts_deaths",78,100,121,9,"status quo"
"Taraba","ts_deaths",79,100,123.025,10,"status quo"
"Taraba","ts_exposures",1043.9,1151,1270.025,1,"status quo"
"Taraba","ts_exposures",1062,1167,1289,2,"status quo"
"Taraba","ts_exposures",1061.95,1171,1288,3,"status quo"
"Taraba","ts_exposures",1055,1170,1286.025,4,"status quo"
"Taraba","ts_exposures",1061.925,1170,1289,5,"status quo"
"Taraba","ts_exposures",1061.975,1168,1282.025,6,"status quo"
"Taraba","ts_exposures",1061.9,1178,1281.025,7,"status quo"
"Taraba","ts_exposures",1057.975,1166.5,1287.05,8,"status quo"
"Taraba","ts_exposures",1065.9,1169,1284.05,9,"status quo"
"Taraba","ts_exposures",1065,1167,1288,10,"status quo"
"Taraba","ts_exp_PEP",513,574,641.025,1,"status quo"
"Taraba","ts_exp_PEP",518,581,653,2,"status quo"
"Taraba","ts_exp_PEP",515,583,649,3,"status quo"
"Taraba","ts_exp_PEP",518,581,649,4,"status quo"
"Taraba","ts_exp_PEP",516,582,650,5,"status quo"
"Taraba","ts_exp_PEP",521,580,645.025,6,"status quo"
"Taraba","ts_exp_PEP",516.975,584,647,7,"status quo"
"Taraba","ts_exp_PEP",519,582,648,8,"status quo"
"Taraba","ts_exp_PEP",518.95,582,649,9,"status quo"
"Taraba","ts_exp_PEP",519.975,582,648,10,"status quo"
"Taraba","ts_vaccine_vials",1026,1148,1282.05,1,"status quo"
"Taraba","ts_vaccine_vials",1036,1162,1306,2,"status quo"
"Taraba","ts_vaccine_vials",1030,1166,1298,3,"status quo"
"Taraba","ts_vaccine_vials",1036,1162,1298,4,"status quo"
"Taraba","ts_vaccine_vials",1032,1164,1300,5,"status quo"
"Taraba","ts_vaccine_vials",1042,1160,1290.05,6,"status quo"
"Taraba","ts_vaccine_vials",1033.95,1168,1294,7,"status quo"
"Taraba","ts_vaccine_vials",1038,1164,1296,8,"status quo"
"Taraba","ts_vaccine_vials",1037.9,1164,1298,9,"status quo"
"Taraba","ts_vaccine_vials",1039.95,1164,1296,10,"status quo"
"Taraba","ts_rabid_dogs",2886.145625,3078.59375,3274.0746875,1,"status quo"
"Taraba","ts_rabid_dogs",2927.8809375,3119.0125,3304.465625,2,"status quo"
"Taraba","ts_rabid_dogs",2934.3675,3122.3,3325.26500000001,3,"status quo"
"Taraba","ts_rabid_dogs",2936.3884375,3120.1,3308.426875,4,"status quo"
"Taraba","ts_rabid_dogs",2917.55625,3126.1625,3306.76281250001,5,"status quo"
"Taraba","ts_rabid_dogs",2926.008125,3123.8625,3308.621875,6,"status quo"
"Taraba","ts_rabid_dogs",2930.5315625,3127.8625,3306.6121875,7,"status quo"
"Taraba","ts_rabid_dogs",2945.4065625,3127,3310.0771875,8,"status quo"
"Taraba","ts_rabid_dogs",2935.573125,3122.825,3321.038125,9,"status quo"
"Taraba","ts_rabid_dogs",2936.1075,3118.96875,3314.935625,10,"status quo"
"Yobe","ts_deaths",33,46,60,1,"status quo"
"Yobe","ts_deaths",34,46,62,2,"status quo"
"Yobe","ts_deaths",33,46,59,3,"status quo"
"Yobe","ts_deaths",33,47,61.025,4,"status quo"
"Yobe","ts_deaths",33,46,60,5,"status quo"
"Yobe","ts_deaths",34,46,61,6,"status quo"
"Yobe","ts_deaths",34,47,61,7,"status quo"
"Yobe","ts_deaths",33.975,46,60.025,8,"status quo"
"Yobe","ts_deaths",32,46,61,9,"status quo"
"Yobe","ts_deaths",34,46,60,10,"status quo"
"Yobe","ts_exposures",526.975,591,657.05,1,"status quo"
"Yobe","ts_exposures",535.975,599,661,2,"status quo"
"Yobe","ts_exposures",534.975,598.5,666,3,"status quo"
"Yobe","ts_exposures",529.95,597,661.025,4,"status quo"
"Yobe","ts_exposures",536,596,664.05,5,"status quo"
"Yobe","ts_exposures",529.975,599,667,6,"status quo"
"Yobe","ts_exposures",532.95,598,666.025,7,"status quo"
"Yobe","ts_exposures",532.95,597,661.075,8,"status quo"
"Yobe","ts_exposures",530.975,596,659.05,9,"status quo"
"Yobe","ts_exposures",532.975,597,659.05,10,"status quo"
"Yobe","ts_exp_PEP",279,321,369,1,"status quo"
"Yobe","ts_exp_PEP",283,325,365,2,"status quo"
"Yobe","ts_exp_PEP",283.975,325.5,370,3,"status quo"
"Yobe","ts_exp_PEP",282,325,367,4,"status quo"
"Yobe","ts_exp_PEP",282,324,370,5,"status quo"
"Yobe","ts_exp_PEP",285,324,370,6,"status quo"
"Yobe","ts_exp_PEP",281,325,367.025,7,"status quo"
"Yobe","ts_exp_PEP",282.975,325,368,8,"status quo"
"Yobe","ts_exp_PEP",281,324,367,9,"status quo"
"Yobe","ts_exp_PEP",283.975,324,366.025,10,"status quo"
"Yobe","ts_vaccine_vials",558,642,738,1,"status quo"
"Yobe","ts_vaccine_vials",566,650,730,2,"status quo"
"Yobe","ts_vaccine_vials",567.95,651,740,3,"status quo"
"Yobe","ts_vaccine_vials",564,650,734,4,"status quo"
"Yobe","ts_vaccine_vials",564,648,740,5,"status quo"
"Yobe","ts_vaccine_vials",570,648,740,6,"status quo"
"Yobe","ts_vaccine_vials",562,650,734.05,7,"status quo"
"Yobe","ts_vaccine_vials",565.95,650,736,8,"status quo"
"Yobe","ts_vaccine_vials",562,648,734,9,"status quo"
"Yobe","ts_vaccine_vials",567.95,648,732.05,10,"status quo"
"Yobe","ts_rabid_dogs",1504.4225,1596.36875,1674.1465625,1,"status quo"
"Yobe","ts_rabid_dogs",1528.425625,1616.2,1688.19125,2,"status quo"
"Yobe","ts_rabid_dogs",1525.9696875,1618.21875,1690.9228125,3,"status quo"
"Yobe","ts_rabid_dogs",1525.128125,1615.76875,1692.095625,4,"status quo"
"Yobe","ts_rabid_dogs",1527.0425,1614.325,1691.0425,5,"status quo"
"Yobe","ts_rabid_dogs",1523.185,1614.075,1691.9184375,6,"status quo"
"Yobe","ts_rabid_dogs",1518.3978125,1615.9625,1691.4178125,7,"status quo"
"Yobe","ts_rabid_dogs",1522.0290625,1615.9625,1691.758125,8,"status quo"
"Yobe","ts_rabid_dogs",1522.9834375,1617.39375,1684.7678125,9,"status quo"
"Yobe","ts_rabid_dogs",1526.500625,1615.0875,1691.4240625,10,"status quo"
"Zamfara","ts_deaths",47,63,80,1,"status quo"
"Zamfara","ts_deaths",49,64,81,2,"status quo"
"Zamfara","ts_deaths",48,64,81,3,"status quo"
"Zamfara","ts_deaths",49.975,64,82.025,4,"status quo"
"Zamfara","ts_deaths",49.975,64,82,5,"status quo"
"Zamfara","ts_deaths",49,64,80.025,6,"status quo"
"Zamfara","ts_deaths",48,65,82,7,"status quo"
"Zamfara","ts_deaths",49,64,80,8,"status quo"
"Zamfara","ts_deaths",48,64,81,9,"status quo"
"Zamfara","ts_deaths",48,64,81,10,"status quo"
"Zamfara","ts_exposures",727,809,891,1,"status quo"
"Zamfara","ts_exposures",733.975,821,902,2,"status quo"
"Zamfara","ts_exposures",737.975,816,906,3,"status quo"
"Zamfara","ts_exposures",736,819,907.025,4,"status quo"
"Zamfara","ts_exposures",743,820,911.05,5,"status quo"
"Zamfara","ts_exposures",735.975,815,902.025,6,"status quo"
"Zamfara","ts_exposures",736.975,815,901,7,"status quo"
"Zamfara","ts_exposures",739.95,821,906,8,"status quo"
"Zamfara","ts_exposures",739,819,894,9,"status quo"
"Zamfara","ts_exposures",740,819,915,10,"status quo"
"Zamfara","ts_exp_PEP",382,436,487,1,"status quo"
"Zamfara","ts_exp_PEP",388,439.5,493.025,2,"status quo"
"Zamfara","ts_exp_PEP",389,437,492.025,3,"status quo"
"Zamfara","ts_exp_PEP",388,440,492.075,4,"status quo"
"Zamfara","ts_exp_PEP",392.975,440,498.025,5,"status quo"
"Zamfara","ts_exp_PEP",387.975,438,490.025,6,"status quo"
"Zamfara","ts_exp_PEP",387,437,493.025,7,"status quo"
"Zamfara","ts_exp_PEP",390,440,493,8,"status quo"
"Zamfara","ts_exp_PEP",389,438,491.025,9,"status quo"
"Zamfara","ts_exp_PEP",388.975,440,499,10,"status quo"
"Zamfara","ts_vaccine_vials",764,872,974,1,"status quo"
"Zamfara","ts_vaccine_vials",776,879,986.05,2,"status quo"
"Zamfara","ts_vaccine_vials",778,874,984.05,3,"status quo"
"Zamfara","ts_vaccine_vials",776,880,984.15,4,"status quo"
"Zamfara","ts_vaccine_vials",785.95,880,996.05,5,"status quo"
"Zamfara","ts_vaccine_vials",775.95,876,980.05,6,"status quo"
"Zamfara","ts_vaccine_vials",774,874,986.05,7,"status quo"
"Zamfara","ts_vaccine_vials",780,880,986,8,"status quo"
"Zamfara","ts_vaccine_vials",778,876,982.05,9,"status quo"
"Zamfara","ts_vaccine_vials",777.95,880,998,10,"status quo"
"Zamfara","ts_rabid_dogs",2050.4696875,2174.225,2283.86875,1,"status quo"
"Zamfara","ts_rabid_dogs",2081.019375,2204.34375,2302.1146875,2,"status quo"
"Zamfara","ts_rabid_dogs",2089.4871875,2202.01875,2301.9621875,3,"status quo"
"Zamfara","ts_rabid_dogs",2083.8146875,2201.85625,2300.195625,4,"status quo"
"Zamfara","ts_rabid_dogs",2091.9715625,2206.7,2305.518125,5,"status quo"
"Zamfara","ts_rabid_dogs",2087.7290625,2200.3625,2302.488125,6,"status quo"
"Zamfara","ts_rabid_dogs",2082.385,2197.9875,2300.8690625,7,"status quo"
"Zamfara","ts_rabid_dogs",2088.4190625,2203.9375,2301.4165625,8,"status quo"
"Zamfara","ts_rabid_dogs",2089.8565625,2202.68125,2300.2271875,9,"status quo"
"Zamfara","ts_rabid_dogs",2088.9425,2201.2125,2296.755625,10,"status quo"
"Federal Capital Territory","ts_deaths",23,33,45.025,1,"status quo"
"Federal Capital Territory","ts_deaths",23,34,46,2,"status quo"
"Federal Capital Territory","ts_deaths",22,34,47,3,"status quo"
"Federal Capital Territory","ts_deaths",23.975,34,46.025,4,"status quo"
"Federal Capital Territory","ts_deaths",23,34,47,5,"status quo"
"Federal Capital Territory","ts_deaths",23,34,47,6,"status quo"
"Federal Capital Territory","ts_deaths",23,34,47,7,"status quo"
"Federal Capital Territory","ts_deaths",23,34,46,8,"status quo"
"Federal Capital Territory","ts_deaths",22,33,46,9,"status quo"
"Federal Capital Territory","ts_deaths",24,34,47,10,"status quo"
"Federal Capital Territory","ts_exposures",543.975,610,683,1,"status quo"
"Federal Capital Territory","ts_exposures",551,621,691.05,2,"status quo"
"Federal Capital Territory","ts_exposures",547.975,621,692,3,"status quo"
"Federal Capital Territory","ts_exposures",546,619,693.025,4,"status quo"
"Federal Capital Territory","ts_exposures",547,620,693,5,"status quo"
"Federal Capital Territory","ts_exposures",551,619,697.05,6,"status quo"
"Federal Capital Territory","ts_exposures",547.975,620.5,689,7,"status quo"
"Federal Capital Territory","ts_exposures",547,618,690.025,8,"status quo"
"Federal Capital Territory","ts_exposures",539.975,616,691.1,9,"status quo"
"Federal Capital Territory","ts_exposures",545,619,693,10,"status quo"
"Federal Capital Territory","ts_exp_PEP",360,413,463.025,1,"status quo"
"Federal Capital Territory","ts_exp_PEP",365.95,419,473,2,"status quo"
"Federal Capital Territory","ts_exp_PEP",367,419,474.025,3,"status quo"
"Federal Capital Territory","ts_exp_PEP",365.975,418,474.025,4,"status quo"
"Federal Capital Territory","ts_exp_PEP",364,418,475,5,"status quo"
"Federal Capital Territory","ts_exp_PEP",366.975,419,473,6,"status quo"
"Federal Capital Territory","ts_exp_PEP",363,419.5,475.025,7,"status quo"
"Federal Capital Territory","ts_exp_PEP",362.975,417,472,8,"status quo"
"Federal Capital Territory","ts_exp_PEP",361.975,416,472,9,"status quo"
"Federal Capital Territory","ts_exp_PEP",362.975,417,474,10,"status quo"
"Federal Capital Territory","ts_vaccine_vials",720,826,926.05,1,"status quo"
"Federal Capital Territory","ts_vaccine_vials",731.9,838,946,2,"status quo"
"Federal Capital Territory","ts_vaccine_vials",734,838,948.05,3,"status quo"
"Federal Capital Territory","ts_vaccine_vials",731.95,836,948.05,4,"status quo"
"Federal Capital Territory","ts_vaccine_vials",728,836,950,5,"status quo"
"Federal Capital Territory","ts_vaccine_vials",733.95,838,946,6,"status quo"
"Federal Capital Territory","ts_vaccine_vials",726,839,950.05,7,"status quo"
"Federal Capital Territory","ts_vaccine_vials",725.95,834,944,8,"status quo"
"Federal Capital Territory","ts_vaccine_vials",723.95,832,944,9,"status quo"
"Federal Capital Territory","ts_vaccine_vials",725.95,834,948,10,"status quo"
"Federal Capital Territory","ts_rabid_dogs",1553.721875,1655.2125,1748.9584375,1,"status quo"
"Federal Capital Territory","ts_rabid_dogs",1579.3346875,1673.1375,1767.873125,2,"status quo"
"Federal Capital Territory","ts_rabid_dogs",1574.0365625,1676.3875,1767.7575,3,"status quo"
"Federal Capital Territory","ts_rabid_dogs",1579.6346875,1674.14375,1765.2359375,4,"status quo"
"Federal Capital Territory","ts_rabid_dogs",1579.8534375,1677.66875,1768.7840625,5,"status quo"
"Federal Capital Territory","ts_rabid_dogs",1576.6509375,1674.26875,1759.9515625,6,"status quo"
"Federal Capital Territory","ts_rabid_dogs",1572.41875,1674.9875,1763.05625,7,"status quo"
"Federal Capital Territory","ts_rabid_dogs",1573.1746875,1674.73125,1761.815625,8,"status quo"
"Federal Capital Territory","ts_rabid_dogs",1568.2621875,1675.1375,1765.2390625,9,"status quo"
"Federal Capital Territory","ts_rabid_dogs",1574.07125,1674.20625,1766.188125,10,"status quo"
