"state","output","LL","Median","UL","year","scenario"
"Abia","ts_deaths",455,482,507.55,1,"status quo"
"Abia","ts_deaths",455.475,489,524.325,2,"status quo"
"Abia","ts_deaths",438.425,482,566.6,3,"status quo"
"Abia","ts_deaths",453.95,499.5,547.7,4,"status quo"
"Abia","ts_deaths",464.175,507,530.325,5,"status quo"
"Abia","ts_deaths",474.725,518.5,544.725,6,"status quo"
"Abia","ts_deaths",452.35,509.5,540.55,7,"status quo"
"Abia","ts_deaths",477.025,492.5,514,8,"status quo"
"Abia","ts_deaths",436.15,497.5,547.7,9,"status quo"
"Abia","ts_deaths",456.05,497,527.775,10,"status quo"
"Abia","ts_exposures",5424.15,5740.5,6094.375,1,"status quo"
"Abia","ts_exposures",5691.875,5911.5,6345.3,2,"status quo"
"Abia","ts_exposures",5522.125,5854,6352.75,3,"status quo"
"Abia","ts_exposures",5692.025,6096.5,6154.975,4,"status quo"
"Abia","ts_exposures",5618.05,6082.5,6321.85,5,"status quo"
"Abia","ts_exposures",5802.8,6098,6544,6,"status quo"
"Abia","ts_exposures",5682.45,5994.5,6368.7,7,"status quo"
"Abia","ts_exposures",5798.625,6010,6500.25,8,"status quo"
"Abia","ts_exposures",5547.375,6153,6261.425,9,"status quo"
"Abia","ts_exposures",5827.525,5968,6268.5,10,"status quo"
"Abia","ts_exp_PEP",2751.25,2884.5,3082.525,1,"status quo"
"Abia","ts_exp_PEP",2875.55,3024.5,3198.275,2,"status quo"
"Abia","ts_exp_PEP",2809.075,3028,3214.6,3,"status quo"
"Abia","ts_exp_PEP",2958.15,3126.5,3211.8,4,"status quo"
"Abia","ts_exp_PEP",2882.125,3153,3231.375,5,"status quo"
"Abia","ts_exp_PEP",2970.375,3110.5,3394.925,6,"status quo"
"Abia","ts_exp_PEP",2927.05,3081,3282.225,7,"status quo"
"Abia","ts_exp_PEP",2896.55,3100.5,3360.95,8,"status quo"
"Abia","ts_exp_PEP",2870.65,3132,3185.3,9,"status quo"
"Abia","ts_exp_PEP",2960.625,3066,3207.575,10,"status quo"
"Abia","ts_vaccine_vials",5502.5,5769,6165.05,1,"status quo"
"Abia","ts_vaccine_vials",5751.1,6049,6396.55,2,"status quo"
"Abia","ts_vaccine_vials",5618.15,6056,6429.2,3,"status quo"
"Abia","ts_vaccine_vials",5916.3,6253,6423.6,4,"status quo"
"Abia","ts_vaccine_vials",5764.25,6306,6462.75,5,"status quo"
"Abia","ts_vaccine_vials",5940.75,6221,6789.85,6,"status quo"
"Abia","ts_vaccine_vials",5854.1,6162,6564.45,7,"status quo"
"Abia","ts_vaccine_vials",5793.1,6201,6721.9,8,"status quo"
"Abia","ts_vaccine_vials",5741.3,6264,6370.6,9,"status quo"
"Abia","ts_vaccine_vials",5921.25,6132,6415.15,10,"status quo"
"Abia","ts_rabid_dogs",14328.666875,15191.3125,15870.7025,1,"status quo"
"Abia","ts_rabid_dogs",15038.4759375,15643.06875,16292.71625,2,"status quo"
"Abia","ts_rabid_dogs",14713.596875,15564.5,16791.4196875,3,"status quo"
"Abia","ts_rabid_dogs",14848.7484375,15969.0875,16312.6015625,4,"status quo"
"Abia","ts_rabid_dogs",15126.5521875,15825.94375,16816.06,5,"status quo"
"Abia","ts_rabid_dogs",15566.8515625,15889.95,16800.701875,6,"status quo"
"Abia","ts_rabid_dogs",14951.1859375,15847.4875,16949.6025,7,"status quo"
"Abia","ts_rabid_dogs",15308.3821875,16086.46875,16962.3759375,8,"status quo"
"Abia","ts_rabid_dogs",14748.46,16035.04375,16694.28375,9,"status quo"
"Abia","ts_rabid_dogs",15133.8271875,15863.00625,16318.084375,10,"status quo"
"Adamawa","ts_deaths",123.45,147.5,169,1,"status quo"
"Adamawa","ts_deaths",113.375,142,160.2,2,"status quo"
"Adamawa","ts_deaths",127.35,141,155.65,3,"status quo"
"Adamawa","ts_deaths",121.9,148.5,157.55,4,"status quo"
"Adamawa","ts_deaths",130.7,141.5,158.75,5,"status quo"
"Adamawa","ts_deaths",121.225,140.5,173.925,6,"status quo"
"Adamawa","ts_deaths",128.35,143.5,161.325,7,"status quo"
"Adamawa","ts_deaths",130.675,151.5,167.325,8,"status quo"
"Adamawa","ts_deaths",123.15,153,160,9,"status quo"
"Adamawa","ts_deaths",134.025,149.5,158.75,10,"status quo"
"Adamawa","ts_exposures",1351.225,1444,1521.45,1,"status quo"
"Adamawa","ts_exposures",1287.875,1394,1513.325,2,"status quo"
"Adamawa","ts_exposures",1350.35,1409,1507.975,3,"status quo"
"Adamawa","ts_exposures",1353.35,1422,1525.525,4,"status quo"
"Adamawa","ts_exposures",1342.825,1428,1523.4,5,"status quo"
"Adamawa","ts_exposures",1346.4,1404.5,1484.4,6,"status quo"
"Adamawa","ts_exposures",1343.825,1449,1524.55,7,"status quo"
"Adamawa","ts_exposures",1326.45,1412.5,1545.325,8,"status quo"
"Adamawa","ts_exposures",1304.275,1447,1506.525,9,"status quo"
"Adamawa","ts_exposures",1342.325,1466.5,1586.45,10,"status quo"
"Adamawa","ts_exp_PEP",549.15,580.5,632.575,1,"status quo"
"Adamawa","ts_exp_PEP",513.575,565,625.725,2,"status quo"
"Adamawa","ts_exp_PEP",528,574,639.8,3,"status quo"
"Adamawa","ts_exp_PEP",552.7,592.5,626.55,4,"status quo"
"Adamawa","ts_exp_PEP",538.675,577.5,604.425,5,"status quo"
"Adamawa","ts_exp_PEP",527.05,561,595.525,6,"status quo"
"Adamawa","ts_exp_PEP",549.35,590,637.4,7,"status quo"
"Adamawa","ts_exp_PEP",501.675,573.5,631.025,8,"status quo"
"Adamawa","ts_exp_PEP",527.775,587.5,638.375,9,"status quo"
"Adamawa","ts_exp_PEP",517,583.5,671.475,10,"status quo"
"Adamawa","ts_vaccine_vials",1098.3,1161,1265.15,1,"status quo"
"Adamawa","ts_vaccine_vials",1027.15,1130,1251.45,2,"status quo"
"Adamawa","ts_vaccine_vials",1056,1148,1279.6,3,"status quo"
"Adamawa","ts_vaccine_vials",1105.4,1185,1253.1,4,"status quo"
"Adamawa","ts_vaccine_vials",1077.35,1155,1208.85,5,"status quo"
"Adamawa","ts_vaccine_vials",1054.1,1122,1191.05,6,"status quo"
"Adamawa","ts_vaccine_vials",1098.7,1180,1274.8,7,"status quo"
"Adamawa","ts_vaccine_vials",1003.35,1147,1262.05,8,"status quo"
"Adamawa","ts_vaccine_vials",1055.55,1175,1276.75,9,"status quo"
"Adamawa","ts_vaccine_vials",1034,1167,1342.95,10,"status quo"
"Adamawa","ts_rabid_dogs",3630.775,3747.43125,3903.79375,1,"status quo"
"Adamawa","ts_rabid_dogs",3619.0828125,3743.05625,3996.9325,2,"status quo"
"Adamawa","ts_rabid_dogs",3610.919375,3800.0625,3918.8659375,3,"status quo"
"Adamawa","ts_rabid_dogs",3573.096875,3775.9,3957.15125,4,"status quo"
"Adamawa","ts_rabid_dogs",3558.871875,3782.4125,3944.8546875,5,"status quo"
"Adamawa","ts_rabid_dogs",3670.0978125,3785.2875,3990.809375,6,"status quo"
"Adamawa","ts_rabid_dogs",3611.785,3872.65,3957.2228125,7,"status quo"
"Adamawa","ts_rabid_dogs",3606.5796875,3809.375,3933.6096875,8,"status quo"
"Adamawa","ts_rabid_dogs",3622.84125,3753.58125,3906.0228125,9,"status quo"
"Adamawa","ts_rabid_dogs",3518.5559375,3785.1375,3964.2278125,10,"status quo"
"Akwa Ibom","ts_deaths",540.525,578,592.775,1,"status quo"
"Akwa Ibom","ts_deaths",536.475,602,666.025,2,"status quo"
"Akwa Ibom","ts_deaths",579.8,615,640.65,3,"status quo"
"Akwa Ibom","ts_deaths",566.125,616.5,676.025,4,"status quo"
"Akwa Ibom","ts_deaths",569.675,613,693.25,5,"status quo"
"Akwa Ibom","ts_deaths",560.275,610,698.85,6,"status quo"
"Akwa Ibom","ts_deaths",560.55,654,696.775,7,"status quo"
"Akwa Ibom","ts_deaths",570.575,634.5,678.3,8,"status quo"
"Akwa Ibom","ts_deaths",576.675,605.5,646.2,9,"status quo"
"Akwa Ibom","ts_deaths",564.125,607,672.3,10,"status quo"
"Akwa Ibom","ts_exposures",6897.175,7372.5,7673.45,1,"status quo"
"Akwa Ibom","ts_exposures",7195.3,7748,8005.025,2,"status quo"
"Akwa Ibom","ts_exposures",7422.425,7755,8327.9,3,"status quo"
"Akwa Ibom","ts_exposures",7522.9,7999,8264.775,4,"status quo"
"Akwa Ibom","ts_exposures",7447.525,7986.5,8685.375,5,"status quo"
"Akwa Ibom","ts_exposures",7461.4,7927.5,8366.7,6,"status quo"
"Akwa Ibom","ts_exposures",7262.2,8110,8294.3,7,"status quo"
"Akwa Ibom","ts_exposures",7664.65,7977,8346.35,8,"status quo"
"Akwa Ibom","ts_exposures",7462.4,7970,8404.7,9,"status quo"
"Akwa Ibom","ts_exposures",7477.025,7849.5,8243.3,10,"status quo"
"Akwa Ibom","ts_exp_PEP",3669.725,4006,4202.9,1,"status quo"
"Akwa Ibom","ts_exp_PEP",3911.25,4231,4321.4,2,"status quo"
"Akwa Ibom","ts_exp_PEP",4045.425,4198,4547.175,3,"status quo"
"Akwa Ibom","ts_exp_PEP",4080.025,4332.5,4510.55,4,"status quo"
"Akwa Ibom","ts_exp_PEP",3996.85,4283,4757.975,5,"status quo"
"Akwa Ibom","ts_exp_PEP",4040.6,4289,4515.775,6,"status quo"
"Akwa Ibom","ts_exp_PEP",3907.875,4412,4499.5,7,"status quo"
"Akwa Ibom","ts_exp_PEP",4195.225,4310.5,4534.225,8,"status quo"
"Akwa Ibom","ts_exp_PEP",4075.125,4334,4577.775,9,"status quo"
"Akwa Ibom","ts_exp_PEP",4067.025,4263,4418.325,10,"status quo"
"Akwa Ibom","ts_vaccine_vials",7339.45,8012,8405.8,1,"status quo"
"Akwa Ibom","ts_vaccine_vials",7822.5,8462,8642.8,2,"status quo"
"Akwa Ibom","ts_vaccine_vials",8090.85,8396,9094.35,3,"status quo"
"Akwa Ibom","ts_vaccine_vials",8160.05,8665,9021.1,4,"status quo"
"Akwa Ibom","ts_vaccine_vials",7993.7,8566,9515.95,5,"status quo"
"Akwa Ibom","ts_vaccine_vials",8081.2,8578,9031.55,6,"status quo"
"Akwa Ibom","ts_vaccine_vials",7815.75,8824,8999,7,"status quo"
"Akwa Ibom","ts_vaccine_vials",8390.45,8621,9068.45,8,"status quo"
"Akwa Ibom","ts_vaccine_vials",8150.25,8668,9155.55,9,"status quo"
"Akwa Ibom","ts_vaccine_vials",8134.05,8526,8836.65,10,"status quo"
"Akwa Ibom","ts_rabid_dogs",17959.00125,19408.9875,20356.0728125,1,"status quo"
"Akwa Ibom","ts_rabid_dogs",18957.66375,20455.50625,21313.31625,2,"status quo"
"Akwa Ibom","ts_rabid_dogs",19271.5271875,20564.38125,21543.60625,3,"status quo"
"Akwa Ibom","ts_rabid_dogs",19543.896875,20568.23125,21624.36125,4,"status quo"
"Akwa Ibom","ts_rabid_dogs",19653.8159375,20883.05625,22344.39625,5,"status quo"
"Akwa Ibom","ts_rabid_dogs",19612.2996875,20961.98125,21963.9346875,6,"status quo"
"Akwa Ibom","ts_rabid_dogs",19477.6440625,21314.75625,21744.791875,7,"status quo"
"Akwa Ibom","ts_rabid_dogs",20204.274375,20894.69375,21879.4090625,8,"status quo"
"Akwa Ibom","ts_rabid_dogs",19839.58375,21057,22173.72125,9,"status quo"
"Akwa Ibom","ts_rabid_dogs",19427.2403125,20819.64375,21463.9446875,10,"status quo"
"Anambra","ts_deaths",177.9,185.5,198.625,1,"status quo"
"Anambra","ts_deaths",186.9,209,219,2,"status quo"
"Anambra","ts_deaths",172.05,205,222.975,3,"status quo"
"Anambra","ts_deaths",167.125,220,255.825,4,"status quo"
"Anambra","ts_deaths",180.025,217,263.525,5,"status quo"
"Anambra","ts_deaths",182.9,214.5,240.2,6,"status quo"
"Anambra","ts_deaths",194.45,206.5,236.375,7,"status quo"
"Anambra","ts_deaths",188.825,218,256.075,8,"status quo"
"Anambra","ts_deaths",176.15,219,258.7,9,"status quo"
"Anambra","ts_deaths",196.675,221,237.55,10,"status quo"
"Anambra","ts_exposures",3143.7,3297.5,3527.375,1,"status quo"
"Anambra","ts_exposures",3369.775,3577.5,3953.325,2,"status quo"
"Anambra","ts_exposures",3103.5,3664,4416.85,3,"status quo"
"Anambra","ts_exposures",3227.8,3700.5,4229.575,4,"status quo"
"Anambra","ts_exposures",3224.6,3745,4504.35,5,"status quo"
"Anambra","ts_exposures",3405,3799.5,4456.3,6,"status quo"
"Anambra","ts_exposures",3463.025,3751.5,4218.475,7,"status quo"
"Anambra","ts_exposures",3717.275,3828,4235.675,8,"status quo"
"Anambra","ts_exposures",3419.625,3910.5,4376.175,9,"status quo"
"Anambra","ts_exposures",3559.975,3684.5,4449.425,10,"status quo"
"Anambra","ts_exp_PEP",2118.6,2245.5,2349.425,1,"status quo"
"Anambra","ts_exp_PEP",2269.375,2410,2658.875,2,"status quo"
"Anambra","ts_exp_PEP",2102.9,2485.5,3001.25,3,"status quo"
"Anambra","ts_exp_PEP",2145.275,2479,2787.925,4,"status quo"
"Anambra","ts_exp_PEP",2175.75,2503.5,3030.8,5,"status quo"
"Anambra","ts_exp_PEP",2275,2487,3014.3,6,"status quo"
"Anambra","ts_exp_PEP",2303.85,2483,2862.15,7,"status quo"
"Anambra","ts_exp_PEP",2471.225,2594.5,2839.6,8,"status quo"
"Anambra","ts_exp_PEP",2284.725,2609,2891.5,9,"status quo"
"Anambra","ts_exp_PEP",2388.725,2492,2972.725,10,"status quo"
"Anambra","ts_vaccine_vials",4237.2,4491,4698.85,1,"status quo"
"Anambra","ts_vaccine_vials",4538.75,4820,5317.75,2,"status quo"
"Anambra","ts_vaccine_vials",4205.8,4971,6002.5,3,"status quo"
"Anambra","ts_vaccine_vials",4290.55,4958,5575.85,4,"status quo"
"Anambra","ts_vaccine_vials",4351.5,5007,6061.6,5,"status quo"
"Anambra","ts_vaccine_vials",4550,4974,6028.6,6,"status quo"
"Anambra","ts_vaccine_vials",4607.7,4966,5724.3,7,"status quo"
"Anambra","ts_vaccine_vials",4942.45,5189,5679.2,8,"status quo"
"Anambra","ts_vaccine_vials",4569.45,5218,5783,9,"status quo"
"Anambra","ts_vaccine_vials",4777.45,4984,5945.45,10,"status quo"
"Anambra","ts_rabid_dogs",8301.360625,8726.20625,9482.4175,1,"status quo"
"Anambra","ts_rabid_dogs",8883.2371875,9594.175,10243.1153125,2,"status quo"
"Anambra","ts_rabid_dogs",8389.0965625,9525.41875,11574.648125,3,"status quo"
"Anambra","ts_rabid_dogs",8475.2459375,9766.575,10916.6190625,4,"status quo"
"Anambra","ts_rabid_dogs",8832.393125,9789.1625,11545.325625,5,"status quo"
"Anambra","ts_rabid_dogs",8985.9034375,10038.125,11881.921875,6,"status quo"
"Anambra","ts_rabid_dogs",9121.633125,9854.50625,11132.37375,7,"status quo"
"Anambra","ts_rabid_dogs",9576.441875,10121.20625,11278.54125,8,"status quo"
"Anambra","ts_rabid_dogs",9126.9859375,9930.66875,11430.6384375,9,"status quo"
"Anambra","ts_rabid_dogs",9365.5596875,9656.68125,11680.2909375,10,"status quo"
"Bauchi","ts_deaths",118.225,128.5,144.1,1,"status quo"
"Bauchi","ts_deaths",111.9,128.5,139.425,2,"status quo"
"Bauchi","ts_deaths",119.45,142.5,162.3,3,"status quo"
"Bauchi","ts_deaths",122.575,133,151.775,4,"status quo"
"Bauchi","ts_deaths",115.6,136.5,157.325,5,"status quo"
"Bauchi","ts_deaths",127.9,135,153.875,6,"status quo"
"Bauchi","ts_deaths",124.025,141,153.55,7,"status quo"
"Bauchi","ts_deaths",118.575,130,159.325,8,"status quo"
"Bauchi","ts_deaths",109.225,130.5,147.1,9,"status quo"
"Bauchi","ts_deaths",124.675,137,161.625,10,"status quo"
"Bauchi","ts_exposures",1232.725,1332.5,1415.1,1,"status quo"
"Bauchi","ts_exposures",1216.725,1358,1422.75,2,"status quo"
"Bauchi","ts_exposures",1253.175,1321,1482.825,3,"status quo"
"Bauchi","ts_exposures",1275.15,1333,1480.725,4,"status quo"
"Bauchi","ts_exposures",1297.025,1339.5,1400.55,5,"status quo"
"Bauchi","ts_exposures",1266.4,1347,1392.3,6,"status quo"
"Bauchi","ts_exposures",1228.725,1385,1432.525,7,"status quo"
"Bauchi","ts_exposures",1286.625,1368.5,1479.425,8,"status quo"
"Bauchi","ts_exposures",1256.35,1358,1454.875,9,"status quo"
"Bauchi","ts_exposures",1290.575,1361.5,1508.225,10,"status quo"
"Bauchi","ts_exp_PEP",510.075,552.5,591.725,1,"status quo"
"Bauchi","ts_exp_PEP",503.15,555.5,599.725,2,"status quo"
"Bauchi","ts_exp_PEP",491.825,542,617.45,3,"status quo"
"Bauchi","ts_exp_PEP",516.575,545,609.825,4,"status quo"
"Bauchi","ts_exp_PEP",526.25,553.5,585.425,5,"status quo"
"Bauchi","ts_exp_PEP",521.7,545.5,573.2,6,"status quo"
"Bauchi","ts_exp_PEP",499.05,558,583.775,7,"status quo"
"Bauchi","ts_exp_PEP",486.625,573,627.05,8,"status quo"
"Bauchi","ts_exp_PEP",512.6,556,617.4,9,"status quo"
"Bauchi","ts_exp_PEP",527.175,562.5,618.75,10,"status quo"
"Bauchi","ts_vaccine_vials",1020.15,1105,1183.45,1,"status quo"
"Bauchi","ts_vaccine_vials",1006.3,1111,1199.45,2,"status quo"
"Bauchi","ts_vaccine_vials",983.65,1084,1234.9,3,"status quo"
"Bauchi","ts_vaccine_vials",1033.15,1090,1219.65,4,"status quo"
"Bauchi","ts_vaccine_vials",1052.5,1107,1170.85,5,"status quo"
"Bauchi","ts_vaccine_vials",1043.4,1091,1146.4,6,"status quo"
"Bauchi","ts_vaccine_vials",998.1,1116,1167.55,7,"status quo"
"Bauchi","ts_vaccine_vials",973.25,1146,1254.1,8,"status quo"
"Bauchi","ts_vaccine_vials",1025.2,1112,1234.8,9,"status quo"
"Bauchi","ts_vaccine_vials",1054.35,1125,1237.5,10,"status quo"
"Bauchi","ts_rabid_dogs",3332.5421875,3559.58125,3718.7996875,1,"status quo"
"Bauchi","ts_rabid_dogs",3428.7628125,3558.56875,3742.113125,2,"status quo"
"Bauchi","ts_rabid_dogs",3451.0109375,3576.5375,3709.3046875,3,"status quo"
"Bauchi","ts_rabid_dogs",3452.645,3571.28125,3715.905,4,"status quo"
"Bauchi","ts_rabid_dogs",3377.5978125,3576.4375,3719.1125,5,"status quo"
"Bauchi","ts_rabid_dogs",3487.4303125,3563.35,3667.0203125,6,"status quo"
"Bauchi","ts_rabid_dogs",3498.1928125,3666.3375,3754.085625,7,"status quo"
"Bauchi","ts_rabid_dogs",3418.855,3642.25625,3759.2003125,8,"status quo"
"Bauchi","ts_rabid_dogs",3425.92,3574.55625,3757.96,9,"status quo"
"Bauchi","ts_rabid_dogs",3385.225,3640.73125,3789.13937499999,10,"status quo"
"Bayelsa","ts_deaths",97.225,107,128.775,1,"status quo"
"Bayelsa","ts_deaths",94.45,113,132.425,2,"status quo"
"Bayelsa","ts_deaths",88.05,118,139.55,3,"status quo"
"Bayelsa","ts_deaths",94,113.5,138.55,4,"status quo"
"Bayelsa","ts_deaths",100.125,114.5,147.325,5,"status quo"
"Bayelsa","ts_deaths",106.225,123.5,133.875,6,"status quo"
"Bayelsa","ts_deaths",91.375,121.5,150.725,7,"status quo"
"Bayelsa","ts_deaths",98.725,121,142.875,8,"status quo"
"Bayelsa","ts_deaths",104,121.5,151.075,9,"status quo"
"Bayelsa","ts_deaths",108.125,122.5,134.55,10,"status quo"
"Bayelsa","ts_exposures",1382.15,1498.5,1677.475,1,"status quo"
"Bayelsa","ts_exposures",1405.925,1542.5,1769.275,2,"status quo"
"Bayelsa","ts_exposures",1397.05,1683,1801.85,3,"status quo"
"Bayelsa","ts_exposures",1392.7,1652.5,1855.575,4,"status quo"
"Bayelsa","ts_exposures",1482.025,1608,1863.05,5,"status quo"
"Bayelsa","ts_exposures",1520.525,1645,1885.325,6,"status quo"
"Bayelsa","ts_exposures",1451.25,1614,1907.775,7,"status quo"
"Bayelsa","ts_exposures",1566.775,1648,1768.375,8,"status quo"
"Bayelsa","ts_exposures",1492.025,1627.5,2022.7,9,"status quo"
"Bayelsa","ts_exposures",1603.575,1658,1984.75,10,"status quo"
"Bayelsa","ts_exp_PEP",804.35,890,999.2,1,"status quo"
"Bayelsa","ts_exp_PEP",824.3,901,1040.075,2,"status quo"
"Bayelsa","ts_exp_PEP",806.225,970.5,1034.175,3,"status quo"
"Bayelsa","ts_exp_PEP",808.275,967.5,1066.075,4,"status quo"
"Bayelsa","ts_exp_PEP",843.8,951.5,1080.4,5,"status quo"
"Bayelsa","ts_exp_PEP",882.925,960,1079.25,6,"status quo"
"Bayelsa","ts_exp_PEP",831.675,933.5,1086.525,7,"status quo"
"Bayelsa","ts_exp_PEP",909.275,967,1037.875,8,"status quo"
"Bayelsa","ts_exp_PEP",876.4,953.5,1187.225,9,"status quo"
"Bayelsa","ts_exp_PEP",924.575,964.5,1183.7,10,"status quo"
"Bayelsa","ts_vaccine_vials",1608.7,1780,1998.4,1,"status quo"
"Bayelsa","ts_vaccine_vials",1648.6,1802,2080.15,2,"status quo"
"Bayelsa","ts_vaccine_vials",1612.45,1941,2068.35,3,"status quo"
"Bayelsa","ts_vaccine_vials",1616.55,1935,2132.15,4,"status quo"
"Bayelsa","ts_vaccine_vials",1687.6,1903,2160.8,5,"status quo"
"Bayelsa","ts_vaccine_vials",1765.85,1920,2158.5,6,"status quo"
"Bayelsa","ts_vaccine_vials",1663.35,1867,2173.05,7,"status quo"
"Bayelsa","ts_vaccine_vials",1818.55,1934,2075.75,8,"status quo"
"Bayelsa","ts_vaccine_vials",1752.8,1907,2374.45,9,"status quo"
"Bayelsa","ts_vaccine_vials",1849.15,1929,2367.4,10,"status quo"
"Bayelsa","ts_rabid_dogs",3632.7209375,3999.8875,4482.0065625,1,"status quo"
"Bayelsa","ts_rabid_dogs",3896.640625,4032.775,4758.6909375,2,"status quo"
"Bayelsa","ts_rabid_dogs",3750.0234375,4348.71875,4745.131875,3,"status quo"
"Bayelsa","ts_rabid_dogs",3768.023125,4354.64375,4838.7571875,4,"status quo"
"Bayelsa","ts_rabid_dogs",3902.3946875,4345.35625,4869.0028125,5,"status quo"
"Bayelsa","ts_rabid_dogs",3884.218125,4342.90625,4933.13625,6,"status quo"
"Bayelsa","ts_rabid_dogs",3854.6146875,4350.53125,4930.0375,7,"status quo"
"Bayelsa","ts_rabid_dogs",4116.403125,4267.93125,4921.1609375,8,"status quo"
"Bayelsa","ts_rabid_dogs",4042.9903125,4389.5125,5053.4015625,9,"status quo"
"Bayelsa","ts_rabid_dogs",4093.355,4246.875,5027.1678125,10,"status quo"
"Benue","ts_deaths",517.45,563,739.975,1,"status quo"
"Benue","ts_deaths",531.225,637.5,753.8,2,"status quo"
"Benue","ts_deaths",530.6,615,763.975,3,"status quo"
"Benue","ts_deaths",561.45,642,744.85,4,"status quo"
"Benue","ts_deaths",550.675,649,784.375,5,"status quo"
"Benue","ts_deaths",560.95,630,797.25,6,"status quo"
"Benue","ts_deaths",554.375,632.5,790.275,7,"status quo"
"Benue","ts_deaths",564.45,632,765.625,8,"status quo"
"Benue","ts_deaths",534.6,613.5,717.775,9,"status quo"
"Benue","ts_deaths",549.725,613,767.625,10,"status quo"
"Benue","ts_exposures",6192.9,7041,8739.925,1,"status quo"
"Benue","ts_exposures",6662.625,7383,8780.425,2,"status quo"
"Benue","ts_exposures",6632.25,7335,9196.45,3,"status quo"
"Benue","ts_exposures",6814,7649,9177.325,4,"status quo"
"Benue","ts_exposures",6691.7,7423,9360.475,5,"status quo"
"Benue","ts_exposures",6784.7,7493,9459,6,"status quo"
"Benue","ts_exposures",6687.525,7211.5,9251.275,7,"status quo"
"Benue","ts_exposures",6666.35,7303,9489.275,8,"status quo"
"Benue","ts_exposures",6635.375,7257.5,8965.1,9,"status quo"
"Benue","ts_exposures",6817.35,7148,9096.55,10,"status quo"
"Benue","ts_exp_PEP",3170.65,3605.5,4413.5,1,"status quo"
"Benue","ts_exp_PEP",3418.7,3760,4450,2,"status quo"
"Benue","ts_exp_PEP",3414.275,3742.5,4683.55,3,"status quo"
"Benue","ts_exp_PEP",3480.175,3925.5,4658.8,4,"status quo"
"Benue","ts_exp_PEP",3429.275,3785.5,4811.45,5,"status quo"
"Benue","ts_exp_PEP",3430.75,3867.5,4807.075,6,"status quo"
"Benue","ts_exp_PEP",3387.375,3718,4752.575,7,"status quo"
"Benue","ts_exp_PEP",3424.575,3748.5,4868.275,8,"status quo"
"Benue","ts_exp_PEP",3394.6,3726,4557.425,9,"status quo"
"Benue","ts_exp_PEP",3480.825,3650.5,4637.15,10,"status quo"
"Benue","ts_vaccine_vials",6341.3,7211,8827,1,"status quo"
"Benue","ts_vaccine_vials",6837.4,7520,8900,2,"status quo"
"Benue","ts_vaccine_vials",6828.55,7485,9367.1,3,"status quo"
"Benue","ts_vaccine_vials",6960.35,7851,9317.6,4,"status quo"
"Benue","ts_vaccine_vials",6858.55,7571,9622.9,5,"status quo"
"Benue","ts_vaccine_vials",6861.5,7735,9614.15,6,"status quo"
"Benue","ts_vaccine_vials",6774.75,7436,9505.15,7,"status quo"
"Benue","ts_vaccine_vials",6849.15,7497,9736.55,8,"status quo"
"Benue","ts_vaccine_vials",6789.2,7452,9114.85,9,"status quo"
"Benue","ts_vaccine_vials",6961.65,7301,9274.3,10,"status quo"
"Benue","ts_rabid_dogs",16312.63625,18428.29375,23123.758125,1,"status quo"
"Benue","ts_rabid_dogs",17417.9653125,19421.25,23324.49375,2,"status quo"
"Benue","ts_rabid_dogs",17625.2740625,19508.2375,24044.986875,3,"status quo"
"Benue","ts_rabid_dogs",17763.87125,19759.39375,23940.3540625,4,"status quo"
"Benue","ts_rabid_dogs",17705.4678125,19137.84375,24637.83,5,"status quo"
"Benue","ts_rabid_dogs",18296.24125,19808.88125,24901.791875,6,"status quo"
"Benue","ts_rabid_dogs",17750.8015625,19064.35625,24369.189375,7,"status quo"
"Benue","ts_rabid_dogs",17519.7609375,19259.08125,24692.9909375,8,"status quo"
"Benue","ts_rabid_dogs",17625.31875,19075.16875,23334.959375,9,"status quo"
"Benue","ts_rabid_dogs",17839.90375,19011.70625,23703.6496875,10,"status quo"
"Borno","ts_deaths",100,114.5,122.775,1,"status quo"
"Borno","ts_deaths",101.225,115,125.325,2,"status quo"
"Borno","ts_deaths",96.025,115,134.775,3,"status quo"
"Borno","ts_deaths",100.125,117.5,138.775,4,"status quo"
"Borno","ts_deaths",90.35,114,127.325,5,"status quo"
"Borno","ts_deaths",101.825,128.5,137.325,6,"status quo"
"Borno","ts_deaths",92.475,111,130.775,7,"status quo"
"Borno","ts_deaths",91.025,118,130.65,8,"status quo"
"Borno","ts_deaths",95.675,114.5,129.3,9,"status quo"
"Borno","ts_deaths",105.45,113.5,119,10,"status quo"
"Borno","ts_exposures",1049.25,1160.5,1217.075,1,"status quo"
"Borno","ts_exposures",1049.35,1122,1246.825,2,"status quo"
"Borno","ts_exposures",1050.5,1160,1210.425,3,"status quo"
"Borno","ts_exposures",1075.725,1123,1244.3,4,"status quo"
"Borno","ts_exposures",1102.675,1171,1236.1,5,"status quo"
"Borno","ts_exposures",1137.05,1182.5,1205.1,6,"status quo"
"Borno","ts_exposures",1064.875,1147.5,1192.55,7,"status quo"
"Borno","ts_exposures",1045.65,1173.5,1258.5,8,"status quo"
"Borno","ts_exposures",1057.5,1150.5,1247.6,9,"status quo"
"Borno","ts_exposures",1116.125,1165.5,1222.725,10,"status quo"
"Borno","ts_exp_PEP",422.75,452.5,502.775,1,"status quo"
"Borno","ts_exp_PEP",418.15,460.5,490.525,2,"status quo"
"Borno","ts_exp_PEP",431.5,473.5,501.85,3,"status quo"
"Borno","ts_exp_PEP",426.375,457.5,511.325,4,"status quo"
"Borno","ts_exp_PEP",437.225,475.5,511.875,5,"status quo"
"Borno","ts_exp_PEP",457.675,468.5,496.3,6,"status quo"
"Borno","ts_exp_PEP",432.925,459,504,7,"status quo"
"Borno","ts_exp_PEP",414.725,486.5,524.275,8,"status quo"
"Borno","ts_exp_PEP",416.4,473,511.875,9,"status quo"
"Borno","ts_exp_PEP",422.975,477.5,505.55,10,"status quo"
"Borno","ts_vaccine_vials",845.5,905,1005.55,1,"status quo"
"Borno","ts_vaccine_vials",836.3,921,981.05,2,"status quo"
"Borno","ts_vaccine_vials",863,947,1003.7,3,"status quo"
"Borno","ts_vaccine_vials",852.75,915,1022.65,4,"status quo"
"Borno","ts_vaccine_vials",874.45,951,1023.75,5,"status quo"
"Borno","ts_vaccine_vials",915.35,937,992.6,6,"status quo"
"Borno","ts_vaccine_vials",865.85,918,1008,7,"status quo"
"Borno","ts_vaccine_vials",829.45,973,1048.55,8,"status quo"
"Borno","ts_vaccine_vials",832.8,946,1023.75,9,"status quo"
"Borno","ts_vaccine_vials",845.95,955,1011.1,10,"status quo"
"Borno","ts_rabid_dogs",2832.5125,3098.81875,3158.5459375,1,"status quo"
"Borno","ts_rabid_dogs",2903.11375,3032.69375,3175.2146875,2,"status quo"
"Borno","ts_rabid_dogs",2948.7353125,3055.68125,3191.4646875,3,"status quo"
"Borno","ts_rabid_dogs",2996.660625,3027.81875,3188.3278125,4,"status quo"
"Borno","ts_rabid_dogs",2936.49,3088.35,3156.3021875,5,"status quo"
"Borno","ts_rabid_dogs",2941.950625,3060.3125,3163.91125,6,"status quo"
"Borno","ts_rabid_dogs",2980.75625,3094.425,3185.79875,7,"status quo"
"Borno","ts_rabid_dogs",2968.680625,3091.425,3176.619375,8,"status quo"
"Borno","ts_rabid_dogs",2979.4090625,3032.8375,3148.7784375,9,"status quo"
"Borno","ts_rabid_dogs",2946.094375,3068.3,3183.741875,10,"status quo"
"Cross River","ts_deaths",384.475,446.5,532.875,1,"status quo"
"Cross River","ts_deaths",400.15,467,558.7,2,"status quo"
"Cross River","ts_deaths",425.4,481,577.2,3,"status quo"
"Cross River","ts_deaths",414.675,455.5,541.975,4,"status quo"
"Cross River","ts_deaths",437.125,459,531.55,5,"status quo"
"Cross River","ts_deaths",413.65,472.5,566.8,6,"status quo"
"Cross River","ts_deaths",439.575,488.5,569,7,"status quo"
"Cross River","ts_deaths",433.675,473.5,563.2,8,"status quo"
"Cross River","ts_deaths",408.875,487,543.95,9,"status quo"
"Cross River","ts_deaths",426.8,480.5,539.825,10,"status quo"
"Cross River","ts_exposures",4616.05,5180,6009.375,1,"status quo"
"Cross River","ts_exposures",4826.975,5373,6372.85,2,"status quo"
"Cross River","ts_exposures",4972.25,5332,6454.15,3,"status quo"
"Cross River","ts_exposures",4836.85,5370.5,6311.775,4,"status quo"
"Cross River","ts_exposures",4785.4,5369,6112.625,5,"status quo"
"Cross River","ts_exposures",4847.725,5498,6204.825,6,"status quo"
"Cross River","ts_exposures",4883.35,5564,6166.675,7,"status quo"
"Cross River","ts_exposures",4844.85,5330,6303.375,8,"status quo"
"Cross River","ts_exposures",4757.475,5314,6516.975,9,"status quo"
"Cross River","ts_exposures",4634.175,5294.5,6239.85,10,"status quo"
"Cross River","ts_exp_PEP",2243.15,2448,2911.725,1,"status quo"
"Cross River","ts_exp_PEP",2328.225,2575.5,3087.325,2,"status quo"
"Cross River","ts_exp_PEP",2404,2564,3085.95,3,"status quo"
"Cross River","ts_exp_PEP",2284.325,2610,3065.95,4,"status quo"
"Cross River","ts_exp_PEP",2290.45,2560.5,2906.425,5,"status quo"
"Cross River","ts_exp_PEP",2352.375,2661.5,2947.75,6,"status quo"
"Cross River","ts_exp_PEP",2271.125,2680,3020.225,7,"status quo"
"Cross River","ts_exp_PEP",2311.425,2571,2961.75,8,"status quo"
"Cross River","ts_exp_PEP",2239.3,2542.5,3111.075,9,"status quo"
"Cross River","ts_exp_PEP",2221.825,2525.5,3031.1,10,"status quo"
"Cross River","ts_vaccine_vials",4486.3,4896,5823.45,1,"status quo"
"Cross River","ts_vaccine_vials",4656.45,5151,6174.65,2,"status quo"
"Cross River","ts_vaccine_vials",4808,5128,6171.9,3,"status quo"
"Cross River","ts_vaccine_vials",4568.65,5220,6131.9,4,"status quo"
"Cross River","ts_vaccine_vials",4580.9,5121,5812.85,5,"status quo"
"Cross River","ts_vaccine_vials",4704.75,5323,5895.5,6,"status quo"
"Cross River","ts_vaccine_vials",4542.25,5360,6040.45,7,"status quo"
"Cross River","ts_vaccine_vials",4622.85,5142,5923.5,8,"status quo"
"Cross River","ts_vaccine_vials",4478.6,5085,6222.15,9,"status quo"
"Cross River","ts_vaccine_vials",4443.65,5051,6062.2,10,"status quo"
"Cross River","ts_rabid_dogs",12334.80375,13516.7625,16059.1253125,1,"status quo"
"Cross River","ts_rabid_dogs",12787.2184375,14026.2625,16482.5759375,2,"status quo"
"Cross River","ts_rabid_dogs",13121.47125,14279.7125,16650.4934375,3,"status quo"
"Cross River","ts_rabid_dogs",12514.850625,14151.45,16642.445,4,"status quo"
"Cross River","ts_rabid_dogs",12695.2078125,14385.29375,16016.3459375,5,"status quo"
"Cross River","ts_rabid_dogs",12549.0253125,14063.13125,16523.2884375,6,"status quo"
"Cross River","ts_rabid_dogs",12853.995625,14453.7375,16132.5121875,7,"status quo"
"Cross River","ts_rabid_dogs",12921.8590625,14112.05,16910.2478125,8,"status quo"
"Cross River","ts_rabid_dogs",12707.41875,13994.55,16862.8328125,9,"status quo"
"Cross River","ts_rabid_dogs",12560.5109375,13879.40625,16512.9734375,10,"status quo"
"Delta","ts_deaths",14.225,26.5,36.775,1,"status quo"
"Delta","ts_deaths",17.45,28,35.55,2,"status quo"
"Delta","ts_deaths",17.125,26,35.65,3,"status quo"
"Delta","ts_deaths",15.45,20,32.2,4,"status quo"
"Delta","ts_deaths",18,23,28.325,5,"status quo"
"Delta","ts_deaths",5.575,21,32.325,6,"status quo"
"Delta","ts_deaths",13.575,23,36.1,7,"status quo"
"Delta","ts_deaths",14.125,22.5,31.775,8,"status quo"
"Delta","ts_deaths",14.45,20.5,31.775,9,"status quo"
"Delta","ts_deaths",14.9,25.5,37.875,10,"status quo"
"Delta","ts_exposures",618.6,787,860.525,1,"status quo"
"Delta","ts_exposures",508.425,647,885.275,2,"status quo"
"Delta","ts_exposures",502.05,622.5,805.575,3,"status quo"
"Delta","ts_exposures",448.475,590,751.7,4,"status quo"
"Delta","ts_exposures",456.725,595.5,715.175,5,"status quo"
"Delta","ts_exposures",387.25,579.5,778.25,6,"status quo"
"Delta","ts_exposures",459.85,561,821.475,7,"status quo"
"Delta","ts_exposures",466.8,592,698.3,8,"status quo"
"Delta","ts_exposures",462.175,605.5,738.7,9,"status quo"
"Delta","ts_exposures",525.075,640,733.45,10,"status quo"
"Delta","ts_exp_PEP",491.8,616,664.85,1,"status quo"
"Delta","ts_exp_PEP",392.275,500,677.15,2,"status quo"
"Delta","ts_exp_PEP",391.5,474,619.525,3,"status quo"
"Delta","ts_exp_PEP",349.725,456.5,584.525,4,"status quo"
"Delta","ts_exp_PEP",349.8,459.5,558.15,5,"status quo"
"Delta","ts_exp_PEP",311.925,452.5,606.75,6,"status quo"
"Delta","ts_exp_PEP",358.625,428,643.625,7,"status quo"
"Delta","ts_exp_PEP",355.95,465.5,542.65,8,"status quo"
"Delta","ts_exp_PEP",359.05,463,569.075,9,"status quo"
"Delta","ts_exp_PEP",405.775,491.5,571.425,10,"status quo"
"Delta","ts_vaccine_vials",983.6,1232,1329.7,1,"status quo"
"Delta","ts_vaccine_vials",784.55,1000,1354.3,2,"status quo"
"Delta","ts_vaccine_vials",783,948,1239.05,3,"status quo"
"Delta","ts_vaccine_vials",699.45,913,1169.05,4,"status quo"
"Delta","ts_vaccine_vials",699.6,919,1116.3,5,"status quo"
"Delta","ts_vaccine_vials",623.85,905,1213.5,6,"status quo"
"Delta","ts_vaccine_vials",717.25,856,1287.25,7,"status quo"
"Delta","ts_vaccine_vials",711.9,931,1085.3,8,"status quo"
"Delta","ts_vaccine_vials",718.1,926,1138.15,9,"status quo"
"Delta","ts_vaccine_vials",811.55,983,1142.85,10,"status quo"
"Delta","ts_rabid_dogs",1601.95,2085.59375,2331.0871875,1,"status quo"
"Delta","ts_rabid_dogs",1366.625,1753.5,2374.8946875,2,"status quo"
"Delta","ts_rabid_dogs",1253.85,1564,2083.405625,3,"status quo"
"Delta","ts_rabid_dogs",1216.8,1617.5,1974.37875,4,"status quo"
"Delta","ts_rabid_dogs",1227.925,1560,1935.3,5,"status quo"
"Delta","ts_rabid_dogs",1111.975,1507.5,2016.244375,6,"status quo"
"Delta","ts_rabid_dogs",1237.83375,1430.5,2088.12875,7,"status quo"
"Delta","ts_rabid_dogs",1175.3,1540.15625,1843.90375,8,"status quo"
"Delta","ts_rabid_dogs",1190.84125,1602.0125,1907.4684375,9,"status quo"
"Delta","ts_rabid_dogs",1306.59125,1668.19375,1985.87875,10,"status quo"
"Ebonyi","ts_deaths",366.375,457.5,522.55,1,"status quo"
"Ebonyi","ts_deaths",379.825,429,514.95,2,"status quo"
"Ebonyi","ts_deaths",386.175,468.5,507.65,3,"status quo"
"Ebonyi","ts_deaths",373.125,436.5,506.65,4,"status quo"
"Ebonyi","ts_deaths",376.8,448,496,5,"status quo"
"Ebonyi","ts_deaths",375.45,429.5,512.1,6,"status quo"
"Ebonyi","ts_deaths",368.35,444.5,505.775,7,"status quo"
"Ebonyi","ts_deaths",398.45,432.5,544.925,8,"status quo"
"Ebonyi","ts_deaths",371.375,432,516.55,9,"status quo"
"Ebonyi","ts_deaths",383,403.5,518.4,10,"status quo"
"Ebonyi","ts_exposures",3682.925,4305.5,5031.825,1,"status quo"
"Ebonyi","ts_exposures",3696.55,4212,5031.3,2,"status quo"
"Ebonyi","ts_exposures",3849.45,4382,5070.15,3,"status quo"
"Ebonyi","ts_exposures",3729.575,4211,5110.025,4,"status quo"
"Ebonyi","ts_exposures",3659.1,4251.5,5106.95,5,"status quo"
"Ebonyi","ts_exposures",3776.6,4280,5054.125,6,"status quo"
"Ebonyi","ts_exposures",3827.65,4334.5,5100.575,7,"status quo"
"Ebonyi","ts_exposures",3872.35,4346.5,5137.3,8,"status quo"
"Ebonyi","ts_exposures",3884.2,4280,5073.675,9,"status quo"
"Ebonyi","ts_exposures",3817.15,4178.5,4872.5,10,"status quo"
"Ebonyi","ts_exp_PEP",1480.35,1696,2046.625,1,"status quo"
"Ebonyi","ts_exp_PEP",1484.875,1699,2013.325,2,"status quo"
"Ebonyi","ts_exp_PEP",1554.475,1736.5,2033.325,3,"status quo"
"Ebonyi","ts_exp_PEP",1471.8,1695.5,2080.1,4,"status quo"
"Ebonyi","ts_exp_PEP",1434.725,1697,2106.35,5,"status quo"
"Ebonyi","ts_exp_PEP",1577.25,1721.5,2043.625,6,"status quo"
"Ebonyi","ts_exp_PEP",1572.675,1723.5,2057,7,"status quo"
"Ebonyi","ts_exp_PEP",1569.125,1774.5,2045.775,8,"status quo"
"Ebonyi","ts_exp_PEP",1567.15,1752,2061.675,9,"status quo"
"Ebonyi","ts_exp_PEP",1524.575,1690,1942.4,10,"status quo"
"Ebonyi","ts_vaccine_vials",2960.7,3392,4093.25,1,"status quo"
"Ebonyi","ts_vaccine_vials",2969.75,3398,4026.65,2,"status quo"
"Ebonyi","ts_vaccine_vials",3108.95,3473,4066.65,3,"status quo"
"Ebonyi","ts_vaccine_vials",2943.6,3391,4160.2,4,"status quo"
"Ebonyi","ts_vaccine_vials",2869.45,3394,4212.7,5,"status quo"
"Ebonyi","ts_vaccine_vials",3154.5,3443,4087.25,6,"status quo"
"Ebonyi","ts_vaccine_vials",3145.35,3447,4114,7,"status quo"
"Ebonyi","ts_vaccine_vials",3138.25,3549,4091.55,8,"status quo"
"Ebonyi","ts_vaccine_vials",3134.3,3504,4123.35,9,"status quo"
"Ebonyi","ts_vaccine_vials",3049.15,3380,3884.8,10,"status quo"
"Ebonyi","ts_rabid_dogs",9839.661875,11214.55625,13347.21125,1,"status quo"
"Ebonyi","ts_rabid_dogs",9869.218125,11223.28125,13244.7990625,2,"status quo"
"Ebonyi","ts_rabid_dogs",10128.1140625,11388.44375,13288.3934375,3,"status quo"
"Ebonyi","ts_rabid_dogs",9911.4415625,11379.65,13095.876875,4,"status quo"
"Ebonyi","ts_rabid_dogs",9965.9396875,11310.5,13257.585625,5,"status quo"
"Ebonyi","ts_rabid_dogs",9889.7696875,11388.9375,13327.3809375,6,"status quo"
"Ebonyi","ts_rabid_dogs",9745.805625,11429.0625,13294.4571875,7,"status quo"
"Ebonyi","ts_rabid_dogs",10192.8459375,11299.24375,13255.8746875,8,"status quo"
"Ebonyi","ts_rabid_dogs",10044.951875,11308.5,13250.3734375,9,"status quo"
"Ebonyi","ts_rabid_dogs",10117.1940625,11266.81875,13150.9553125,10,"status quo"
"Edo","ts_deaths",28.225,42.5,48.55,1,"status quo"
"Edo","ts_deaths",27.675,38.5,58.85,2,"status quo"
"Edo","ts_deaths",24.8,35,47.1,3,"status quo"
"Edo","ts_deaths",22.8,38.5,51.2,4,"status quo"
"Edo","ts_deaths",28.9,39.5,47.55,5,"status quo"
"Edo","ts_deaths",27.45,35.5,45.55,6,"status quo"
"Edo","ts_deaths",23.675,38,47.775,7,"status quo"
"Edo","ts_deaths",25.35,35,50.875,8,"status quo"
"Edo","ts_deaths",26.125,34.5,48.55,9,"status quo"
"Edo","ts_deaths",27.225,34,50.1,10,"status quo"
"Edo","ts_exposures",582.925,774.5,906,1,"status quo"
"Edo","ts_exposures",617.425,726,884.65,2,"status quo"
"Edo","ts_exposures",572.675,711,866.95,3,"status quo"
"Edo","ts_exposures",567.6,740,887.975,4,"status quo"
"Edo","ts_exposures",624.225,749,922.675,5,"status quo"
"Edo","ts_exposures",617.6,747.5,838.75,6,"status quo"
"Edo","ts_exposures",573.95,755.5,822.85,7,"status quo"
"Edo","ts_exposures",583.225,717.5,931,8,"status quo"
"Edo","ts_exposures",548.4,682.5,843.825,9,"status quo"
"Edo","ts_exposures",583.3,732,825.425,10,"status quo"
"Edo","ts_exp_PEP",405.475,550,632.775,1,"status quo"
"Edo","ts_exp_PEP",428.925,510.5,615.875,2,"status quo"
"Edo","ts_exp_PEP",407.15,492,588.175,3,"status quo"
"Edo","ts_exp_PEP",405.25,522.5,628.275,4,"status quo"
"Edo","ts_exp_PEP",440.825,552,660.85,5,"status quo"
"Edo","ts_exp_PEP",417.125,520.5,606.625,6,"status quo"
"Edo","ts_exp_PEP",416.3,521.5,578.425,7,"status quo"
"Edo","ts_exp_PEP",416.95,516.5,674.775,8,"status quo"
"Edo","ts_exp_PEP",403.45,495.5,587.95,9,"status quo"
"Edo","ts_exp_PEP",431.35,518.5,577.025,10,"status quo"
"Edo","ts_vaccine_vials",810.95,1100,1265.55,1,"status quo"
"Edo","ts_vaccine_vials",857.85,1021,1231.75,2,"status quo"
"Edo","ts_vaccine_vials",814.3,984,1176.35,3,"status quo"
"Edo","ts_vaccine_vials",810.5,1045,1256.55,4,"status quo"
"Edo","ts_vaccine_vials",881.65,1104,1321.7,5,"status quo"
"Edo","ts_vaccine_vials",834.25,1041,1213.25,6,"status quo"
"Edo","ts_vaccine_vials",832.6,1043,1156.85,7,"status quo"
"Edo","ts_vaccine_vials",833.9,1033,1349.55,8,"status quo"
"Edo","ts_vaccine_vials",806.9,991,1175.9,9,"status quo"
"Edo","ts_vaccine_vials",862.7,1037,1154.05,10,"status quo"
"Edo","ts_rabid_dogs",1590.674375,2040.45,2238.6425,1,"status quo"
"Edo","ts_rabid_dogs",1567.1471875,1911.125,2329.15625,2,"status quo"
"Edo","ts_rabid_dogs",1539.8775,1983.85,2280.5040625,3,"status quo"
"Edo","ts_rabid_dogs",1615.0390625,1984.06875,2211.5509375,4,"status quo"
"Edo","ts_rabid_dogs",1741.5703125,1974.0875,2247.3740625,5,"status quo"
"Edo","ts_rabid_dogs",1718.356875,1989.25625,2086.699375,6,"status quo"
"Edo","ts_rabid_dogs",1493.635,1929.65,2154.1053125,7,"status quo"
"Edo","ts_rabid_dogs",1482.9775,1887.71875,2418.5559375,8,"status quo"
"Edo","ts_rabid_dogs",1513.4225,1947.64375,2229.2871875,9,"status quo"
"Edo","ts_rabid_dogs",1512.900625,1957.15,2223.1684375,10,"status quo"
"Ekiti","ts_deaths",152.85,189,224.5,1,"status quo"
"Ekiti","ts_deaths",178,191.5,235.4,2,"status quo"
"Ekiti","ts_deaths",158.8,196,229.05,3,"status quo"
"Ekiti","ts_deaths",160.525,198.5,220.975,4,"status quo"
"Ekiti","ts_deaths",190.125,207,243.5,5,"status quo"
"Ekiti","ts_deaths",186.9,206,245.075,6,"status quo"
"Ekiti","ts_deaths",193.225,209.5,244.65,7,"status quo"
"Ekiti","ts_deaths",169.4,198,230.75,8,"status quo"
"Ekiti","ts_deaths",183.9,199,225.1,9,"status quo"
"Ekiti","ts_deaths",178.925,208.5,238.7,10,"status quo"
"Ekiti","ts_exposures",2204.05,2413.5,2848,1,"status quo"
"Ekiti","ts_exposures",2386.775,2551,3134.7,2,"status quo"
"Ekiti","ts_exposures",2302.4,2531,3054.15,3,"status quo"
"Ekiti","ts_exposures",2348.65,2573.5,2875.875,4,"status quo"
"Ekiti","ts_exposures",2393.125,2584,3110.575,5,"status quo"
"Ekiti","ts_exposures",2444.975,2582,3008.175,6,"status quo"
"Ekiti","ts_exposures",2476.65,2600,3044.15,7,"status quo"
"Ekiti","ts_exposures",2428.425,2624.5,3001.95,8,"status quo"
"Ekiti","ts_exposures",2343.225,2574.5,2857.775,9,"status quo"
"Ekiti","ts_exposures",2459.8,2618.5,3033.15,10,"status quo"
"Ekiti","ts_exp_PEP",1215.5,1303.5,1574.925,1,"status quo"
"Ekiti","ts_exp_PEP",1291.7,1389,1691.425,2,"status quo"
"Ekiti","ts_exp_PEP",1249.075,1388.5,1695.825,3,"status quo"
"Ekiti","ts_exp_PEP",1266.825,1396,1562.825,4,"status quo"
"Ekiti","ts_exp_PEP",1289.3,1391,1688.775,5,"status quo"
"Ekiti","ts_exp_PEP",1282.35,1390,1639.375,6,"status quo"
"Ekiti","ts_exp_PEP",1338.275,1423.5,1665.525,7,"status quo"
"Ekiti","ts_exp_PEP",1317.55,1426.5,1631.675,8,"status quo"
"Ekiti","ts_exp_PEP",1241.45,1417,1575.1,9,"status quo"
"Ekiti","ts_exp_PEP",1359.125,1428.5,1651.125,10,"status quo"
"Ekiti","ts_vaccine_vials",2431,2607,3149.85,1,"status quo"
"Ekiti","ts_vaccine_vials",2583.4,2778,3382.85,2,"status quo"
"Ekiti","ts_vaccine_vials",2498.15,2777,3391.65,3,"status quo"
"Ekiti","ts_vaccine_vials",2533.65,2792,3125.65,4,"status quo"
"Ekiti","ts_vaccine_vials",2578.6,2782,3377.55,5,"status quo"
"Ekiti","ts_vaccine_vials",2564.7,2780,3278.75,6,"status quo"
"Ekiti","ts_vaccine_vials",2676.55,2847,3331.05,7,"status quo"
"Ekiti","ts_vaccine_vials",2635.1,2853,3263.35,8,"status quo"
"Ekiti","ts_vaccine_vials",2482.9,2834,3150.2,9,"status quo"
"Ekiti","ts_vaccine_vials",2718.25,2857,3302.25,10,"status quo"
"Ekiti","ts_rabid_dogs",5988.9496875,6478.03125,7532.01156250001,1,"status quo"
"Ekiti","ts_rabid_dogs",6381.6196875,6694.15625000001,7995.03468750001,2,"status quo"
"Ekiti","ts_rabid_dogs",6104.2640625,6754.9125,7893.65593750001,3,"status quo"
"Ekiti","ts_rabid_dogs",6231.8409375,6721.10625,7813.98343750001,4,"status quo"
"Ekiti","ts_rabid_dogs",6322.125625,6756.48125,8217.72281250001,5,"status quo"
"Ekiti","ts_rabid_dogs",6473.0553125,6878.76875,7864.73406250001,6,"status quo"
"Ekiti","ts_rabid_dogs",6563.83093750001,6782.00625,8025.35375000001,7,"status quo"
"Ekiti","ts_rabid_dogs",6385.5071875,6862.93125,7853.3525,8,"status quo"
"Ekiti","ts_rabid_dogs",6349.48500000001,6865.48750000001,7747.23406250001,9,"status quo"
"Ekiti","ts_rabid_dogs",6509.74750000001,6800.19374999999,7780.71718750001,10,"status quo"
"Enugu","ts_deaths",565.275,671,763.175,1,"status quo"
"Enugu","ts_deaths",620.25,678.5,793.625,2,"status quo"
"Enugu","ts_deaths",610.225,676.5,779.525,3,"status quo"
"Enugu","ts_deaths",600.475,702,761.9,4,"status quo"
"Enugu","ts_deaths",584.775,692.5,760.425,5,"status quo"
"Enugu","ts_deaths",633,671,732.35,6,"status quo"
"Enugu","ts_deaths",613.275,662.5,793.2,7,"status quo"
"Enugu","ts_deaths",615.05,672,745.75,8,"status quo"
"Enugu","ts_deaths",612.5,689.5,754.65,9,"status quo"
"Enugu","ts_deaths",638.575,697,730.175,10,"status quo"
"Enugu","ts_exposures",5932.375,6902.5,7463.075,1,"status quo"
"Enugu","ts_exposures",6330.875,6844.5,7603.575,2,"status quo"
"Enugu","ts_exposures",6414,6938,7574.55,3,"status quo"
"Enugu","ts_exposures",6091.35,7056,7577,4,"status quo"
"Enugu","ts_exposures",6242.625,7024,7628.175,5,"status quo"
"Enugu","ts_exposures",6212.3,6889.5,7517.425,6,"status quo"
"Enugu","ts_exposures",6426.7,6844,7478.725,7,"status quo"
"Enugu","ts_exposures",6282.15,6808,7429.275,8,"status quo"
"Enugu","ts_exposures",6135.8,7032.5,7475.775,9,"status quo"
"Enugu","ts_exposures",6347.8,6883,7385.7,10,"status quo"
"Enugu","ts_exp_PEP",2464.825,2846.5,3072.425,1,"status quo"
"Enugu","ts_exp_PEP",2659.5,2881.5,3192.625,2,"status quo"
"Enugu","ts_exp_PEP",2686.2,2857,3126.8,3,"status quo"
"Enugu","ts_exp_PEP",2512.375,2945,3110.95,4,"status quo"
"Enugu","ts_exp_PEP",2638.575,2949.5,3139.475,5,"status quo"
"Enugu","ts_exp_PEP",2526.6,2902.5,3129.65,6,"status quo"
"Enugu","ts_exp_PEP",2681.35,2883.5,3135.225,7,"status quo"
"Enugu","ts_exp_PEP",2559.8,2861,3115.45,8,"status quo"
"Enugu","ts_exp_PEP",2555.275,2912.5,3063.625,9,"status quo"
"Enugu","ts_exp_PEP",2604.5,2851.5,3088.75,10,"status quo"
"Enugu","ts_vaccine_vials",4929.65,5693,6144.85,1,"status quo"
"Enugu","ts_vaccine_vials",5319,5763,6385.25,2,"status quo"
"Enugu","ts_vaccine_vials",5372.4,5714,6253.6,3,"status quo"
"Enugu","ts_vaccine_vials",5024.75,5890,6221.9,4,"status quo"
"Enugu","ts_vaccine_vials",5277.15,5899,6278.95,5,"status quo"
"Enugu","ts_vaccine_vials",5053.2,5805,6259.3,6,"status quo"
"Enugu","ts_vaccine_vials",5362.7,5767,6270.45,7,"status quo"
"Enugu","ts_vaccine_vials",5119.6,5722,6230.9,8,"status quo"
"Enugu","ts_vaccine_vials",5110.55,5825,6127.25,9,"status quo"
"Enugu","ts_vaccine_vials",5209,5703,6177.5,10,"status quo"
"Enugu","ts_rabid_dogs",15967.89875,17949.84375,19787.42625,1,"status quo"
"Enugu","ts_rabid_dogs",16821.9559375,18156.79375,20169.2403125,2,"status quo"
"Enugu","ts_rabid_dogs",16895.5690625,18280.7375,19856.9078125,3,"status quo"
"Enugu","ts_rabid_dogs",16079.5671875,18450.13125,19918.799375,4,"status quo"
"Enugu","ts_rabid_dogs",16134.21625,18030.63125,20005.9825,5,"status quo"
"Enugu","ts_rabid_dogs",16578.668125,18193.36875,19783.8171875,6,"status quo"
"Enugu","ts_rabid_dogs",16823.77375,18145.98125,19893.595625,7,"status quo"
"Enugu","ts_rabid_dogs",16812.345,18221.18125,19971.91875,8,"status quo"
"Enugu","ts_rabid_dogs",16213.0696875,18343.84375,19837.2975,9,"status quo"
"Enugu","ts_rabid_dogs",16407.2465625,18006.3125,19712.49875,10,"status quo"
"Gombe","ts_deaths",53.225,64.5,78.325,1,"status quo"
"Gombe","ts_deaths",60,72,91.075,2,"status quo"
"Gombe","ts_deaths",62.225,67.5,79.2,3,"status quo"
"Gombe","ts_deaths",58,69.5,82,4,"status quo"
"Gombe","ts_deaths",55.225,61.5,89.65,5,"status quo"
"Gombe","ts_deaths",55.9,70,78,6,"status quo"
"Gombe","ts_deaths",56,69,81.875,7,"status quo"
"Gombe","ts_deaths",58.675,74,80.55,8,"status quo"
"Gombe","ts_deaths",59.9,70.5,80.775,9,"status quo"
"Gombe","ts_deaths",62.45,71,77.775,10,"status quo"
"Gombe","ts_exposures",628.15,702,743.4,1,"status quo"
"Gombe","ts_exposures",604.875,687.5,756.725,2,"status quo"
"Gombe","ts_exposures",656.225,688,729.825,3,"status quo"
"Gombe","ts_exposures",622.45,684,752.325,4,"status quo"
"Gombe","ts_exposures",587.875,685,788.95,5,"status quo"
"Gombe","ts_exposures",647.225,700.5,718.65,6,"status quo"
"Gombe","ts_exposures",621.75,688,760.3,7,"status quo"
"Gombe","ts_exposures",676.45,729,801.4,8,"status quo"
"Gombe","ts_exposures",642.75,699,750.2,9,"status quo"
"Gombe","ts_exposures",663.575,697.5,762.575,10,"status quo"
"Gombe","ts_exp_PEP",257.225,281,322.1,1,"status quo"
"Gombe","ts_exp_PEP",227.675,283,311.775,2,"status quo"
"Gombe","ts_exp_PEP",269.125,285.5,299.55,3,"status quo"
"Gombe","ts_exp_PEP",245.25,275,308.35,4,"status quo"
"Gombe","ts_exp_PEP",252.225,290.5,337.15,5,"status quo"
"Gombe","ts_exp_PEP",263.85,290,307.55,6,"status quo"
"Gombe","ts_exp_PEP",250.6,277.5,322.825,7,"status quo"
"Gombe","ts_exp_PEP",277.9,304.5,331.4,8,"status quo"
"Gombe","ts_exp_PEP",250.15,292.5,300.325,9,"status quo"
"Gombe","ts_exp_PEP",247.75,291.5,309.975,10,"status quo"
"Gombe","ts_vaccine_vials",514.45,562,644.2,1,"status quo"
"Gombe","ts_vaccine_vials",455.35,566,623.55,2,"status quo"
"Gombe","ts_vaccine_vials",538.25,571,599.1,3,"status quo"
"Gombe","ts_vaccine_vials",490.5,550,616.7,4,"status quo"
"Gombe","ts_vaccine_vials",504.45,581,674.3,5,"status quo"
"Gombe","ts_vaccine_vials",527.7,580,615.1,6,"status quo"
"Gombe","ts_vaccine_vials",501.2,555,645.65,7,"status quo"
"Gombe","ts_vaccine_vials",555.8,609,662.8,8,"status quo"
"Gombe","ts_vaccine_vials",500.3,585,600.65,9,"status quo"
"Gombe","ts_vaccine_vials",495.5,583,619.95,10,"status quo"
"Gombe","ts_rabid_dogs",1729.3928125,1844.4125,1886.785,1,"status quo"
"Gombe","ts_rabid_dogs",1770.7028125,1839.68125,1951.1278125,2,"status quo"
"Gombe","ts_rabid_dogs",1768.22625,1862.61875,1919.644375,3,"status quo"
"Gombe","ts_rabid_dogs",1762.6109375,1823.45,1955.506875,4,"status quo"
"Gombe","ts_rabid_dogs",1752.7609375,1877.9,1930.0709375,5,"status quo"
"Gombe","ts_rabid_dogs",1807.8528125,1856.39375,1968.0725,6,"status quo"
"Gombe","ts_rabid_dogs",1787.994375,1889.80625,1930.4653125,7,"status quo"
"Gombe","ts_rabid_dogs",1801.9553125,1871.36875,1989.8628125,8,"status quo"
"Gombe","ts_rabid_dogs",1814.283125,1891.61875,1975.7378125,9,"status quo"
"Gombe","ts_rabid_dogs",1766.7221875,1860.875,1944.754375,10,"status quo"
"Imo","ts_deaths",543.625,618,647.975,1,"status quo"
"Imo","ts_deaths",579.225,638,689.575,2,"status quo"
"Imo","ts_deaths",612.8,640.5,679.7,3,"status quo"
"Imo","ts_deaths",613.25,662.5,713.9,4,"status quo"
"Imo","ts_deaths",562.025,631.5,727.375,5,"status quo"
"Imo","ts_deaths",591.45,662.5,715.8,6,"status quo"
"Imo","ts_deaths",621.075,670.5,702.3,7,"status quo"
"Imo","ts_deaths",614.075,651.5,710.75,8,"status quo"
"Imo","ts_deaths",606.025,676.5,719.775,9,"status quo"
"Imo","ts_deaths",600.675,646,675.825,10,"status quo"
"Imo","ts_exposures",7002.625,7566.5,8002.875,1,"status quo"
"Imo","ts_exposures",7641.55,8022.5,8470.45,2,"status quo"
"Imo","ts_exposures",7629.375,8095.5,8456.2,3,"status quo"
"Imo","ts_exposures",7609.35,8215.5,8661.325,4,"status quo"
"Imo","ts_exposures",7450.4,7930,8771.1,5,"status quo"
"Imo","ts_exposures",7624.25,8145.5,8553.625,6,"status quo"
"Imo","ts_exposures",7615.175,8236.5,8791.825,7,"status quo"
"Imo","ts_exposures",7623.15,8178,8740.025,8,"status quo"
"Imo","ts_exposures",7491.95,8008,8530,9,"status quo"
"Imo","ts_exposures",7806.525,8033,8287.95,10,"status quo"
"Imo","ts_exp_PEP",3707.375,4001,4271.95,1,"status quo"
"Imo","ts_exp_PEP",4029.825,4251.5,4450.5,2,"status quo"
"Imo","ts_exp_PEP",4003.825,4292,4398.1,3,"status quo"
"Imo","ts_exp_PEP",3974.825,4326,4479.025,4,"status quo"
"Imo","ts_exp_PEP",3964.1,4180,4620.25,5,"status quo"
"Imo","ts_exp_PEP",4007.05,4250,4538.525,6,"status quo"
"Imo","ts_exp_PEP",3902.05,4350.5,4651.325,7,"status quo"
"Imo","ts_exp_PEP",4038.8,4317,4664.425,8,"status quo"
"Imo","ts_exp_PEP",3880.1,4206.5,4484.9,9,"status quo"
"Imo","ts_exp_PEP",4134.725,4243,4368.85,10,"status quo"
"Imo","ts_vaccine_vials",7414.75,8002,8543.9,1,"status quo"
"Imo","ts_vaccine_vials",8059.65,8503,8901,2,"status quo"
"Imo","ts_vaccine_vials",8007.65,8584,8796.2,3,"status quo"
"Imo","ts_vaccine_vials",7949.65,8652,8958.05,4,"status quo"
"Imo","ts_vaccine_vials",7928.2,8360,9240.5,5,"status quo"
"Imo","ts_vaccine_vials",8014.1,8500,9077.05,6,"status quo"
"Imo","ts_vaccine_vials",7804.1,8701,9302.65,7,"status quo"
"Imo","ts_vaccine_vials",8077.6,8634,9328.85,8,"status quo"
"Imo","ts_vaccine_vials",7760.2,8413,8969.8,9,"status quo"
"Imo","ts_vaccine_vials",8269.45,8486,8737.7,10,"status quo"
"Imo","ts_rabid_dogs",18654.0603125,19865.45625,21010.498125,1,"status quo"
"Imo","ts_rabid_dogs",20318.8778125,20984.85,22245.459375,2,"status quo"
"Imo","ts_rabid_dogs",20127.7959375,21593.85,22471.301875,3,"status quo"
"Imo","ts_rabid_dogs",20055.278125,21404.0125,22304.464375,4,"status quo"
"Imo","ts_rabid_dogs",20361.105,20938.78125,22660.663125,5,"status quo"
"Imo","ts_rabid_dogs",20454.9165625,21515.68125,22390.2603125,6,"status quo"
"Imo","ts_rabid_dogs",20173.2325,21608.28125,22843.680625,7,"status quo"
"Imo","ts_rabid_dogs",20100.660625,21598.625,23266.624375,8,"status quo"
"Imo","ts_rabid_dogs",19776.3590625,21388.9625,22373.410625,9,"status quo"
"Imo","ts_rabid_dogs",20601.2309375,21176.44375,21805.9384375,10,"status quo"
"Jigawa","ts_deaths",87.375,108,119.325,1,"status quo"
"Jigawa","ts_deaths",99.675,111,140.725,2,"status quo"
"Jigawa","ts_deaths",97.025,118,127.425,3,"status quo"
"Jigawa","ts_deaths",88.05,108.5,126.2,4,"status quo"
"Jigawa","ts_deaths",92.7,111.5,128.775,5,"status quo"
"Jigawa","ts_deaths",95.675,109,135.975,6,"status quo"
"Jigawa","ts_deaths",98.8,117.5,131.325,7,"status quo"
"Jigawa","ts_deaths",87.7,115.5,129.2,8,"status quo"
"Jigawa","ts_deaths",100.675,116,126.65,9,"status quo"
"Jigawa","ts_deaths",98.125,114,122.775,10,"status quo"
"Jigawa","ts_exposures",1015.95,1108.5,1164.275,1,"status quo"
"Jigawa","ts_exposures",996.075,1092,1138.7,2,"status quo"
"Jigawa","ts_exposures",1060.575,1076.5,1182.35,3,"status quo"
"Jigawa","ts_exposures",1060.35,1089,1140.225,4,"status quo"
"Jigawa","ts_exposures",992.15,1139.5,1171,5,"status quo"
"Jigawa","ts_exposures",1013.875,1095,1197.525,6,"status quo"
"Jigawa","ts_exposures",1020.875,1104.5,1159.7,7,"status quo"
"Jigawa","ts_exposures",1006.825,1093,1169.425,8,"status quo"
"Jigawa","ts_exposures",1014.8,1089.5,1150.775,9,"status quo"
"Jigawa","ts_exposures",1037.55,1111,1164.325,10,"status quo"
"Jigawa","ts_exp_PEP",399.75,448,459,1,"status quo"
"Jigawa","ts_exp_PEP",405.8,441,473.075,2,"status quo"
"Jigawa","ts_exp_PEP",423.9,439,491.95,3,"status quo"
"Jigawa","ts_exp_PEP",416.9,432,473.3,4,"status quo"
"Jigawa","ts_exp_PEP",401.15,456,472.775,5,"status quo"
"Jigawa","ts_exp_PEP",387.05,440.5,510.1,6,"status quo"
"Jigawa","ts_exp_PEP",404.9,431,498.65,7,"status quo"
"Jigawa","ts_exp_PEP",400.225,441,483.725,8,"status quo"
"Jigawa","ts_exp_PEP",383.925,431,463.75,9,"status quo"
"Jigawa","ts_exp_PEP",405.15,444,467.55,10,"status quo"
"Jigawa","ts_vaccine_vials",799.5,896,918,1,"status quo"
"Jigawa","ts_vaccine_vials",811.6,882,946.15,2,"status quo"
"Jigawa","ts_vaccine_vials",847.8,878,983.9,3,"status quo"
"Jigawa","ts_vaccine_vials",833.8,864,946.6,4,"status quo"
"Jigawa","ts_vaccine_vials",802.3,912,945.55,5,"status quo"
"Jigawa","ts_vaccine_vials",774.1,881,1020.2,6,"status quo"
"Jigawa","ts_vaccine_vials",809.8,862,997.3,7,"status quo"
"Jigawa","ts_vaccine_vials",800.45,882,967.45,8,"status quo"
"Jigawa","ts_vaccine_vials",767.85,862,927.5,9,"status quo"
"Jigawa","ts_vaccine_vials",810.3,888,935.1,10,"status quo"
"Jigawa","ts_rabid_dogs",2741.7090625,2947.1,3049.383125,1,"status quo"
"Jigawa","ts_rabid_dogs",2802.69375,2905.06875,3068.6578125,2,"status quo"
"Jigawa","ts_rabid_dogs",2777.6875,2914.08125,3032.9384375,3,"status quo"
"Jigawa","ts_rabid_dogs",2854.75125,2907.28125,3069.9365625,4,"status quo"
"Jigawa","ts_rabid_dogs",2807.788125,2930.78125,3030.0984375,5,"status quo"
"Jigawa","ts_rabid_dogs",2832.07875,2916.8,2972.0334375,6,"status quo"
"Jigawa","ts_rabid_dogs",2824.390625,2972.8125,3004.0353125,7,"status quo"
"Jigawa","ts_rabid_dogs",2841.273125,2953.61875,3041.5215625,8,"status quo"
"Jigawa","ts_rabid_dogs",2835.7628125,2884.6375,2967.608125,9,"status quo"
"Jigawa","ts_rabid_dogs",2775.9896875,2908.38125,3058.2034375,10,"status quo"
"Kaduna","ts_deaths",180.65,217.5,240.875,1,"status quo"
"Kaduna","ts_deaths",201.225,223,247.425,2,"status quo"
"Kaduna","ts_deaths",201.8,216.5,242.875,3,"status quo"
"Kaduna","ts_deaths",213.225,219.5,239.525,4,"status quo"
"Kaduna","ts_deaths",195.35,223,242.775,5,"status quo"
"Kaduna","ts_deaths",182.25,228.5,240.65,6,"status quo"
"Kaduna","ts_deaths",199.675,222,246.775,7,"status quo"
"Kaduna","ts_deaths",205.475,226,246.425,8,"status quo"
"Kaduna","ts_deaths",196.225,212,230.75,9,"status quo"
"Kaduna","ts_deaths",215.125,229,243.1,10,"status quo"
"Kaduna","ts_exposures",2197.1,2353,2485.3,1,"status quo"
"Kaduna","ts_exposures",2190.075,2369.5,2549.975,2,"status quo"
"Kaduna","ts_exposures",2284.4,2401,2563.325,3,"status quo"
"Kaduna","ts_exposures",2230.45,2420.5,2502.55,4,"status quo"
"Kaduna","ts_exposures",2196.675,2340,2539.575,5,"status quo"
"Kaduna","ts_exposures",2235.95,2461.5,2578.1,6,"status quo"
"Kaduna","ts_exposures",2324.225,2424.5,2590.85,7,"status quo"
"Kaduna","ts_exposures",2304.75,2477,2552.325,8,"status quo"
"Kaduna","ts_exposures",2308.675,2372.5,2462.975,9,"status quo"
"Kaduna","ts_exposures",2292.35,2344,2531.4,10,"status quo"
"Kaduna","ts_exp_PEP",977.575,1046.5,1111.75,1,"status quo"
"Kaduna","ts_exp_PEP",952.525,1058.5,1150.325,2,"status quo"
"Kaduna","ts_exp_PEP",1027.925,1067,1148.675,3,"status quo"
"Kaduna","ts_exp_PEP",966.075,1088,1150.2,4,"status quo"
"Kaduna","ts_exp_PEP",973.125,1051.5,1150.4,5,"status quo"
"Kaduna","ts_exp_PEP",1020.25,1092,1176.4,6,"status quo"
"Kaduna","ts_exp_PEP",1037.875,1099.5,1165.4,7,"status quo"
"Kaduna","ts_exp_PEP",1031.45,1111.5,1160.75,8,"status quo"
"Kaduna","ts_exp_PEP",1013.8,1064,1134.025,9,"status quo"
"Kaduna","ts_exp_PEP",1017.125,1063.5,1134.425,10,"status quo"
"Kaduna","ts_vaccine_vials",1955.15,2093,2223.5,1,"status quo"
"Kaduna","ts_vaccine_vials",1905.05,2117,2300.65,2,"status quo"
"Kaduna","ts_vaccine_vials",2055.85,2134,2297.35,3,"status quo"
"Kaduna","ts_vaccine_vials",1932.15,2176,2300.4,4,"status quo"
"Kaduna","ts_vaccine_vials",1946.25,2103,2300.8,5,"status quo"
"Kaduna","ts_vaccine_vials",2040.5,2184,2352.8,6,"status quo"
"Kaduna","ts_vaccine_vials",2075.75,2199,2330.8,7,"status quo"
"Kaduna","ts_vaccine_vials",2062.9,2223,2321.5,8,"status quo"
"Kaduna","ts_vaccine_vials",2027.6,2128,2268.05,9,"status quo"
"Kaduna","ts_vaccine_vials",2034.25,2127,2268.85,10,"status quo"
"Kaduna","ts_rabid_dogs",5952.02875,6301.2125,6509.37375,1,"status quo"
"Kaduna","ts_rabid_dogs",5976.425625,6312.50625,6561.5009375,2,"status quo"
"Kaduna","ts_rabid_dogs",6151.3875,6336.825,6674.72218749999,3,"status quo"
"Kaduna","ts_rabid_dogs",6028.2221875,6359.2125,6600.7046875,4,"status quo"
"Kaduna","ts_rabid_dogs",5845.824375,6211.725,6573.4690625,5,"status quo"
"Kaduna","ts_rabid_dogs",6053.4425,6332.99375,6713.77312499999,6,"status quo"
"Kaduna","ts_rabid_dogs",6198.2128125,6458.8,6750.89874999999,7,"status quo"
"Kaduna","ts_rabid_dogs",6197.6721875,6366.00625,6667.7996875,8,"status quo"
"Kaduna","ts_rabid_dogs",6167.8559375,6369.325,6507.9528125,9,"status quo"
"Kaduna","ts_rabid_dogs",6162.7721875,6328.28125,6578.3734375,10,"status quo"
"Kano","ts_deaths",193.275,219.5,272.85,1,"status quo"
"Kano","ts_deaths",208.225,231,252.775,2,"status quo"
"Kano","ts_deaths",200.275,234.5,264.55,3,"status quo"
"Kano","ts_deaths",217.125,240,253,4,"status quo"
"Kano","ts_deaths",213.225,235.5,257.5,5,"status quo"
"Kano","ts_deaths",213.45,229.5,262.975,6,"status quo"
"Kano","ts_deaths",212.225,240.5,254.775,7,"status quo"
"Kano","ts_deaths",220.025,251,271.425,8,"status quo"
"Kano","ts_deaths",204.05,230,250.525,9,"status quo"
"Kano","ts_deaths",199.05,227,259.7,10,"status quo"
"Kano","ts_exposures",2233.575,2308,2397.15,1,"status quo"
"Kano","ts_exposures",2266.475,2395.5,2494.825,2,"status quo"
"Kano","ts_exposures",2184.25,2362,2633.875,3,"status quo"
"Kano","ts_exposures",2224.075,2368,2472.55,4,"status quo"
"Kano","ts_exposures",2232.125,2326.5,2502.025,5,"status quo"
"Kano","ts_exposures",2198.8,2359.5,2572.875,6,"status quo"
"Kano","ts_exposures",2305.65,2355.5,2533.85,7,"status quo"
"Kano","ts_exposures",2235.6,2396.5,2593.225,8,"status quo"
"Kano","ts_exposures",2181.575,2384,2433.075,9,"status quo"
"Kano","ts_exposures",2254.75,2339.5,2404.65,10,"status quo"
"Kano","ts_exp_PEP",941.025,975.5,1007,1,"status quo"
"Kano","ts_exp_PEP",945.1,1007.5,1051.075,2,"status quo"
"Kano","ts_exp_PEP",919.975,981.5,1069.475,3,"status quo"
"Kano","ts_exp_PEP",925.775,982.5,1032.425,4,"status quo"
"Kano","ts_exp_PEP",923.675,981.5,1039.975,5,"status quo"
"Kano","ts_exp_PEP",904.425,998.5,1078.55,6,"status quo"
"Kano","ts_exp_PEP",948.25,1010.5,1069.95,7,"status quo"
"Kano","ts_exp_PEP",929.75,1001.5,1090.075,8,"status quo"
"Kano","ts_exp_PEP",923.85,993.5,1036.55,9,"status quo"
"Kano","ts_exp_PEP",934.05,983.5,1029.6,10,"status quo"
"Kano","ts_vaccine_vials",1882.05,1951,2014,1,"status quo"
"Kano","ts_vaccine_vials",1890.2,2015,2102.15,2,"status quo"
"Kano","ts_vaccine_vials",1839.95,1963,2138.95,3,"status quo"
"Kano","ts_vaccine_vials",1851.55,1965,2064.85,4,"status quo"
"Kano","ts_vaccine_vials",1847.35,1963,2079.95,5,"status quo"
"Kano","ts_vaccine_vials",1808.85,1997,2157.1,6,"status quo"
"Kano","ts_vaccine_vials",1896.5,2021,2139.9,7,"status quo"
"Kano","ts_vaccine_vials",1859.5,2003,2180.15,8,"status quo"
"Kano","ts_vaccine_vials",1847.7,1987,2073.1,9,"status quo"
"Kano","ts_vaccine_vials",1868.1,1967,2059.2,10,"status quo"
"Kano","ts_rabid_dogs",5916.98125,6170.725,6527.146875,1,"status quo"
"Kano","ts_rabid_dogs",5984.3940625,6287.76874999999,6490.869375,2,"status quo"
"Kano","ts_rabid_dogs",6000.2690625,6234.175,6612.28,3,"status quo"
"Kano","ts_rabid_dogs",6027.52531250001,6214.19374999999,6496.8946875,4,"status quo"
"Kano","ts_rabid_dogs",6027.79531249999,6146.95,6418.5396875,5,"status quo"
"Kano","ts_rabid_dogs",5968.21187500001,6267.8625,6530.079375,6,"status quo"
"Kano","ts_rabid_dogs",6153.614375,6249.5125,6514.6903125,7,"status quo"
"Kano","ts_rabid_dogs",6107.35562499999,6236.50000000001,6631.17625,8,"status quo"
"Kano","ts_rabid_dogs",5825.9559375,6294.90625,6483.0015625,9,"status quo"
"Kano","ts_rabid_dogs",5882.619375,6178.57500000001,6440.855,10,"status quo"
"Katsina","ts_deaths",123.15,149.5,164.425,1,"status quo"
"Katsina","ts_deaths",136.575,153,164.2,2,"status quo"
"Katsina","ts_deaths",132.7,156.5,179.1,3,"status quo"
"Katsina","ts_deaths",134.25,149,176.1,4,"status quo"
"Katsina","ts_deaths",138.35,153.5,172.325,5,"status quo"
"Katsina","ts_deaths",123.225,139.5,160.775,6,"status quo"
"Katsina","ts_deaths",133.6,154,167.1,7,"status quo"
"Katsina","ts_deaths",131.925,150.5,166.775,8,"status quo"
"Katsina","ts_deaths",132.125,146,166.075,9,"status quo"
"Katsina","ts_deaths",126.15,146.5,164.2,10,"status quo"
"Katsina","ts_exposures",1399.1,1495.5,1556.6,1,"status quo"
"Katsina","ts_exposures",1421.575,1498.5,1571.575,2,"status quo"
"Katsina","ts_exposures",1378.375,1522,1584.1,3,"status quo"
"Katsina","ts_exposures",1369.575,1543,1603.775,4,"status quo"
"Katsina","ts_exposures",1415.05,1459.5,1621.625,5,"status quo"
"Katsina","ts_exposures",1383.4,1503.5,1562.725,6,"status quo"
"Katsina","ts_exposures",1442.15,1531,1599,7,"status quo"
"Katsina","ts_exposures",1416.35,1524.5,1613.6,8,"status quo"
"Katsina","ts_exposures",1437.375,1488.5,1556.75,9,"status quo"
"Katsina","ts_exposures",1426,1513.5,1565.325,10,"status quo"
"Katsina","ts_exp_PEP",592.45,616,653.55,1,"status quo"
"Katsina","ts_exp_PEP",579.45,632,676.475,2,"status quo"
"Katsina","ts_exp_PEP",567.35,635.5,673.525,3,"status quo"
"Katsina","ts_exp_PEP",545.9,627,675.35,4,"status quo"
"Katsina","ts_exp_PEP",588.25,614,707.425,5,"status quo"
"Katsina","ts_exp_PEP",549.35,626,656.3,6,"status quo"
"Katsina","ts_exp_PEP",593.825,616.5,687.25,7,"status quo"
"Katsina","ts_exp_PEP",613.25,640,684.65,8,"status quo"
"Katsina","ts_exp_PEP",581.7,631,664.8,9,"status quo"
"Katsina","ts_exp_PEP",580.95,631.5,660.2,10,"status quo"
"Katsina","ts_vaccine_vials",1184.9,1232,1307.1,1,"status quo"
"Katsina","ts_vaccine_vials",1158.9,1264,1352.95,2,"status quo"
"Katsina","ts_vaccine_vials",1134.7,1271,1347.05,3,"status quo"
"Katsina","ts_vaccine_vials",1091.8,1254,1350.7,4,"status quo"
"Katsina","ts_vaccine_vials",1176.5,1228,1414.85,5,"status quo"
"Katsina","ts_vaccine_vials",1098.7,1252,1312.6,6,"status quo"
"Katsina","ts_vaccine_vials",1187.65,1233,1374.5,7,"status quo"
"Katsina","ts_vaccine_vials",1226.5,1280,1369.3,8,"status quo"
"Katsina","ts_vaccine_vials",1163.4,1262,1329.6,9,"status quo"
"Katsina","ts_vaccine_vials",1161.9,1263,1320.4,10,"status quo"
"Katsina","ts_rabid_dogs",3744.27,3962.13749999999,4032.1578125,1,"status quo"
"Katsina","ts_rabid_dogs",3895.7884375,3960.44374999999,4165.1665625,2,"status quo"
"Katsina","ts_rabid_dogs",3830.30375,3979.7625,4182.0484375,3,"status quo"
"Katsina","ts_rabid_dogs",3741.456875,3968.10625,4235.0490625,4,"status quo"
"Katsina","ts_rabid_dogs",3758.5040625,3941.89375,4195.2203125,5,"status quo"
"Katsina","ts_rabid_dogs",3768.2171875,3977.0125,4142.82875,6,"status quo"
"Katsina","ts_rabid_dogs",3892.7971875,4071.51875,4164.721875,7,"status quo"
"Katsina","ts_rabid_dogs",3861.9503125,3992.33125,4172.8715625,8,"status quo"
"Katsina","ts_rabid_dogs",3854.200625,3970.33125,4063.170625,9,"status quo"
"Katsina","ts_rabid_dogs",3805.4278125,4034.9,4099.13687500001,10,"status quo"
"Kebbi","ts_deaths",69.225,76,97.775,1,"status quo"
"Kebbi","ts_deaths",71.675,78.5,87.55,2,"status quo"
"Kebbi","ts_deaths",72,75,87.2,3,"status quo"
"Kebbi","ts_deaths",67.225,81.5,88.875,4,"status quo"
"Kebbi","ts_deaths",64.475,77,85.975,5,"status quo"
"Kebbi","ts_deaths",60.675,84.5,97.55,6,"status quo"
"Kebbi","ts_deaths",69.225,76.5,100.325,7,"status quo"
"Kebbi","ts_deaths",73.225,81,91.65,8,"status quo"
"Kebbi","ts_deaths",67.675,82,99.875,9,"status quo"
"Kebbi","ts_deaths",65.225,83,91.65,10,"status quo"
"Kebbi","ts_exposures",718.65,805.5,882.6,1,"status quo"
"Kebbi","ts_exposures",805.375,840,865.525,2,"status quo"
"Kebbi","ts_exposures",764.125,794.5,854.4,3,"status quo"
"Kebbi","ts_exposures",770.45,827.5,859,4,"status quo"
"Kebbi","ts_exposures",734.475,818,891.75,5,"status quo"
"Kebbi","ts_exposures",724.95,824.5,918.925,6,"status quo"
"Kebbi","ts_exposures",796.475,834,873.3,7,"status quo"
"Kebbi","ts_exposures",793.575,840.5,905.4,8,"status quo"
"Kebbi","ts_exposures",769.925,822,936.05,9,"status quo"
"Kebbi","ts_exposures",735.2,818.5,857.1,10,"status quo"
"Kebbi","ts_exp_PEP",298.7,337.5,379.2,1,"status quo"
"Kebbi","ts_exp_PEP",333.025,359.5,388.975,2,"status quo"
"Kebbi","ts_exp_PEP",314.625,347.5,370.3,3,"status quo"
"Kebbi","ts_exp_PEP",325.825,352.5,373.3,4,"status quo"
"Kebbi","ts_exp_PEP",323.125,351.5,408.1,5,"status quo"
"Kebbi","ts_exp_PEP",309.7,350,406.55,6,"status quo"
"Kebbi","ts_exp_PEP",326.225,354.5,371.975,7,"status quo"
"Kebbi","ts_exp_PEP",339.45,360.5,403.85,8,"status quo"
"Kebbi","ts_exp_PEP",315.275,342.5,417.575,9,"status quo"
"Kebbi","ts_exp_PEP",300.975,344,359.1,10,"status quo"
"Kebbi","ts_vaccine_vials",597.4,675,758.4,1,"status quo"
"Kebbi","ts_vaccine_vials",666.05,719,777.95,2,"status quo"
"Kebbi","ts_vaccine_vials",629.25,695,740.6,3,"status quo"
"Kebbi","ts_vaccine_vials",651.65,705,746.6,4,"status quo"
"Kebbi","ts_vaccine_vials",646.25,703,816.2,5,"status quo"
"Kebbi","ts_vaccine_vials",619.4,700,813.1,6,"status quo"
"Kebbi","ts_vaccine_vials",652.45,709,743.95,7,"status quo"
"Kebbi","ts_vaccine_vials",678.9,721,807.7,8,"status quo"
"Kebbi","ts_vaccine_vials",630.55,685,835.15,9,"status quo"
"Kebbi","ts_vaccine_vials",601.95,688,718.2,10,"status quo"
"Kebbi","ts_rabid_dogs",2125.4575,2207.3875,2299.57875,1,"status quo"
"Kebbi","ts_rabid_dogs",2178.356875,2251.80625,2362.261875,2,"status quo"
"Kebbi","ts_rabid_dogs",2080.41,2226.90625,2316.8265625,3,"status quo"
"Kebbi","ts_rabid_dogs",2072.02375,2258.825,2334.8496875,4,"status quo"
"Kebbi","ts_rabid_dogs",2084.605625,2262.74375,2314.6325,5,"status quo"
"Kebbi","ts_rabid_dogs",2139.2928125,2234.7875,2356.2453125,6,"status quo"
"Kebbi","ts_rabid_dogs",2176.6303125,2241.225,2319.5971875,7,"status quo"
"Kebbi","ts_rabid_dogs",2141.536875,2241.75,2392.9053125,8,"status quo"
"Kebbi","ts_rabid_dogs",2158.94125,2249.225,2328.375625,9,"status quo"
"Kebbi","ts_rabid_dogs",2110.2140625,2228.6875,2331.7878125,10,"status quo"
"Kogi","ts_deaths",84.9,96.5,110.1,1,"status quo"
"Kogi","ts_deaths",78.35,99.5,116.55,2,"status quo"
"Kogi","ts_deaths",83.675,98.5,114.1,3,"status quo"
"Kogi","ts_deaths",88.025,108,119.775,4,"status quo"
"Kogi","ts_deaths",81.35,108,119.75,5,"status quo"
"Kogi","ts_deaths",83.35,100,113.075,6,"status quo"
"Kogi","ts_deaths",91.225,106.5,117.425,7,"status quo"
"Kogi","ts_deaths",91.25,107,117.1,8,"status quo"
"Kogi","ts_deaths",88.45,102,122.4,9,"status quo"
"Kogi","ts_deaths",83.575,102,111.325,10,"status quo"
"Kogi","ts_exposures",1121.725,1195.5,1302.425,1,"status quo"
"Kogi","ts_exposures",1121.35,1257.5,1379.7,2,"status quo"
"Kogi","ts_exposures",1150.075,1267,1346.275,3,"status quo"
"Kogi","ts_exposures",1213.45,1262.5,1327,4,"status quo"
"Kogi","ts_exposures",1209.3,1302.5,1410.125,5,"status quo"
"Kogi","ts_exposures",1165.9,1269.5,1304.075,6,"status quo"
"Kogi","ts_exposures",1214.7,1281,1366,7,"status quo"
"Kogi","ts_exposures",1203.925,1301.5,1343.2,8,"status quo"
"Kogi","ts_exposures",1206.8,1311.5,1345,9,"status quo"
"Kogi","ts_exposures",1156.4,1273,1381.925,10,"status quo"
"Kogi","ts_exp_PEP",582.275,625,700.1,1,"status quo"
"Kogi","ts_exp_PEP",595.375,655,700.85,2,"status quo"
"Kogi","ts_exp_PEP",595,665.5,711.3,3,"status quo"
"Kogi","ts_exp_PEP",606,673,720.35,4,"status quo"
"Kogi","ts_exp_PEP",628.85,689.5,760.325,5,"status quo"
"Kogi","ts_exp_PEP",612.35,671,735.475,6,"status quo"
"Kogi","ts_exp_PEP",643.9,667,720.775,7,"status quo"
"Kogi","ts_exp_PEP",597.575,674.5,696.1,8,"status quo"
"Kogi","ts_exp_PEP",628.675,680,720.975,9,"status quo"
"Kogi","ts_exp_PEP",592.625,666.5,728.3,10,"status quo"
"Kogi","ts_vaccine_vials",1164.55,1250,1400.2,1,"status quo"
"Kogi","ts_vaccine_vials",1190.75,1310,1401.7,2,"status quo"
"Kogi","ts_vaccine_vials",1190,1331,1422.6,3,"status quo"
"Kogi","ts_vaccine_vials",1212,1346,1440.7,4,"status quo"
"Kogi","ts_vaccine_vials",1257.7,1379,1520.65,5,"status quo"
"Kogi","ts_vaccine_vials",1224.7,1342,1470.95,6,"status quo"
"Kogi","ts_vaccine_vials",1287.8,1334,1441.55,7,"status quo"
"Kogi","ts_vaccine_vials",1195.15,1349,1392.2,8,"status quo"
"Kogi","ts_vaccine_vials",1257.35,1360,1441.95,9,"status quo"
"Kogi","ts_vaccine_vials",1185.25,1333,1456.6,10,"status quo"
"Kogi","ts_rabid_dogs",3030.8484375,3157.55,3295.35625,1,"status quo"
"Kogi","ts_rabid_dogs",3206.563125,3276.7125,3535.1453125,2,"status quo"
"Kogi","ts_rabid_dogs",2981.0215625,3397.40625,3502.806875,3,"status quo"
"Kogi","ts_rabid_dogs",3058.211875,3377.9125,3578.634375,4,"status quo"
"Kogi","ts_rabid_dogs",3083.11625,3444.5625,3538.7303125,5,"status quo"
"Kogi","ts_rabid_dogs",3208.0465625,3369.3375,3510.5334375,6,"status quo"
"Kogi","ts_rabid_dogs",3278.6415625,3422.725,3508.856875,7,"status quo"
"Kogi","ts_rabid_dogs",3170.9203125,3426.96875,3520.538125,8,"status quo"
"Kogi","ts_rabid_dogs",3228.8703125,3412.11875,3532.3334375,9,"status quo"
"Kogi","ts_rabid_dogs",3207.300625,3363.39375,3533.9225,10,"status quo"
"Kwara","ts_deaths",20.675,29,37,1,"status quo"
"Kwara","ts_deaths",18.9,33,40.325,2,"status quo"
"Kwara","ts_deaths",27.9,35.5,39.775,3,"status quo"
"Kwara","ts_deaths",20.675,34.5,43,4,"status quo"
"Kwara","ts_deaths",29.225,31.5,46.325,5,"status quo"
"Kwara","ts_deaths",28,36.5,43.775,6,"status quo"
"Kwara","ts_deaths",23.125,31.5,45.875,7,"status quo"
"Kwara","ts_deaths",27.45,33,39.325,8,"status quo"
"Kwara","ts_deaths",20.35,30.5,38.875,9,"status quo"
"Kwara","ts_deaths",22.9,34.5,39.1,10,"status quo"
"Kwara","ts_exposures",374.05,468,512.775,1,"status quo"
"Kwara","ts_exposures",429.675,463.5,539.025,2,"status quo"
"Kwara","ts_exposures",443.5,497.5,544.65,3,"status quo"
"Kwara","ts_exposures",409.8,496.5,551.5,4,"status quo"
"Kwara","ts_exposures",429.55,499.5,566.4,5,"status quo"
"Kwara","ts_exposures",431.725,484.5,557.725,6,"status quo"
"Kwara","ts_exposures",425.225,489.5,588.775,7,"status quo"
"Kwara","ts_exposures",458.375,506,549.375,8,"status quo"
"Kwara","ts_exposures",447.725,498.5,561.95,9,"status quo"
"Kwara","ts_exposures",480.725,510.5,551.3,10,"status quo"
"Kwara","ts_exp_PEP",230.875,278,309.775,1,"status quo"
"Kwara","ts_exp_PEP",252.475,276.5,338.525,2,"status quo"
"Kwara","ts_exp_PEP",258.85,304.5,349.425,3,"status quo"
"Kwara","ts_exp_PEP",250.6,292.5,347.425,4,"status quo"
"Kwara","ts_exp_PEP",257.25,300,351.275,5,"status quo"
"Kwara","ts_exp_PEP",254.275,294.5,333.1,6,"status quo"
"Kwara","ts_exp_PEP",259.325,302,373.625,7,"status quo"
"Kwara","ts_exp_PEP",277.7,313,329.65,8,"status quo"
"Kwara","ts_exp_PEP",268.5,302,350.675,9,"status quo"
"Kwara","ts_exp_PEP",303,316,347.4,10,"status quo"
"Kwara","ts_vaccine_vials",461.75,556,619.55,1,"status quo"
"Kwara","ts_vaccine_vials",504.95,553,677.05,2,"status quo"
"Kwara","ts_vaccine_vials",517.7,609,698.85,3,"status quo"
"Kwara","ts_vaccine_vials",501.2,585,694.85,4,"status quo"
"Kwara","ts_vaccine_vials",514.5,600,702.55,5,"status quo"
"Kwara","ts_vaccine_vials",508.55,589,666.2,6,"status quo"
"Kwara","ts_vaccine_vials",518.65,604,747.25,7,"status quo"
"Kwara","ts_vaccine_vials",555.4,626,659.3,8,"status quo"
"Kwara","ts_vaccine_vials",537,604,701.35,9,"status quo"
"Kwara","ts_vaccine_vials",606,632,694.8,10,"status quo"
"Kwara","ts_rabid_dogs",1055.5240625,1225.36875,1338.0078125,1,"status quo"
"Kwara","ts_rabid_dogs",1183.9109375,1264.03125,1403.5475,2,"status quo"
"Kwara","ts_rabid_dogs",1224.8034375,1301.9375,1417.9865625,3,"status quo"
"Kwara","ts_rabid_dogs",1204.6934375,1324.01875,1414.2796875,4,"status quo"
"Kwara","ts_rabid_dogs",1239.9409375,1343.45625,1430.2003125,5,"status quo"
"Kwara","ts_rabid_dogs",1233.35125,1325.86875,1454.0040625,6,"status quo"
"Kwara","ts_rabid_dogs",1226.3321875,1336.70625,1420.134375,7,"status quo"
"Kwara","ts_rabid_dogs",1259.9646875,1316.00625,1402.7546875,8,"status quo"
"Kwara","ts_rabid_dogs",1296.9203125,1369.50625,1432.990625,9,"status quo"
"Kwara","ts_rabid_dogs",1308.9334375,1348.7625,1406.0959375,10,"status quo"
"Lagos","ts_deaths",7,8.5,18.55,1,"status quo"
"Lagos","ts_deaths",4,8,9.775,2,"status quo"
"Lagos","ts_deaths",2.675,6,10.775,3,"status quo"
"Lagos","ts_deaths",2.675,6.5,10,4,"status quo"
"Lagos","ts_deaths",3.45,8.5,16.775,5,"status quo"
"Lagos","ts_deaths",2.225,7,12,6,"status quo"
"Lagos","ts_deaths",3.45,7,11.55,7,"status quo"
"Lagos","ts_deaths",2.9,7.5,12.325,8,"status quo"
"Lagos","ts_deaths",1.225,6,11.55,9,"status quo"
"Lagos","ts_deaths",2.675,6,12.775,10,"status quo"
"Lagos","ts_exposures",237.625,270.5,344.275,1,"status quo"
"Lagos","ts_exposures",162.5,235,287.025,2,"status quo"
"Lagos","ts_exposures",168.675,217,249.3,3,"status quo"
"Lagos","ts_exposures",160,202.5,284.475,4,"status quo"
"Lagos","ts_exposures",166.175,207.5,274.475,5,"status quo"
"Lagos","ts_exposures",163.675,218.5,268.775,6,"status quo"
"Lagos","ts_exposures",166.4,205.5,252.9,7,"status quo"
"Lagos","ts_exposures",141.425,217,256.975,8,"status quo"
"Lagos","ts_exposures",140.725,187.5,250.525,9,"status quo"
"Lagos","ts_exposures",154.25,192,286.5,10,"status quo"
"Lagos","ts_exp_PEP",191.375,217.5,274.75,1,"status quo"
"Lagos","ts_exp_PEP",125.575,189.5,226.6,2,"status quo"
"Lagos","ts_exp_PEP",128.675,172,192.775,3,"status quo"
"Lagos","ts_exp_PEP",124.125,166.5,222.525,4,"status quo"
"Lagos","ts_exp_PEP",135.475,164,208.475,5,"status quo"
"Lagos","ts_exp_PEP",128.575,171,210.3,6,"status quo"
"Lagos","ts_exp_PEP",129.475,163.5,196.725,7,"status quo"
"Lagos","ts_exp_PEP",114.275,173.5,199.975,8,"status quo"
"Lagos","ts_exp_PEP",115.025,148,187.875,9,"status quo"
"Lagos","ts_exp_PEP",123.025,144.5,223.075,10,"status quo"
"Lagos","ts_vaccine_vials",382.75,435,549.5,1,"status quo"
"Lagos","ts_vaccine_vials",251.15,379,453.2,2,"status quo"
"Lagos","ts_vaccine_vials",257.35,344,385.55,3,"status quo"
"Lagos","ts_vaccine_vials",248.25,333,445.05,4,"status quo"
"Lagos","ts_vaccine_vials",270.95,328,416.95,5,"status quo"
"Lagos","ts_vaccine_vials",257.15,342,420.6,6,"status quo"
"Lagos","ts_vaccine_vials",258.95,327,393.45,7,"status quo"
"Lagos","ts_vaccine_vials",228.55,347,399.95,8,"status quo"
"Lagos","ts_vaccine_vials",230.05,296,375.75,9,"status quo"
"Lagos","ts_vaccine_vials",246.05,289,446.15,10,"status quo"
"Lagos","ts_rabid_dogs",657.175,686,856.075,1,"status quo"
"Lagos","ts_rabid_dogs",517.6,617.5,683.875,2,"status quo"
"Lagos","ts_rabid_dogs",473.675,580,655.325,3,"status quo"
"Lagos","ts_rabid_dogs",454.025,564.5,712.225,4,"status quo"
"Lagos","ts_rabid_dogs",469,535.5,744.025,5,"status quo"
"Lagos","ts_rabid_dogs",463.7,576.5,695.55,6,"status quo"
"Lagos","ts_rabid_dogs",468.125,546.5,679.125,7,"status quo"
"Lagos","ts_rabid_dogs",392.975,563.5,671.0046875,8,"status quo"
"Lagos","ts_rabid_dogs",411.975,519.5,658.1328125,9,"status quo"
"Lagos","ts_rabid_dogs",437.9,539,807.6746875,10,"status quo"
"Nasarawa","ts_deaths",60.225,72,79.55,1,"status quo"
"Nasarawa","ts_deaths",58,64.5,87.75,2,"status quo"
"Nasarawa","ts_deaths",60.675,71,82.325,3,"status quo"
"Nasarawa","ts_deaths",57.375,72.5,86.65,4,"status quo"
"Nasarawa","ts_deaths",63.125,73.5,82.55,5,"status quo"
"Nasarawa","ts_deaths",58.9,66,75.425,6,"status quo"
"Nasarawa","ts_deaths",62.225,71.5,95.775,7,"status quo"
"Nasarawa","ts_deaths",59.225,76.5,88.1,8,"status quo"
"Nasarawa","ts_deaths",50.9,69.5,78.775,9,"status quo"
"Nasarawa","ts_deaths",60.025,68.5,78.2,10,"status quo"
"Nasarawa","ts_exposures",632.55,715.5,765.475,1,"status quo"
"Nasarawa","ts_exposures",689.9,717,759.075,2,"status quo"
"Nasarawa","ts_exposures",645.475,727,754.525,3,"status quo"
"Nasarawa","ts_exposures",630.175,727,777.5,4,"status quo"
"Nasarawa","ts_exposures",688.675,721.5,791.85,5,"status quo"
"Nasarawa","ts_exposures",633.2,720,815.15,6,"status quo"
"Nasarawa","ts_exposures",658.475,741,816.6,7,"status quo"
"Nasarawa","ts_exposures",707,743,840.05,8,"status quo"
"Nasarawa","ts_exposures",678.225,704,796,9,"status quo"
"Nasarawa","ts_exposures",665.6,735,781.85,10,"status quo"
"Nasarawa","ts_exp_PEP",256.975,292.5,330.8,1,"status quo"
"Nasarawa","ts_exp_PEP",270.175,298.5,324.325,2,"status quo"
"Nasarawa","ts_exp_PEP",264.525,305,316.325,3,"status quo"
"Nasarawa","ts_exp_PEP",248.75,286,345.725,4,"status quo"
"Nasarawa","ts_exp_PEP",286.125,303.5,328.875,5,"status quo"
"Nasarawa","ts_exp_PEP",259.625,297.5,363,6,"status quo"
"Nasarawa","ts_exp_PEP",255.725,304.5,335.1,7,"status quo"
"Nasarawa","ts_exp_PEP",277.675,307.5,348.3,8,"status quo"
"Nasarawa","ts_exp_PEP",274.825,300,330.3,9,"status quo"
"Nasarawa","ts_exp_PEP",279.925,311.5,328.425,10,"status quo"
"Nasarawa","ts_vaccine_vials",513.95,585,661.6,1,"status quo"
"Nasarawa","ts_vaccine_vials",540.35,597,648.65,2,"status quo"
"Nasarawa","ts_vaccine_vials",529.05,610,632.65,3,"status quo"
"Nasarawa","ts_vaccine_vials",497.5,572,691.45,4,"status quo"
"Nasarawa","ts_vaccine_vials",572.25,607,657.75,5,"status quo"
"Nasarawa","ts_vaccine_vials",519.25,595,726,6,"status quo"
"Nasarawa","ts_vaccine_vials",511.45,609,670.2,7,"status quo"
"Nasarawa","ts_vaccine_vials",555.35,615,696.6,8,"status quo"
"Nasarawa","ts_vaccine_vials",549.65,600,660.6,9,"status quo"
"Nasarawa","ts_vaccine_vials",559.85,623,656.85,10,"status quo"
"Nasarawa","ts_rabid_dogs",1885.5778125,1923.325,1983.6575,1,"status quo"
"Nasarawa","ts_rabid_dogs",1877.77875,1958.48125,2008.8778125,2,"status quo"
"Nasarawa","ts_rabid_dogs",1824.1953125,1957.78125,2047.411875,3,"status quo"
"Nasarawa","ts_rabid_dogs",1838.0371875,1929.1625,2066.7025,4,"status quo"
"Nasarawa","ts_rabid_dogs",1842.8603125,1956.075,2043.7228125,5,"status quo"
"Nasarawa","ts_rabid_dogs",1870.8478125,1963.84375,2057.1684375,6,"status quo"
"Nasarawa","ts_rabid_dogs",1849.486875,1981.35625,2034.638125,7,"status quo"
"Nasarawa","ts_rabid_dogs",1883.64625,1955.13125,2050.8515625,8,"status quo"
"Nasarawa","ts_rabid_dogs",1847.9209375,1928.85,2032.1040625,9,"status quo"
"Nasarawa","ts_rabid_dogs",1839.0925,1951.84375,2036.0709375,10,"status quo"
"Niger","ts_deaths",131.125,139.5,159.975,1,"status quo"
"Niger","ts_deaths",135.25,154.5,165.775,2,"status quo"
"Niger","ts_deaths",134.9,152.5,164.775,3,"status quo"
"Niger","ts_deaths",134.225,147.5,174.775,4,"status quo"
"Niger","ts_deaths",132.225,142.5,158.3,5,"status quo"
"Niger","ts_deaths",133.9,145,159.775,6,"status quo"
"Niger","ts_deaths",138.225,148.5,174.65,7,"status quo"
"Niger","ts_deaths",127.15,152.5,168.775,8,"status quo"
"Niger","ts_deaths",130.125,146.5,168.95,9,"status quo"
"Niger","ts_deaths",114.6,141.5,178.65,10,"status quo"
"Niger","ts_exposures",1375.15,1464.5,1560.4,1,"status quo"
"Niger","ts_exposures",1384.825,1465,1561.475,2,"status quo"
"Niger","ts_exposures",1400.675,1474.5,1584.4,3,"status quo"
"Niger","ts_exposures",1379.3,1453.5,1608.95,4,"status quo"
"Niger","ts_exposures",1346.9,1473,1593.9,5,"status quo"
"Niger","ts_exposures",1382.3,1459.5,1552.25,6,"status quo"
"Niger","ts_exposures",1418.225,1510.5,1558.6,7,"status quo"
"Niger","ts_exposures",1438.05,1498,1566.65,8,"status quo"
"Niger","ts_exposures",1366.275,1474.5,1503.85,9,"status quo"
"Niger","ts_exposures",1408.125,1426.5,1590.85,10,"status quo"
"Niger","ts_exp_PEP",546.125,608,634.2,1,"status quo"
"Niger","ts_exp_PEP",542.4,596.5,642.6,2,"status quo"
"Niger","ts_exp_PEP",573.675,608,642.875,3,"status quo"
"Niger","ts_exp_PEP",530.375,607.5,690.05,4,"status quo"
"Niger","ts_exp_PEP",559.725,609,669.525,5,"status quo"
"Niger","ts_exp_PEP",551.875,599,641.35,6,"status quo"
"Niger","ts_exp_PEP",555.5,622.5,635.775,7,"status quo"
"Niger","ts_exp_PEP",543.4,618.5,658.9,8,"status quo"
"Niger","ts_exp_PEP",552.125,593.5,617.625,9,"status quo"
"Niger","ts_exp_PEP",550.675,609,656.75,10,"status quo"
"Niger","ts_vaccine_vials",1092.25,1216,1268.4,1,"status quo"
"Niger","ts_vaccine_vials",1084.8,1193,1285.2,2,"status quo"
"Niger","ts_vaccine_vials",1147.35,1216,1285.75,3,"status quo"
"Niger","ts_vaccine_vials",1060.75,1215,1380.1,4,"status quo"
"Niger","ts_vaccine_vials",1119.45,1218,1339.05,5,"status quo"
"Niger","ts_vaccine_vials",1103.75,1198,1282.7,6,"status quo"
"Niger","ts_vaccine_vials",1111,1245,1271.55,7,"status quo"
"Niger","ts_vaccine_vials",1086.8,1237,1317.8,8,"status quo"
"Niger","ts_vaccine_vials",1104.25,1187,1235.25,9,"status quo"
"Niger","ts_vaccine_vials",1101.35,1218,1313.5,10,"status quo"
"Niger","ts_rabid_dogs",3759.26812500001,3841.60625,4031.4384375,1,"status quo"
"Niger","ts_rabid_dogs",3758.915,3963.6875,4014.7409375,2,"status quo"
"Niger","ts_rabid_dogs",3782.4284375,3910.01875,4045.039375,3,"status quo"
"Niger","ts_rabid_dogs",3726.4540625,3867.63125,4081.429375,4,"status quo"
"Niger","ts_rabid_dogs",3744.681875,3857.3375,4104.693125,5,"status quo"
"Niger","ts_rabid_dogs",3808.34625,3901.46875000001,4114.496875,6,"status quo"
"Niger","ts_rabid_dogs",3825.41343749999,3962.64375,4075.6434375,7,"status quo"
"Niger","ts_rabid_dogs",3742.9403125,3966.93125,4103.2696875,8,"status quo"
"Niger","ts_rabid_dogs",3775.534375,3871.3375,4049.2546875,9,"status quo"
"Niger","ts_rabid_dogs",3765.3053125,3837.06875,4062.198125,10,"status quo"
"Ogun","ts_deaths",6,10,14.55,1,"status quo"
"Ogun","ts_deaths",6.45,9.5,12,2,"status quo"
"Ogun","ts_deaths",5,8.5,15,3,"status quo"
"Ogun","ts_deaths",5.225,8.5,15.325,4,"status quo"
"Ogun","ts_deaths",4.225,9,13.325,5,"status quo"
"Ogun","ts_deaths",5.225,8,14.55,6,"status quo"
"Ogun","ts_deaths",4.225,9,12.775,7,"status quo"
"Ogun","ts_deaths",7,11,21.525,8,"status quo"
"Ogun","ts_deaths",4.675,9,21.1,9,"status quo"
"Ogun","ts_deaths",6.225,8,12.325,10,"status quo"
"Ogun","ts_exposures",182.15,235.5,263.3,1,"status quo"
"Ogun","ts_exposures",186.575,220.5,256.05,2,"status quo"
"Ogun","ts_exposures",176.95,226.5,266.4,3,"status quo"
"Ogun","ts_exposures",149.8,206,263.8,4,"status quo"
"Ogun","ts_exposures",152.675,211,227.775,5,"status quo"
"Ogun","ts_exposures",178.675,213,263.725,6,"status quo"
"Ogun","ts_exposures",150.225,214.5,252.875,7,"status quo"
"Ogun","ts_exposures",150.625,209,263.3,8,"status quo"
"Ogun","ts_exposures",121.375,220,313.975,9,"status quo"
"Ogun","ts_exposures",141.1,200,277.375,10,"status quo"
"Ogun","ts_exp_PEP",139.375,171.5,202.2,1,"status quo"
"Ogun","ts_exp_PEP",129.35,162,204.6,2,"status quo"
"Ogun","ts_exp_PEP",134.9,167,196.65,3,"status quo"
"Ogun","ts_exp_PEP",112.675,156,186.95,4,"status quo"
"Ogun","ts_exp_PEP",113.95,152,163,5,"status quo"
"Ogun","ts_exp_PEP",117.15,157.5,212.275,6,"status quo"
"Ogun","ts_exp_PEP",107.85,151.5,189.1,7,"status quo"
"Ogun","ts_exp_PEP",104.075,157,192.2,8,"status quo"
"Ogun","ts_exp_PEP",87.875,160.5,235.025,9,"status quo"
"Ogun","ts_exp_PEP",101.175,152.5,209.075,10,"status quo"
"Ogun","ts_vaccine_vials",278.75,343,404.4,1,"status quo"
"Ogun","ts_vaccine_vials",258.7,324,409.2,2,"status quo"
"Ogun","ts_vaccine_vials",269.8,334,393.3,3,"status quo"
"Ogun","ts_vaccine_vials",225.35,312,373.9,4,"status quo"
"Ogun","ts_vaccine_vials",227.9,304,326,5,"status quo"
"Ogun","ts_vaccine_vials",234.3,315,424.55,6,"status quo"
"Ogun","ts_vaccine_vials",215.7,303,378.2,7,"status quo"
"Ogun","ts_vaccine_vials",208.15,314,384.4,8,"status quo"
"Ogun","ts_vaccine_vials",175.75,321,470.05,9,"status quo"
"Ogun","ts_vaccine_vials",202.35,305,418.15,10,"status quo"
"Ogun","ts_rabid_dogs",555.9,610,671.74875,1,"status quo"
"Ogun","ts_rabid_dogs",484.97625,587,656.30875,2,"status quo"
"Ogun","ts_rabid_dogs",485.70125,561.5,691.6903125,3,"status quo"
"Ogun","ts_rabid_dogs",434.47625,562.375,693.46875,4,"status quo"
"Ogun","ts_rabid_dogs",402.27375,544.375,686.833125,5,"status quo"
"Ogun","ts_rabid_dogs",415.54875,561.5,631.216875,6,"status quo"
"Ogun","ts_rabid_dogs",422.975,554.225,692.3440625,7,"status quo"
"Ogun","ts_rabid_dogs",406.529375,541.0125,706.280625,8,"status quo"
"Ogun","ts_rabid_dogs",389.575,542.85,675.12875,9,"status quo"
"Ogun","ts_rabid_dogs",397.520625,525.7875,694.9040625,10,"status quo"
"Ondo","ts_deaths",43.9,63.5,69.775,1,"status quo"
"Ondo","ts_deaths",43.125,54.5,65.775,2,"status quo"
"Ondo","ts_deaths",47.225,64,72.775,3,"status quo"
"Ondo","ts_deaths",34.15,56,86.2,4,"status quo"
"Ondo","ts_deaths",47.675,66,75.55,5,"status quo"
"Ondo","ts_deaths",45.9,59,80.2,6,"status quo"
"Ondo","ts_deaths",49.35,67,72.775,7,"status quo"
"Ondo","ts_deaths",49.125,64,77.975,8,"status quo"
"Ondo","ts_deaths",53.45,60.5,80.55,9,"status quo"
"Ondo","ts_deaths",57,65,78.2,10,"status quo"
"Ondo","ts_exposures",986.375,1110,1269.7,1,"status quo"
"Ondo","ts_exposures",1009.525,1104.5,1243.4,2,"status quo"
"Ondo","ts_exposures",920.975,1229.5,1334.15,3,"status quo"
"Ondo","ts_exposures",926.25,1118.5,1445.125,4,"status quo"
"Ondo","ts_exposures",872.2,1181.5,1370.675,5,"status quo"
"Ondo","ts_exposures",897.4,1194.5,1423.025,6,"status quo"
"Ondo","ts_exposures",1026.775,1199.5,1457.325,7,"status quo"
"Ondo","ts_exposures",981.975,1202,1372.625,8,"status quo"
"Ondo","ts_exposures",1002.25,1115.5,1490.8,9,"status quo"
"Ondo","ts_exposures",1009.8,1188.5,1402.925,10,"status quo"
"Ondo","ts_exp_PEP",689.625,774,907.65,1,"status quo"
"Ondo","ts_exp_PEP",693.675,771,865.525,2,"status quo"
"Ondo","ts_exp_PEP",623.625,865,943.2,3,"status quo"
"Ondo","ts_exp_PEP",636.75,776.5,988.6,4,"status quo"
"Ondo","ts_exp_PEP",608.425,808,955.95,5,"status quo"
"Ondo","ts_exp_PEP",623.85,829.5,988.325,6,"status quo"
"Ondo","ts_exp_PEP",698.95,840,1020.275,7,"status quo"
"Ondo","ts_exp_PEP",684.075,822,961.775,8,"status quo"
"Ondo","ts_exp_PEP",690.125,781.5,1041.175,9,"status quo"
"Ondo","ts_exp_PEP",687.55,825,955.475,10,"status quo"
"Ondo","ts_vaccine_vials",1379.25,1548,1815.3,1,"status quo"
"Ondo","ts_vaccine_vials",1387.35,1542,1731.05,2,"status quo"
"Ondo","ts_vaccine_vials",1247.25,1730,1886.4,3,"status quo"
"Ondo","ts_vaccine_vials",1273.5,1553,1977.2,4,"status quo"
"Ondo","ts_vaccine_vials",1216.85,1616,1911.9,5,"status quo"
"Ondo","ts_vaccine_vials",1247.7,1659,1976.65,6,"status quo"
"Ondo","ts_vaccine_vials",1397.9,1680,2040.55,7,"status quo"
"Ondo","ts_vaccine_vials",1368.15,1644,1923.55,8,"status quo"
"Ondo","ts_vaccine_vials",1380.25,1563,2082.35,9,"status quo"
"Ondo","ts_vaccine_vials",1375.1,1650,1910.95,10,"status quo"
"Ondo","ts_rabid_dogs",2587.30375,2872.425,3481.2503125,1,"status quo"
"Ondo","ts_rabid_dogs",2634.7346875,3035.90625,3337.1253125,2,"status quo"
"Ondo","ts_rabid_dogs",2352.0215625,3205.7,3499.58625,3,"status quo"
"Ondo","ts_rabid_dogs",2335.448125,2964.53125,3835.2571875,4,"status quo"
"Ondo","ts_rabid_dogs",2308.683125,3110.8125,3560.69375,5,"status quo"
"Ondo","ts_rabid_dogs",2484.2228125,3099.90625,3502.4965625,6,"status quo"
"Ondo","ts_rabid_dogs",2642.8734375,3291.26875,3656.2703125,7,"status quo"
"Ondo","ts_rabid_dogs",2523.8475,3180.10625,3711.011875,8,"status quo"
"Ondo","ts_rabid_dogs",2572.50875,2934.66875,3959.8121875,9,"status quo"
"Ondo","ts_rabid_dogs",2644.8584375,3157.28125,3739.24875,10,"status quo"
"Osun","ts_deaths",3,10.5,17.875,1,"status quo"
"Osun","ts_deaths",5.225,10,14.55,2,"status quo"
"Osun","ts_deaths",5,9.5,16.1,3,"status quo"
"Osun","ts_deaths",2.225,8,13,4,"status quo"
"Osun","ts_deaths",5,8,14.325,5,"status quo"
"Osun","ts_deaths",4.225,10,14.775,6,"status quo"
"Osun","ts_deaths",5.45,8.5,15.55,7,"status quo"
"Osun","ts_deaths",5.225,9.5,16.425,8,"status quo"
"Osun","ts_deaths",2.45,7,13.55,9,"status quo"
"Osun","ts_deaths",5.225,8,13.325,10,"status quo"
"Osun","ts_exposures",207.225,232.5,254.625,1,"status quo"
"Osun","ts_exposures",168.65,223.5,246.875,2,"status quo"
"Osun","ts_exposures",163.375,207,247.65,3,"status quo"
"Osun","ts_exposures",151.175,212.5,275.4,4,"status quo"
"Osun","ts_exposures",159.925,190,232.75,5,"status quo"
"Osun","ts_exposures",151.275,191,246.1,6,"status quo"
"Osun","ts_exposures",159.7,193,232.15,7,"status quo"
"Osun","ts_exposures",125.625,186,234.1,8,"status quo"
"Osun","ts_exposures",124.525,202,257.3,9,"status quo"
"Osun","ts_exposures",121.75,185.5,214.625,10,"status quo"
"Osun","ts_exp_PEP",151.675,162.5,189.2,1,"status quo"
"Osun","ts_exp_PEP",127.275,166.5,185.1,2,"status quo"
"Osun","ts_exp_PEP",114.05,154.5,190.875,3,"status quo"
"Osun","ts_exp_PEP",114.275,159.5,206.1,4,"status quo"
"Osun","ts_exp_PEP",120.25,143.5,166.3,5,"status quo"
"Osun","ts_exp_PEP",106.7,140,174.65,6,"status quo"
"Osun","ts_exp_PEP",113.375,134.5,170.525,7,"status quo"
"Osun","ts_exp_PEP",86.825,132.5,173.775,8,"status quo"
"Osun","ts_exp_PEP",96.025,152,191.3,9,"status quo"
"Osun","ts_exp_PEP",93.05,139.5,164.95,10,"status quo"
"Osun","ts_vaccine_vials",303.35,325,378.4,1,"status quo"
"Osun","ts_vaccine_vials",254.55,333,370.2,2,"status quo"
"Osun","ts_vaccine_vials",228.1,309,381.75,3,"status quo"
"Osun","ts_vaccine_vials",228.55,319,412.2,4,"status quo"
"Osun","ts_vaccine_vials",240.5,287,332.6,5,"status quo"
"Osun","ts_vaccine_vials",213.4,280,349.3,6,"status quo"
"Osun","ts_vaccine_vials",226.75,269,341.05,7,"status quo"
"Osun","ts_vaccine_vials",173.65,265,347.55,8,"status quo"
"Osun","ts_vaccine_vials",192.05,304,382.6,9,"status quo"
"Osun","ts_vaccine_vials",186.1,279,329.9,10,"status quo"
"Osun","ts_rabid_dogs",537.675,606.48125,665.2528125,1,"status quo"
"Osun","ts_rabid_dogs",460.01375,564.65,638.9046875,2,"status quo"
"Osun","ts_rabid_dogs",473.225,525,687.2353125,3,"status quo"
"Osun","ts_rabid_dogs",427.255,566.30625,696.3915625,4,"status quo"
"Osun","ts_rabid_dogs",417.63,530.35625,666.5390625,5,"status quo"
"Osun","ts_rabid_dogs",395.0365625,534.5,624.97125,6,"status quo"
"Osun","ts_rabid_dogs",443.5459375,493.2375,598.333125,7,"status quo"
"Osun","ts_rabid_dogs",363.485625,497.4125,597.3096875,8,"status quo"
"Osun","ts_rabid_dogs",368.5415625,508.7,628.8903125,9,"status quo"
"Osun","ts_rabid_dogs",329.05,512.85625,545.5925,10,"status quo"
"Oyo","ts_deaths",10.45,18,28.425,1,"status quo"
"Oyo","ts_deaths",10.45,16.5,23.1,2,"status quo"
"Oyo","ts_deaths",12.225,16.5,27.65,3,"status quo"
"Oyo","ts_deaths",11.9,17.5,26.875,4,"status quo"
"Oyo","ts_deaths",8.575,16.5,22.55,5,"status quo"
"Oyo","ts_deaths",12,15.5,21.55,6,"status quo"
"Oyo","ts_deaths",11.225,20,28.425,7,"status quo"
"Oyo","ts_deaths",9.9,17.5,25.325,8,"status quo"
"Oyo","ts_deaths",11.225,19,25.775,9,"status quo"
"Oyo","ts_deaths",13,15,26.525,10,"status quo"
"Oyo","ts_exposures",349.675,398.5,532.65,1,"status quo"
"Oyo","ts_exposures",314.075,389.5,494.5,2,"status quo"
"Oyo","ts_exposures",357.225,395.5,429.625,3,"status quo"
"Oyo","ts_exposures",325.225,367,464,4,"status quo"
"Oyo","ts_exposures",299.15,374.5,420.725,5,"status quo"
"Oyo","ts_exposures",338.45,358.5,433.475,6,"status quo"
"Oyo","ts_exposures",329.075,380.5,450.975,7,"status quo"
"Oyo","ts_exposures",305.225,378,477.05,8,"status quo"
"Oyo","ts_exposures",349.575,369.5,393.875,9,"status quo"
"Oyo","ts_exposures",306.15,395.5,462.775,10,"status quo"
"Oyo","ts_exp_PEP",257.8,292.5,386.3,1,"status quo"
"Oyo","ts_exp_PEP",226.65,285,367.6,2,"status quo"
"Oyo","ts_exp_PEP",256.675,287,324.475,3,"status quo"
"Oyo","ts_exp_PEP",226.7,275.5,348.3,4,"status quo"
"Oyo","ts_exp_PEP",225.925,274.5,306.875,5,"status quo"
"Oyo","ts_exp_PEP",237.45,269,319.4,6,"status quo"
"Oyo","ts_exp_PEP",234.175,278.5,330.325,7,"status quo"
"Oyo","ts_exp_PEP",223.425,276.5,350.175,8,"status quo"
"Oyo","ts_exp_PEP",252.225,267,305.4,9,"status quo"
"Oyo","ts_exp_PEP",220.525,277,353,10,"status quo"
"Oyo","ts_vaccine_vials",515.6,585,772.6,1,"status quo"
"Oyo","ts_vaccine_vials",453.3,570,735.2,2,"status quo"
"Oyo","ts_vaccine_vials",513.35,574,648.95,3,"status quo"
"Oyo","ts_vaccine_vials",453.4,551,696.6,4,"status quo"
"Oyo","ts_vaccine_vials",451.85,549,613.75,5,"status quo"
"Oyo","ts_vaccine_vials",474.9,538,638.8,6,"status quo"
"Oyo","ts_vaccine_vials",468.35,557,660.65,7,"status quo"
"Oyo","ts_vaccine_vials",446.85,553,700.35,8,"status quo"
"Oyo","ts_vaccine_vials",504.45,534,610.8,9,"status quo"
"Oyo","ts_vaccine_vials",441.05,554,706,10,"status quo"
"Oyo","ts_rabid_dogs",944.48375,1080.6375,1378.04125,1,"status quo"
"Oyo","ts_rabid_dogs",931.264375,1083.25,1295.548125,2,"status quo"
"Oyo","ts_rabid_dogs",932.530625,1041.7375,1156.666875,3,"status quo"
"Oyo","ts_rabid_dogs",821.9396875,980.4875,1093.185625,4,"status quo"
"Oyo","ts_rabid_dogs",845.125625,962.86875,1087.6090625,5,"status quo"
"Oyo","ts_rabid_dogs",868.5203125,965.86875,1184.6625,6,"status quo"
"Oyo","ts_rabid_dogs",856.376875,995.91875,1204.974375,7,"status quo"
"Oyo","ts_rabid_dogs",855.1459375,998.05,1224.59375,8,"status quo"
"Oyo","ts_rabid_dogs",922.2471875,990.25,1118.0934375,9,"status quo"
"Oyo","ts_rabid_dogs",857.6496875,1026.81875,1207.85875,10,"status quo"
"Plateau","ts_deaths",177.95,210,248.275,1,"status quo"
"Plateau","ts_deaths",182,203.5,225.875,2,"status quo"
"Plateau","ts_deaths",189.675,208.5,232.75,3,"status quo"
"Plateau","ts_deaths",185.35,206,235.625,4,"status quo"
"Plateau","ts_deaths",181.9,205.5,224.975,5,"status quo"
"Plateau","ts_deaths",189.125,204,231.475,6,"status quo"
"Plateau","ts_deaths",180.35,202.5,218.875,7,"status quo"
"Plateau","ts_deaths",180.45,212,233.075,8,"status quo"
"Plateau","ts_deaths",187.225,207,224.75,9,"status quo"
"Plateau","ts_deaths",185.475,201.5,235.725,10,"status quo"
"Plateau","ts_exposures",1904.65,2068.5,2251,1,"status quo"
"Plateau","ts_exposures",1963.225,2135,2297.8,2,"status quo"
"Plateau","ts_exposures",2038.2,2118,2258.975,3,"status quo"
"Plateau","ts_exposures",1957.075,2035.5,2162.95,4,"status quo"
"Plateau","ts_exposures",1966.125,2063,2271.6,5,"status quo"
"Plateau","ts_exposures",1981.5,2098,2248.65,6,"status quo"
"Plateau","ts_exposures",1962.125,2077,2294.875,7,"status quo"
"Plateau","ts_exposures",1981.95,2128,2217.85,8,"status quo"
"Plateau","ts_exposures",2025.225,2127,2168.2,9,"status quo"
"Plateau","ts_exposures",1990.075,2038.5,2211.8,10,"status quo"
"Plateau","ts_exp_PEP",801.3,859.5,943,1,"status quo"
"Plateau","ts_exp_PEP",811.55,896,961.25,2,"status quo"
"Plateau","ts_exp_PEP",859.8,891,971.75,3,"status quo"
"Plateau","ts_exp_PEP",798.675,852,901.1,4,"status quo"
"Plateau","ts_exp_PEP",824.7,876,950.825,5,"status quo"
"Plateau","ts_exp_PEP",818.5,875,959.275,6,"status quo"
"Plateau","ts_exp_PEP",853.35,870,961.275,7,"status quo"
"Plateau","ts_exp_PEP",822.95,874.5,929.1,8,"status quo"
"Plateau","ts_exp_PEP",847.05,896,928.325,9,"status quo"
"Plateau","ts_exp_PEP",809.7,837.5,920.65,10,"status quo"
"Plateau","ts_vaccine_vials",1602.6,1719,1886,1,"status quo"
"Plateau","ts_vaccine_vials",1623.1,1792,1922.5,2,"status quo"
"Plateau","ts_vaccine_vials",1719.6,1782,1943.5,3,"status quo"
"Plateau","ts_vaccine_vials",1597.35,1704,1802.2,4,"status quo"
"Plateau","ts_vaccine_vials",1649.4,1752,1901.65,5,"status quo"
"Plateau","ts_vaccine_vials",1637,1750,1918.55,6,"status quo"
"Plateau","ts_vaccine_vials",1706.7,1740,1922.55,7,"status quo"
"Plateau","ts_vaccine_vials",1645.9,1749,1858.2,8,"status quo"
"Plateau","ts_vaccine_vials",1694.1,1792,1856.65,9,"status quo"
"Plateau","ts_vaccine_vials",1619.4,1675,1841.3,10,"status quo"
"Plateau","ts_rabid_dogs",5173.2340625,5473.04999999999,5917.1871875,1,"status quo"
"Plateau","ts_rabid_dogs",5269.63531250001,5504.16875,5908.35031249999,2,"status quo"
"Plateau","ts_rabid_dogs",5292.515625,5473.4625,5982.92593749999,3,"status quo"
"Plateau","ts_rabid_dogs",5295.0871875,5466.3125,5858.161875,4,"status quo"
"Plateau","ts_rabid_dogs",5307.12562500001,5538.8875,5844.68593749999,5,"status quo"
"Plateau","ts_rabid_dogs",5319.1353125,5520.74375000001,5882.85656249999,6,"status quo"
"Plateau","ts_rabid_dogs",5380.2996875,5608.34375,5839.35968749999,7,"status quo"
"Plateau","ts_rabid_dogs",5278.429375,5533.7625,5909.56999999999,8,"status quo"
"Plateau","ts_rabid_dogs",5283.589375,5610.09374999999,5693.455625,9,"status quo"
"Plateau","ts_rabid_dogs",5271.8603125,5356.0375,5807.82156249999,10,"status quo"
"Rivers","ts_deaths",597.925,666.5,709.875,1,"status quo"
"Rivers","ts_deaths",635.5,727.5,745.65,2,"status quo"
"Rivers","ts_deaths",654.6,692.5,727.875,3,"status quo"
"Rivers","ts_deaths",656.6,707,769.625,4,"status quo"
"Rivers","ts_deaths",655.975,714,750.525,5,"status quo"
"Rivers","ts_deaths",673.25,708.5,777.3,6,"status quo"
"Rivers","ts_deaths",655.85,721.5,748.85,7,"status quo"
"Rivers","ts_deaths",663.8,737,794.625,8,"status quo"
"Rivers","ts_deaths",673.675,696.5,742.1,9,"status quo"
"Rivers","ts_deaths",643.175,712.5,767.25,10,"status quo"
"Rivers","ts_exposures",8384.925,9125.5,9527.25,1,"status quo"
"Rivers","ts_exposures",8885.175,9677.5,10113.1,2,"status quo"
"Rivers","ts_exposures",9027.625,9627,10179.55,3,"status quo"
"Rivers","ts_exposures",9406.35,9815,10081.575,4,"status quo"
"Rivers","ts_exposures",9276.125,9857,10212.575,5,"status quo"
"Rivers","ts_exposures",9042.5,9970.5,10208.125,6,"status quo"
"Rivers","ts_exposures",9237.725,10062,10343.575,7,"status quo"
"Rivers","ts_exposures",9236.925,9772,10913.5,8,"status quo"
"Rivers","ts_exposures",8986.9,9749,10099.475,9,"status quo"
"Rivers","ts_exposures",8971.55,9818,10247.6,10,"status quo"
"Rivers","ts_exp_PEP",4818.1,5147.5,5432.825,1,"status quo"
"Rivers","ts_exp_PEP",5063.15,5509,5740.925,2,"status quo"
"Rivers","ts_exp_PEP",5191.7,5499,5805.325,3,"status quo"
"Rivers","ts_exp_PEP",5377.575,5646,5779.2,4,"status quo"
"Rivers","ts_exp_PEP",5314.375,5604.5,5837.375,5,"status quo"
"Rivers","ts_exp_PEP",5183.35,5660,5843.4,6,"status quo"
"Rivers","ts_exp_PEP",5280.4,5758,5928.125,7,"status quo"
"Rivers","ts_exp_PEP",5274.45,5595.5,6213.9,8,"status quo"
"Rivers","ts_exp_PEP",5159.575,5586,5798.825,9,"status quo"
"Rivers","ts_exp_PEP",5106,5627.5,5872.25,10,"status quo"
"Rivers","ts_vaccine_vials",9636.2,10295,10865.65,1,"status quo"
"Rivers","ts_vaccine_vials",10126.3,11018,11481.85,2,"status quo"
"Rivers","ts_vaccine_vials",10383.4,10998,11610.65,3,"status quo"
"Rivers","ts_vaccine_vials",10755.15,11292,11558.4,4,"status quo"
"Rivers","ts_vaccine_vials",10628.75,11209,11674.75,5,"status quo"
"Rivers","ts_vaccine_vials",10366.7,11320,11686.8,6,"status quo"
"Rivers","ts_vaccine_vials",10560.8,11516,11856.25,7,"status quo"
"Rivers","ts_vaccine_vials",10548.9,11191,12427.8,8,"status quo"
"Rivers","ts_vaccine_vials",10319.15,11172,11597.65,9,"status quo"
"Rivers","ts_vaccine_vials",10212,11255,11744.5,10,"status quo"
"Rivers","ts_rabid_dogs",22189.50625,23956.85,25264.38125,1,"status quo"
"Rivers","ts_rabid_dogs",23666.7415625,25343.5875,26269.099375,2,"status quo"
"Rivers","ts_rabid_dogs",23474.7346875,25347.56875,26871.568125,3,"status quo"
"Rivers","ts_rabid_dogs",24381.6221875,25572.33125,27067.2590625,4,"status quo"
"Rivers","ts_rabid_dogs",24574.930625,25816.1,27181.6715625,5,"status quo"
"Rivers","ts_rabid_dogs",23964.0375,26207.4625,26931.5465625,6,"status quo"
"Rivers","ts_rabid_dogs",24199.62,26207.95,27357.3215625,7,"status quo"
"Rivers","ts_rabid_dogs",24337.4409375,25891.9375,28430.3278125,8,"status quo"
"Rivers","ts_rabid_dogs",23400.374375,25948.325,26698.6528125,9,"status quo"
"Rivers","ts_rabid_dogs",23264.0971875,25893.7,27229.78125,10,"status quo"
"Sokoto","ts_deaths",69.15,95.5,108.75,1,"status quo"
"Sokoto","ts_deaths",85.225,93,116.325,2,"status quo"
"Sokoto","ts_deaths",74.7,91.5,112.55,3,"status quo"
"Sokoto","ts_deaths",79.225,101,114.1,4,"status quo"
"Sokoto","ts_deaths",83.9,96,104,5,"status quo"
"Sokoto","ts_deaths",82.925,98,119.95,6,"status quo"
"Sokoto","ts_deaths",87.225,95.5,110.775,7,"status quo"
"Sokoto","ts_deaths",86.675,94,108.55,8,"status quo"
"Sokoto","ts_deaths",82.125,94.5,117.5,9,"status quo"
"Sokoto","ts_deaths",81.225,96,109.55,10,"status quo"
"Sokoto","ts_exposures",846.85,932.5,968.65,1,"status quo"
"Sokoto","ts_exposures",876.575,935,988.35,2,"status quo"
"Sokoto","ts_exposures",851,933,993.4,3,"status quo"
"Sokoto","ts_exposures",906.15,957.5,1018.1,4,"status quo"
"Sokoto","ts_exposures",850.7,936,1011,5,"status quo"
"Sokoto","ts_exposures",891.325,948,1040.525,6,"status quo"
"Sokoto","ts_exposures",932.45,966,1001.325,7,"status quo"
"Sokoto","ts_exposures",878.125,938.5,1034.2,8,"status quo"
"Sokoto","ts_exposures",887.95,932,977.75,9,"status quo"
"Sokoto","ts_exposures",882.225,932,982.4,10,"status quo"
"Sokoto","ts_exp_PEP",351.45,381.5,390.1,1,"status quo"
"Sokoto","ts_exp_PEP",342.175,382.5,408.425,2,"status quo"
"Sokoto","ts_exp_PEP",330,365.5,403,3,"status quo"
"Sokoto","ts_exp_PEP",359.225,379,414.55,4,"status quo"
"Sokoto","ts_exp_PEP",334.125,375,408.75,5,"status quo"
"Sokoto","ts_exp_PEP",340.475,380.5,421.875,6,"status quo"
"Sokoto","ts_exp_PEP",367.9,381.5,412.4,7,"status quo"
"Sokoto","ts_exp_PEP",343.675,384,434.35,8,"status quo"
"Sokoto","ts_exp_PEP",332.825,366,400.1,9,"status quo"
"Sokoto","ts_exp_PEP",336.375,378,393.775,10,"status quo"
"Sokoto","ts_vaccine_vials",702.9,763,780.2,1,"status quo"
"Sokoto","ts_vaccine_vials",684.35,765,816.85,2,"status quo"
"Sokoto","ts_vaccine_vials",660,731,806,3,"status quo"
"Sokoto","ts_vaccine_vials",718.45,758,829.1,4,"status quo"
"Sokoto","ts_vaccine_vials",668.25,750,817.5,5,"status quo"
"Sokoto","ts_vaccine_vials",680.95,761,843.75,6,"status quo"
"Sokoto","ts_vaccine_vials",735.8,763,824.8,7,"status quo"
"Sokoto","ts_vaccine_vials",687.35,768,868.7,8,"status quo"
"Sokoto","ts_vaccine_vials",665.65,732,800.2,9,"status quo"
"Sokoto","ts_vaccine_vials",672.75,756,787.55,10,"status quo"
"Sokoto","ts_rabid_dogs",2334.7984375,2501.16875,2541.5221875,1,"status quo"
"Sokoto","ts_rabid_dogs",2372.7428125,2500.15625,2575.30875,2,"status quo"
"Sokoto","ts_rabid_dogs",2443.9234375,2508.525,2592.0359375,3,"status quo"
"Sokoto","ts_rabid_dogs",2471.700625,2518.8625,2599.7603125,4,"status quo"
"Sokoto","ts_rabid_dogs",2386.935,2511.225,2576.044375,5,"status quo"
"Sokoto","ts_rabid_dogs",2415.0409375,2511.7875,2589.37375,6,"status quo"
"Sokoto","ts_rabid_dogs",2449.7534375,2518.21875,2592.4690625,7,"status quo"
"Sokoto","ts_rabid_dogs",2446.3371875,2482.99375,2602.4984375,8,"status quo"
"Sokoto","ts_rabid_dogs",2437.4740625,2505.25,2553.0271875,9,"status quo"
"Sokoto","ts_rabid_dogs",2386.08375,2488.83125,2602.3196875,10,"status quo"
"Taraba","ts_deaths",106.675,117.5,137.975,1,"status quo"
"Taraba","ts_deaths",104.8,123,139.775,2,"status quo"
"Taraba","ts_deaths",108.9,123,131,3,"status quo"
"Taraba","ts_deaths",109.125,122.5,136.775,4,"status quo"
"Taraba","ts_deaths",112.25,128,141.325,5,"status quo"
"Taraba","ts_deaths",97.925,116,148.65,6,"status quo"
"Taraba","ts_deaths",101.675,115,146.075,7,"status quo"
"Taraba","ts_deaths",107.25,124,137.875,8,"status quo"
"Taraba","ts_deaths",104.45,116,135.95,9,"status quo"
"Taraba","ts_deaths",95.45,114,142.1,10,"status quo"
"Taraba","ts_exposures",1126.6,1179.5,1247.425,1,"status quo"
"Taraba","ts_exposures",1119.95,1157,1249.725,2,"status quo"
"Taraba","ts_exposures",1101.45,1160.5,1323.875,3,"status quo"
"Taraba","ts_exposures",1130.85,1202,1269.125,4,"status quo"
"Taraba","ts_exposures",1126.6,1216,1311.425,5,"status quo"
"Taraba","ts_exposures",1132.725,1221,1277.875,6,"status quo"
"Taraba","ts_exposures",1101.425,1166.5,1234.775,7,"status quo"
"Taraba","ts_exposures",1098.45,1206.5,1285.825,8,"status quo"
"Taraba","ts_exposures",1131.6,1182.5,1279.55,9,"status quo"
"Taraba","ts_exposures",1073.1,1169,1340.9,10,"status quo"
"Taraba","ts_exp_PEP",431.4,477.5,501.55,1,"status quo"
"Taraba","ts_exp_PEP",432.825,470.5,514.45,2,"status quo"
"Taraba","ts_exp_PEP",442.8,487.5,541.375,3,"status quo"
"Taraba","ts_exp_PEP",460.35,476.5,509.55,4,"status quo"
"Taraba","ts_exp_PEP",429.4,472,509.1,5,"status quo"
"Taraba","ts_exp_PEP",454.45,482.5,510.3,6,"status quo"
"Taraba","ts_exp_PEP",419.5,464,512.625,7,"status quo"
"Taraba","ts_exp_PEP",449.625,494,537.625,8,"status quo"
"Taraba","ts_exp_PEP",428.15,466,520.2,9,"status quo"
"Taraba","ts_exp_PEP",430.825,485,562.125,10,"status quo"
"Taraba","ts_vaccine_vials",862.8,955,1003.1,1,"status quo"
"Taraba","ts_vaccine_vials",865.65,941,1028.9,2,"status quo"
"Taraba","ts_vaccine_vials",885.6,975,1082.75,3,"status quo"
"Taraba","ts_vaccine_vials",920.7,953,1019.1,4,"status quo"
"Taraba","ts_vaccine_vials",858.8,944,1018.2,5,"status quo"
"Taraba","ts_vaccine_vials",908.9,965,1020.6,6,"status quo"
"Taraba","ts_vaccine_vials",839,928,1025.25,7,"status quo"
"Taraba","ts_vaccine_vials",899.25,988,1075.25,8,"status quo"
"Taraba","ts_vaccine_vials",856.3,932,1040.4,9,"status quo"
"Taraba","ts_vaccine_vials",861.65,970,1124.25,10,"status quo"
"Taraba","ts_rabid_dogs",3080.4859375,3144.41875,3245.890625,1,"status quo"
"Taraba","ts_rabid_dogs",3081.0340625,3183.96875,3319.235625,2,"status quo"
"Taraba","ts_rabid_dogs",3053.3325,3139.58125,3282.480625,3,"status quo"
"Taraba","ts_rabid_dogs",3063.1225,3168.78125,3233.53875,4,"status quo"
"Taraba","ts_rabid_dogs",3066.523125,3190.05,3272.3553125,5,"status quo"
"Taraba","ts_rabid_dogs",3076.21625,3181.31875,3291.3125,6,"status quo"
"Taraba","ts_rabid_dogs",3063.5425,3175.4125,3321.55125,7,"status quo"
"Taraba","ts_rabid_dogs",3087.2803125,3216.8875,3300.1503125,8,"status quo"
"Taraba","ts_rabid_dogs",3012.43,3185.775,3329.61125000001,9,"status quo"
"Taraba","ts_rabid_dogs",2967.8575,3168.45,3268.145,10,"status quo"
"Yobe","ts_deaths",48.225,58,63.55,1,"status quo"
"Yobe","ts_deaths",48.475,61,70.775,2,"status quo"
"Yobe","ts_deaths",50.125,59.5,71.775,3,"status quo"
"Yobe","ts_deaths",51.45,60,76.875,4,"status quo"
"Yobe","ts_deaths",43.9,55.5,70.55,5,"status quo"
"Yobe","ts_deaths",45.025,60,71.55,6,"status quo"
"Yobe","ts_deaths",48.675,57,70,7,"status quo"
"Yobe","ts_deaths",45.575,58,67.325,8,"status quo"
"Yobe","ts_deaths",51.9,57.5,93.45,9,"status quo"
"Yobe","ts_deaths",57.675,71,79,10,"status quo"
"Yobe","ts_exposures",533.675,585.5,646.7,1,"status quo"
"Yobe","ts_exposures",566.7,585,627.1,2,"status quo"
"Yobe","ts_exposures",529.45,601,621.325,3,"status quo"
"Yobe","ts_exposures",543.15,603.5,638.4,4,"status quo"
"Yobe","ts_exposures",540.15,576,620.1,5,"status quo"
"Yobe","ts_exposures",550.25,595.5,639.875,6,"status quo"
"Yobe","ts_exposures",539.125,592.5,622.75,7,"status quo"
"Yobe","ts_exposures",539.325,603.5,626.525,8,"status quo"
"Yobe","ts_exposures",540.85,608.5,687.275,9,"status quo"
"Yobe","ts_exposures",581.9,617,666.85,10,"status quo"
"Yobe","ts_exp_PEP",218.675,234.5,268.775,1,"status quo"
"Yobe","ts_exp_PEP",223.125,244,261.775,2,"status quo"
"Yobe","ts_exp_PEP",209.15,239,263.55,3,"status quo"
"Yobe","ts_exp_PEP",215.675,238.5,264.3,4,"status quo"
"Yobe","ts_exp_PEP",203.375,236,258.875,5,"status quo"
"Yobe","ts_exp_PEP",214.35,241.5,274.95,6,"status quo"
"Yobe","ts_exp_PEP",203.35,239,255.875,7,"status quo"
"Yobe","ts_exp_PEP",210.925,241.5,269.85,8,"status quo"
"Yobe","ts_exp_PEP",213.05,249,281.1,9,"status quo"
"Yobe","ts_exp_PEP",233.675,253,272.325,10,"status quo"
"Yobe","ts_vaccine_vials",437.35,469,537.55,1,"status quo"
"Yobe","ts_vaccine_vials",446.25,488,523.55,2,"status quo"
"Yobe","ts_vaccine_vials",418.3,478,527.1,3,"status quo"
"Yobe","ts_vaccine_vials",431.35,477,528.6,4,"status quo"
"Yobe","ts_vaccine_vials",406.75,472,517.75,5,"status quo"
"Yobe","ts_vaccine_vials",428.7,483,549.9,6,"status quo"
"Yobe","ts_vaccine_vials",406.7,478,511.75,7,"status quo"
"Yobe","ts_vaccine_vials",421.85,483,539.7,8,"status quo"
"Yobe","ts_vaccine_vials",426.1,498,562.2,9,"status quo"
"Yobe","ts_vaccine_vials",467.35,506,544.65,10,"status quo"
"Yobe","ts_rabid_dogs",1501.8834375,1573.55625,1626.12125,1,"status quo"
"Yobe","ts_rabid_dogs",1547.1678125,1595.3125,1655.06375,2,"status quo"
"Yobe","ts_rabid_dogs",1505.0240625,1591.7,1666.77625,3,"status quo"
"Yobe","ts_rabid_dogs",1532.264375,1602.49375,1683.725625,4,"status quo"
"Yobe","ts_rabid_dogs",1529.9003125,1604.4625,1659.273125,5,"status quo"
"Yobe","ts_rabid_dogs",1527.0046875,1598.70625,1671.2446875,6,"status quo"
"Yobe","ts_rabid_dogs",1552.93875,1605.0375,1649.049375,7,"status quo"
"Yobe","ts_rabid_dogs",1525.261875,1606.9875,1677.3421875,8,"status quo"
"Yobe","ts_rabid_dogs",1546.9315625,1618.2625,1684.4034375,9,"status quo"
"Yobe","ts_rabid_dogs",1526.3934375,1610.225,1671.9328125,10,"status quo"
"Zamfara","ts_deaths",66.125,79.5,94.325,1,"status quo"
"Zamfara","ts_deaths",75.225,87.5,102.325,2,"status quo"
"Zamfara","ts_deaths",67.8,83,94.55,3,"status quo"
"Zamfara","ts_deaths",65.45,75,92.55,4,"status quo"
"Zamfara","ts_deaths",74.45,85.5,95.55,5,"status quo"
"Zamfara","ts_deaths",70.45,83,104.95,6,"status quo"
"Zamfara","ts_deaths",82.225,86,105.425,7,"status quo"
"Zamfara","ts_deaths",60.225,81.5,99.65,8,"status quo"
"Zamfara","ts_deaths",69.125,78.5,96,9,"status quo"
"Zamfara","ts_deaths",71.225,77.5,106.5,10,"status quo"
"Zamfara","ts_exposures",759.025,816.5,849.1,1,"status quo"
"Zamfara","ts_exposures",747.975,810,877.675,2,"status quo"
"Zamfara","ts_exposures",725.725,800.5,859.75,3,"status quo"
"Zamfara","ts_exposures",751.225,818,859.675,4,"status quo"
"Zamfara","ts_exposures",737.05,780.5,874.425,5,"status quo"
"Zamfara","ts_exposures",708.45,810,917.95,6,"status quo"
"Zamfara","ts_exposures",773.95,851,905.95,7,"status quo"
"Zamfara","ts_exposures",726.1,817.5,913.1,8,"status quo"
"Zamfara","ts_exposures",754.4,810,915.85,9,"status quo"
"Zamfara","ts_exposures",723.575,795.5,850.875,10,"status quo"
"Zamfara","ts_exp_PEP",295.925,331.5,355.525,1,"status quo"
"Zamfara","ts_exp_PEP",298.175,327,357.55,2,"status quo"
"Zamfara","ts_exp_PEP",292.45,326,346.875,3,"status quo"
"Zamfara","ts_exp_PEP",311.45,324.5,356.2,4,"status quo"
"Zamfara","ts_exp_PEP",287.8,321.5,355.05,5,"status quo"
"Zamfara","ts_exp_PEP",279.45,341.5,364.875,6,"status quo"
"Zamfara","ts_exp_PEP",310.725,345.5,358.325,7,"status quo"
"Zamfara","ts_exp_PEP",296.275,327.5,375.475,8,"status quo"
"Zamfara","ts_exp_PEP",289.375,325,379.975,9,"status quo"
"Zamfara","ts_exp_PEP",283.05,320.5,357.3,10,"status quo"
"Zamfara","ts_vaccine_vials",591.85,663,711.05,1,"status quo"
"Zamfara","ts_vaccine_vials",596.35,654,715.1,2,"status quo"
"Zamfara","ts_vaccine_vials",584.9,652,693.75,3,"status quo"
"Zamfara","ts_vaccine_vials",622.9,649,712.4,4,"status quo"
"Zamfara","ts_vaccine_vials",575.6,643,710.1,5,"status quo"
"Zamfara","ts_vaccine_vials",558.9,683,729.75,6,"status quo"
"Zamfara","ts_vaccine_vials",621.45,691,716.65,7,"status quo"
"Zamfara","ts_vaccine_vials",592.55,655,750.95,8,"status quo"
"Zamfara","ts_vaccine_vials",578.75,650,759.95,9,"status quo"
"Zamfara","ts_vaccine_vials",566.1,641,714.6,10,"status quo"
"Zamfara","ts_rabid_dogs",2129.9359375,2166.8625,2237.3071875,1,"status quo"
"Zamfara","ts_rabid_dogs",2112.2746875,2186.70625,2287.344375,2,"status quo"
"Zamfara","ts_rabid_dogs",2069.6565625,2197.60625,2282.1290625,3,"status quo"
"Zamfara","ts_rabid_dogs",2118.87,2181.225,2260.1375,4,"status quo"
"Zamfara","ts_rabid_dogs",2032.310625,2197.3375,2242.2209375,5,"status quo"
"Zamfara","ts_rabid_dogs",2071.529375,2204.09375,2257.72625,6,"status quo"
"Zamfara","ts_rabid_dogs",2140.57375,2188.60625,2245.240625,7,"status quo"
"Zamfara","ts_rabid_dogs",2093.8584375,2202.35,2292.11375,8,"status quo"
"Zamfara","ts_rabid_dogs",2104.9321875,2183.0875,2261.6590625,9,"status quo"
"Zamfara","ts_rabid_dogs",2098.418125,2164.625,2277.7403125,10,"status quo"
"Federal Capital Territory","ts_deaths",32.675,50.5,67.425,1,"status quo"
"Federal Capital Territory","ts_deaths",37,44,58.775,2,"status quo"
"Federal Capital Territory","ts_deaths",35.8,46,63.2,3,"status quo"
"Federal Capital Territory","ts_deaths",39.575,52,70.1,4,"status quo"
"Federal Capital Territory","ts_deaths",38.9,54,65.425,5,"status quo"
"Federal Capital Territory","ts_deaths",38.9,53,66.625,6,"status quo"
"Federal Capital Territory","ts_deaths",35.475,55.5,65.55,7,"status quo"
"Federal Capital Territory","ts_deaths",41.35,49,60.775,8,"status quo"
"Federal Capital Territory","ts_deaths",40.25,55.5,67.65,9,"status quo"
"Federal Capital Territory","ts_deaths",40.125,53.5,69.975,10,"status quo"
"Federal Capital Territory","ts_exposures",514.3,566,665.25,1,"status quo"
"Federal Capital Territory","ts_exposures",487.6,562,641.85,2,"status quo"
"Federal Capital Territory","ts_exposures",507.425,582.5,615.15,3,"status quo"
"Federal Capital Territory","ts_exposures",484.65,570.5,626.75,4,"status quo"
"Federal Capital Territory","ts_exposures",534.9,566,597.1,5,"status quo"
"Federal Capital Territory","ts_exposures",504.4,591.5,623.175,6,"status quo"
"Federal Capital Territory","ts_exposures",513.125,566.5,632.95,7,"status quo"
"Federal Capital Territory","ts_exposures",536.025,564,631.5,8,"status quo"
"Federal Capital Territory","ts_exposures",547.2,596,648.375,9,"status quo"
"Federal Capital Territory","ts_exposures",549.125,592.5,655.275,10,"status quo"
"Federal Capital Territory","ts_exp_PEP",247.675,262,293.975,1,"status quo"
"Federal Capital Territory","ts_exp_PEP",214.625,262.5,306.075,2,"status quo"
"Federal Capital Territory","ts_exp_PEP",224.15,275,290.075,3,"status quo"
"Federal Capital Territory","ts_exp_PEP",209.225,264,292.075,4,"status quo"
"Federal Capital Territory","ts_exp_PEP",241.125,268,287.875,5,"status quo"
"Federal Capital Territory","ts_exp_PEP",220.85,266.5,310.775,6,"status quo"
"Federal Capital Territory","ts_exp_PEP",239.025,272.5,303.4,7,"status quo"
"Federal Capital Territory","ts_exp_PEP",244.25,265.5,297.275,8,"status quo"
"Federal Capital Territory","ts_exp_PEP",254.45,273,304.55,9,"status quo"
"Federal Capital Territory","ts_exp_PEP",245.45,277,314.875,10,"status quo"
"Federal Capital Territory","ts_vaccine_vials",495.35,524,587.95,1,"status quo"
"Federal Capital Territory","ts_vaccine_vials",429.25,525,612.15,2,"status quo"
"Federal Capital Territory","ts_vaccine_vials",448.3,550,580.15,3,"status quo"
"Federal Capital Territory","ts_vaccine_vials",418.45,528,584.15,4,"status quo"
"Federal Capital Territory","ts_vaccine_vials",482.25,536,575.75,5,"status quo"
"Federal Capital Territory","ts_vaccine_vials",441.7,533,621.55,6,"status quo"
"Federal Capital Territory","ts_vaccine_vials",478.05,545,606.8,7,"status quo"
"Federal Capital Territory","ts_vaccine_vials",488.5,531,594.55,8,"status quo"
"Federal Capital Territory","ts_vaccine_vials",508.9,546,609.1,9,"status quo"
"Federal Capital Territory","ts_vaccine_vials",490.9,554,629.75,10,"status quo"
"Federal Capital Territory","ts_rabid_dogs",1375.9178125,1519.9625,1607.24125,1,"status quo"
"Federal Capital Territory","ts_rabid_dogs",1443.715,1571.04375,1636.1621875,2,"status quo"
"Federal Capital Territory","ts_rabid_dogs",1410.3809375,1581.10625,1633.8875,3,"status quo"
"Federal Capital Territory","ts_rabid_dogs",1400.10125,1572.08125,1623.8096875,4,"status quo"
"Federal Capital Territory","ts_rabid_dogs",1466.8228125,1570,1606.3334375,5,"status quo"
"Federal Capital Territory","ts_rabid_dogs",1490.3165625,1548.125,1612.7628125,6,"status quo"
"Federal Capital Territory","ts_rabid_dogs",1428.4096875,1584.1375,1628.298125,7,"status quo"
"Federal Capital Territory","ts_rabid_dogs",1485.24625,1565.21875,1641.10125,8,"status quo"
"Federal Capital Territory","ts_rabid_dogs",1439.1403125,1571.4,1674.686875,9,"status quo"
"Federal Capital Territory","ts_rabid_dogs",1418.258125,1569.825,1660.698125,10,"status quo"
