"state","output","LL","Median","UL","year","scenario"
"Abia","ts_deaths",74.475,92,107.525,1,"status quo"
"Abia","ts_deaths",81.475,97,118,2,"status quo"
"Abia","ts_deaths",77.475,98.5,121.15,3,"status quo"
"Abia","ts_deaths",80.475,99,116,4,"status quo"
"Abia","ts_deaths",81.95,99,124.05,5,"status quo"
"Abia","ts_deaths",82.95,99,121.525,6,"status quo"
"Abia","ts_deaths",78,98,120,7,"status quo"
"Abia","ts_deaths",80,99,123,8,"status quo"
"Abia","ts_deaths",77.85,97,121.525,9,"status quo"
"Abia","ts_deaths",80.95,98,119.525,10,"status quo"
"Abia","ts_exposures",970.925,1122,1234.1,1,"status quo"
"Abia","ts_exposures",1069.475,1196,1295.4,2,"status quo"
"Abia","ts_exposures",1069.425,1186,1348.575,3,"status quo"
"Abia","ts_exposures",1071.275,1199.5,1323.625,4,"status quo"
"Abia","ts_exposures",1078.175,1195.5,1352.675,5,"status quo"
"Abia","ts_exposures",1095,1214,1323.1,6,"status quo"
"Abia","ts_exposures",1065.85,1198.5,1322.675,7,"status quo"
"Abia","ts_exposures",1085.9,1219,1353.725,8,"status quo"
"Abia","ts_exposures",1077.225,1204,1327.725,9,"status quo"
"Abia","ts_exposures",1073.475,1198.5,1329.95,10,"status quo"
"Abia","ts_exp_PEP",500.425,578,665.575,1,"status quo"
"Abia","ts_exp_PEP",550.975,619,676,2,"status quo"
"Abia","ts_exp_PEP",552.475,617,706.075,3,"status quo"
"Abia","ts_exp_PEP",541.475,620.5,695.2,4,"status quo"
"Abia","ts_exp_PEP",550.425,621,709,5,"status quo"
"Abia","ts_exp_PEP",556.475,628.5,707.05,6,"status quo"
"Abia","ts_exp_PEP",551.475,623.5,694.05,7,"status quo"
"Abia","ts_exp_PEP",556.95,622.5,696.525,8,"status quo"
"Abia","ts_exp_PEP",548.8,627,686.725,9,"status quo"
"Abia","ts_exp_PEP",530.85,626,687.525,10,"status quo"
"Abia","ts_vaccine_vials",1000.85,1156,1331.15,1,"status quo"
"Abia","ts_vaccine_vials",1101.95,1238,1352,2,"status quo"
"Abia","ts_vaccine_vials",1104.95,1234,1412.15,3,"status quo"
"Abia","ts_vaccine_vials",1082.95,1241,1390.4,4,"status quo"
"Abia","ts_vaccine_vials",1100.85,1242,1418,5,"status quo"
"Abia","ts_vaccine_vials",1112.95,1257,1414.1,6,"status quo"
"Abia","ts_vaccine_vials",1102.95,1247,1388.1,7,"status quo"
"Abia","ts_vaccine_vials",1113.9,1245,1393.05,8,"status quo"
"Abia","ts_vaccine_vials",1097.6,1254,1373.45,9,"status quo"
"Abia","ts_vaccine_vials",1061.7,1252,1375.05,10,"status quo"
"Abia","ts_rabid_dogs",2672.2846875,2958.7875,3262.3740625,1,"status quo"
"Abia","ts_rabid_dogs",2902.2603125,3126.78125,3374.8915625,2,"status quo"
"Abia","ts_rabid_dogs",2861.6465625,3163.325,3422.6265625,3,"status quo"
"Abia","ts_rabid_dogs",2926.1128125,3186.36875,3429.248125,4,"status quo"
"Abia","ts_rabid_dogs",2938.3065625,3214.075,3515.20125,5,"status quo"
"Abia","ts_rabid_dogs",2959.6421875,3191.4125,3448.33,6,"status quo"
"Abia","ts_rabid_dogs",2902.934375,3186.85625,3466.4803125,7,"status quo"
"Abia","ts_rabid_dogs",2913.436875,3210.33125,3445.201875,8,"status quo"
"Abia","ts_rabid_dogs",2943.12625,3206.3,3412.0996875,9,"status quo"
"Abia","ts_rabid_dogs",2980.5428125,3169.2125,3435.3628125,10,"status quo"
"Adamawa","ts_deaths",85.95,104,127.05,1,"status quo"
"Adamawa","ts_deaths",91.95,110,127.525,2,"status quo"
"Adamawa","ts_deaths",86.475,109,128.05,3,"status quo"
"Adamawa","ts_deaths",89.475,111,132.575,4,"status quo"
"Adamawa","ts_deaths",89.95,111,133.525,5,"status quo"
"Adamawa","ts_deaths",88.475,109.5,133.05,6,"status quo"
"Adamawa","ts_deaths",94.475,113,132.575,7,"status quo"
"Adamawa","ts_deaths",88.425,110,133,8,"status quo"
"Adamawa","ts_deaths",93.95,109.5,132.675,9,"status quo"
"Adamawa","ts_deaths",89.95,112.5,136.575,10,"status quo"
"Adamawa","ts_exposures",1133.35,1270.5,1420.15,1,"status quo"
"Adamawa","ts_exposures",1203,1333.5,1492.5,2,"status quo"
"Adamawa","ts_exposures",1199.95,1335.5,1504.825,3,"status quo"
"Adamawa","ts_exposures",1218.95,1338.5,1490.725,4,"status quo"
"Adamawa","ts_exposures",1211.425,1355.5,1482,5,"status quo"
"Adamawa","ts_exposures",1236.325,1349,1508.525,6,"status quo"
"Adamawa","ts_exposures",1245.175,1353,1484.15,7,"status quo"
"Adamawa","ts_exposures",1215.65,1352,1526.1,8,"status quo"
"Adamawa","ts_exposures",1201,1351,1477.05,9,"status quo"
"Adamawa","ts_exposures",1226.9,1362,1465.15,10,"status quo"
"Adamawa","ts_exp_PEP",576.85,655.5,726.525,1,"status quo"
"Adamawa","ts_exp_PEP",617.475,688.5,780.25,2,"status quo"
"Adamawa","ts_exp_PEP",621.425,687.5,788.1,3,"status quo"
"Adamawa","ts_exp_PEP",626.475,693.5,781,4,"status quo"
"Adamawa","ts_exp_PEP",628.425,697,795.05,5,"status quo"
"Adamawa","ts_exp_PEP",628.125,694,786.2,6,"status quo"
"Adamawa","ts_exp_PEP",648.475,700.5,789.45,7,"status quo"
"Adamawa","ts_exp_PEP",618.6,699,777.1,8,"status quo"
"Adamawa","ts_exp_PEP",609.475,702,789.35,9,"status quo"
"Adamawa","ts_exp_PEP",605.95,698,780,10,"status quo"
"Adamawa","ts_vaccine_vials",1153.7,1311,1453.05,1,"status quo"
"Adamawa","ts_vaccine_vials",1234.95,1377,1560.5,2,"status quo"
"Adamawa","ts_vaccine_vials",1242.85,1375,1576.2,3,"status quo"
"Adamawa","ts_vaccine_vials",1252.95,1387,1562,4,"status quo"
"Adamawa","ts_vaccine_vials",1256.85,1394,1590.1,5,"status quo"
"Adamawa","ts_vaccine_vials",1256.25,1388,1572.4,6,"status quo"
"Adamawa","ts_vaccine_vials",1296.95,1401,1578.9,7,"status quo"
"Adamawa","ts_vaccine_vials",1237.2,1398,1554.2,8,"status quo"
"Adamawa","ts_vaccine_vials",1218.95,1404,1578.7,9,"status quo"
"Adamawa","ts_vaccine_vials",1211.9,1396,1560,10,"status quo"
"Adamawa","ts_rabid_dogs",3028.528125,3368.68125,3666.1965625,1,"status quo"
"Adamawa","ts_rabid_dogs",3251.755625,3500.7625,3882.5234375,2,"status quo"
"Adamawa","ts_rabid_dogs",3288.326875,3561.34375,3816.0421875,3,"status quo"
"Adamawa","ts_rabid_dogs",3283.3003125,3565.59375,3828.1971875,4,"status quo"
"Adamawa","ts_rabid_dogs",3248.9034375,3586.51875,3854.4090625,5,"status quo"
"Adamawa","ts_rabid_dogs",3334.1025,3559.925,3933.035625,6,"status quo"
"Adamawa","ts_rabid_dogs",3336.0228125,3593.90625,3865.863125,7,"status quo"
"Adamawa","ts_rabid_dogs",3295.3828125,3601.8625,3901.8759375,8,"status quo"
"Adamawa","ts_rabid_dogs",3332.416875,3589.41875,3888.695625,9,"status quo"
"Adamawa","ts_rabid_dogs",3302.964375,3601.34375,3841.659375,10,"status quo"
"Akwa Ibom","ts_deaths",104.475,128,153.575,1,"status quo"
"Akwa Ibom","ts_deaths",108.95,135,160.05,2,"status quo"
"Akwa Ibom","ts_deaths",109,135,165.2,3,"status quo"
"Akwa Ibom","ts_deaths",111.425,138,169.725,4,"status quo"
"Akwa Ibom","ts_deaths",113.475,134,166.575,5,"status quo"
"Akwa Ibom","ts_deaths",112.95,137.5,163.05,6,"status quo"
"Akwa Ibom","ts_deaths",118.475,136,156,7,"status quo"
"Akwa Ibom","ts_deaths",109.95,133,163.525,8,"status quo"
"Akwa Ibom","ts_deaths",110.475,137,164.05,9,"status quo"
"Akwa Ibom","ts_deaths",114.95,136,160.525,10,"status quo"
"Akwa Ibom","ts_exposures",1386.85,1568,1738.925,1,"status quo"
"Akwa Ibom","ts_exposures",1459.65,1632.5,1802.875,2,"status quo"
"Akwa Ibom","ts_exposures",1465.95,1662.5,1838.525,3,"status quo"
"Akwa Ibom","ts_exposures",1477.125,1654,1846.125,4,"status quo"
"Akwa Ibom","ts_exposures",1511.3,1652,1823.25,5,"status quo"
"Akwa Ibom","ts_exposures",1516.85,1657.5,1809.2,6,"status quo"
"Akwa Ibom","ts_exposures",1512.375,1653.5,1828.35,7,"status quo"
"Akwa Ibom","ts_exposures",1473.7,1639,1839.825,8,"status quo"
"Akwa Ibom","ts_exposures",1479.825,1642,1829.625,9,"status quo"
"Akwa Ibom","ts_exposures",1492.55,1662,1808.7,10,"status quo"
"Akwa Ibom","ts_exp_PEP",715,808,909.625,1,"status quo"
"Akwa Ibom","ts_exp_PEP",752.375,847,941.05,2,"status quo"
"Akwa Ibom","ts_exp_PEP",746.175,868,954.825,3,"status quo"
"Akwa Ibom","ts_exp_PEP",745.425,853.5,962.6,4,"status quo"
"Akwa Ibom","ts_exp_PEP",777.9,858.5,953.65,5,"status quo"
"Akwa Ibom","ts_exp_PEP",776.325,856,947.925,6,"status quo"
"Akwa Ibom","ts_exp_PEP",763.95,848,963.825,7,"status quo"
"Akwa Ibom","ts_exp_PEP",755.7,858,940.575,8,"status quo"
"Akwa Ibom","ts_exp_PEP",766.65,854,956.05,9,"status quo"
"Akwa Ibom","ts_exp_PEP",763.65,856.5,938.05,10,"status quo"
"Akwa Ibom","ts_vaccine_vials",1430,1616,1819.25,1,"status quo"
"Akwa Ibom","ts_vaccine_vials",1504.75,1694,1882.1,2,"status quo"
"Akwa Ibom","ts_vaccine_vials",1492.35,1736,1909.65,3,"status quo"
"Akwa Ibom","ts_vaccine_vials",1490.85,1707,1925.2,4,"status quo"
"Akwa Ibom","ts_vaccine_vials",1555.8,1717,1907.3,5,"status quo"
"Akwa Ibom","ts_vaccine_vials",1552.65,1712,1895.85,6,"status quo"
"Akwa Ibom","ts_vaccine_vials",1527.9,1696,1927.65,7,"status quo"
"Akwa Ibom","ts_vaccine_vials",1511.4,1716,1881.15,8,"status quo"
"Akwa Ibom","ts_vaccine_vials",1533.3,1708,1912.1,9,"status quo"
"Akwa Ibom","ts_vaccine_vials",1527.3,1713,1876.1,10,"status quo"
"Akwa Ibom","ts_rabid_dogs",3762.4246875,4114.54375,4513.6546875,1,"status quo"
"Akwa Ibom","ts_rabid_dogs",3923.309375,4312.925,4714.1003125,2,"status quo"
"Akwa Ibom","ts_rabid_dogs",3972.063125,4362.64375,4771.985,3,"status quo"
"Akwa Ibom","ts_rabid_dogs",4004.7921875,4372.93125,4810.7990625,4,"status quo"
"Akwa Ibom","ts_rabid_dogs",4050.703125,4379.5,4722.9509375,5,"status quo"
"Akwa Ibom","ts_rabid_dogs",4121.0228125,4391.28125,4697.650625,6,"status quo"
"Akwa Ibom","ts_rabid_dogs",4057.67625,4369.175,4761.7075,7,"status quo"
"Akwa Ibom","ts_rabid_dogs",4029.565,4408.90625,4721.4240625,8,"status quo"
"Akwa Ibom","ts_rabid_dogs",3993.0675,4350.76875,4728.0703125,9,"status quo"
"Akwa Ibom","ts_rabid_dogs",4053.6825,4376.58125,4795.6715625,10,"status quo"
"Anambra","ts_deaths",113.475,135,164.525,1,"status quo"
"Anambra","ts_deaths",118,143,170,2,"status quo"
"Anambra","ts_deaths",117.475,143,169.525,3,"status quo"
"Anambra","ts_deaths",121.425,148,169,4,"status quo"
"Anambra","ts_deaths",120.475,144,183.35,5,"status quo"
"Anambra","ts_deaths",118,143,168,6,"status quo"
"Anambra","ts_deaths",123.425,146,167.525,7,"status quo"
"Anambra","ts_deaths",121,145.5,171.05,8,"status quo"
"Anambra","ts_deaths",122.475,147,170.525,9,"status quo"
"Anambra","ts_deaths",121.425,147,170,10,"status quo"
"Anambra","ts_exposures",1486.45,1666,1834.925,1,"status quo"
"Anambra","ts_exposures",1527.175,1730,1954.45,2,"status quo"
"Anambra","ts_exposures",1604.85,1751,1935.2,3,"status quo"
"Anambra","ts_exposures",1632.325,1775.5,1941.2,4,"status quo"
"Anambra","ts_exposures",1576.775,1777,1937.15,5,"status quo"
"Anambra","ts_exposures",1589.45,1771,1952.675,6,"status quo"
"Anambra","ts_exposures",1622.95,1763,1916.65,7,"status quo"
"Anambra","ts_exposures",1607.9,1775.5,1913.775,8,"status quo"
"Anambra","ts_exposures",1606.55,1774.5,1917,9,"status quo"
"Anambra","ts_exposures",1612.425,1782,1949.075,10,"status quo"
"Anambra","ts_exp_PEP",757.85,868,960.525,1,"status quo"
"Anambra","ts_exp_PEP",782.475,891,1018.525,2,"status quo"
"Anambra","ts_exp_PEP",830.9,908.5,1004.875,3,"status quo"
"Anambra","ts_exp_PEP",824,916.5,1019.875,4,"status quo"
"Anambra","ts_exp_PEP",815.225,920.5,1012.575,5,"status quo"
"Anambra","ts_exp_PEP",811.95,908,1029.775,6,"status quo"
"Anambra","ts_exp_PEP",825.475,904,1013.625,7,"status quo"
"Anambra","ts_exp_PEP",823.125,908,999.675,8,"status quo"
"Anambra","ts_exp_PEP",823.075,917,1003.625,9,"status quo"
"Anambra","ts_exp_PEP",833.9,918,1026.4,10,"status quo"
"Anambra","ts_vaccine_vials",1515.7,1736,1921.05,1,"status quo"
"Anambra","ts_vaccine_vials",1564.95,1782,2037.05,2,"status quo"
"Anambra","ts_vaccine_vials",1661.8,1817,2009.75,3,"status quo"
"Anambra","ts_vaccine_vials",1648,1833,2039.75,4,"status quo"
"Anambra","ts_vaccine_vials",1630.45,1841,2025.15,5,"status quo"
"Anambra","ts_vaccine_vials",1623.9,1816,2059.55,6,"status quo"
"Anambra","ts_vaccine_vials",1650.95,1808,2027.25,7,"status quo"
"Anambra","ts_vaccine_vials",1646.25,1816,1999.35,8,"status quo"
"Anambra","ts_vaccine_vials",1646.15,1834,2007.25,9,"status quo"
"Anambra","ts_vaccine_vials",1667.8,1836,2052.8,10,"status quo"
"Anambra","ts_rabid_dogs",3980.8815625,4386.3,4791.8284375,1,"status quo"
"Anambra","ts_rabid_dogs",4169.7678125,4597.475,4978.53,2,"status quo"
"Anambra","ts_rabid_dogs",4280.7971875,4653.90625,4985.1925,3,"status quo"
"Anambra","ts_rabid_dogs",4378.2625,4673.21875,5116.53,4,"status quo"
"Anambra","ts_rabid_dogs",4331.269375,4695.0125,5100.050625,5,"status quo"
"Anambra","ts_rabid_dogs",4322.270625,4694.575,5057.49625,6,"status quo"
"Anambra","ts_rabid_dogs",4319.72375,4709.375,5044.9509375,7,"status quo"
"Anambra","ts_rabid_dogs",4358.0159375,4689.4,4998.449375,8,"status quo"
"Anambra","ts_rabid_dogs",4297.5728125,4683.40625,4996.296875,9,"status quo"
"Anambra","ts_rabid_dogs",4337.3409375,4697.91875,5108.2403125,10,"status quo"
"Bauchi","ts_deaths",123.95,156,187.825,1,"status quo"
"Bauchi","ts_deaths",130.95,158.5,193.05,2,"status quo"
"Bauchi","ts_deaths",135.425,163,189.525,3,"status quo"
"Bauchi","ts_deaths",138.375,162.5,193.05,4,"status quo"
"Bauchi","ts_deaths",138,163,192.525,5,"status quo"
"Bauchi","ts_deaths",138.475,164,189,6,"status quo"
"Bauchi","ts_deaths",134,162.5,196,7,"status quo"
"Bauchi","ts_deaths",136.475,162,190.1,8,"status quo"
"Bauchi","ts_deaths",134.9,162,188.575,9,"status quo"
"Bauchi","ts_deaths",129.95,161.5,190.625,10,"status quo"
"Bauchi","ts_exposures",1688.475,1865.5,2127.375,1,"status quo"
"Bauchi","ts_exposures",1776.95,1932.5,2122.725,2,"status quo"
"Bauchi","ts_exposures",1787.125,1987.5,2130.675,3,"status quo"
"Bauchi","ts_exposures",1808.875,1975,2184.775,4,"status quo"
"Bauchi","ts_exposures",1797.9,2010,2149,5,"status quo"
"Bauchi","ts_exposures",1830.325,1988.5,2142,6,"status quo"
"Bauchi","ts_exposures",1766.125,1986.5,2190.925,7,"status quo"
"Bauchi","ts_exposures",1754.55,1974.5,2140.975,8,"status quo"
"Bauchi","ts_exposures",1822.35,1986.5,2158.725,9,"status quo"
"Bauchi","ts_exposures",1773.75,1998.5,2181.3,10,"status quo"
"Bauchi","ts_exp_PEP",864.125,966.5,1109.6,1,"status quo"
"Bauchi","ts_exp_PEP",910.425,1002,1100.05,2,"status quo"
"Bauchi","ts_exp_PEP",906.9,1024.5,1119.575,3,"status quo"
"Bauchi","ts_exp_PEP",915.225,1032,1159.9,4,"status quo"
"Bauchi","ts_exp_PEP",936.425,1036.5,1119,5,"status quo"
"Bauchi","ts_exp_PEP",930.425,1020,1115.25,6,"status quo"
"Bauchi","ts_exp_PEP",897.775,1033.5,1150,7,"status quo"
"Bauchi","ts_exp_PEP",904.95,1022.5,1115.575,8,"status quo"
"Bauchi","ts_exp_PEP",919.375,1020,1144.1,9,"status quo"
"Bauchi","ts_exp_PEP",921.95,1038,1128.15,10,"status quo"
"Bauchi","ts_vaccine_vials",1728.25,1933,2219.2,1,"status quo"
"Bauchi","ts_vaccine_vials",1820.85,2004,2200.1,2,"status quo"
"Bauchi","ts_vaccine_vials",1813.8,2049,2239.15,3,"status quo"
"Bauchi","ts_vaccine_vials",1830.45,2064,2319.8,4,"status quo"
"Bauchi","ts_vaccine_vials",1872.85,2073,2238,5,"status quo"
"Bauchi","ts_vaccine_vials",1860.85,2040,2230.5,6,"status quo"
"Bauchi","ts_vaccine_vials",1795.55,2067,2300,7,"status quo"
"Bauchi","ts_vaccine_vials",1809.9,2045,2231.15,8,"status quo"
"Bauchi","ts_vaccine_vials",1838.75,2040,2288.2,9,"status quo"
"Bauchi","ts_vaccine_vials",1843.9,2076,2256.3,10,"status quo"
"Bauchi","ts_rabid_dogs",4521.3934375,4923.3125,5496.43562499999,1,"status quo"
"Bauchi","ts_rabid_dogs",4805.569375,5163.73125,5537.5140625,2,"status quo"
"Bauchi","ts_rabid_dogs",4793.7796875,5227.22499999999,5568.00093749999,3,"status quo"
"Bauchi","ts_rabid_dogs",4913.7221875,5243.44375,5688.20625,4,"status quo"
"Bauchi","ts_rabid_dogs",4807.3340625,5290.34375,5642.1075,5,"status quo"
"Bauchi","ts_rabid_dogs",4866.8703125,5275.46875,5626.58124999999,6,"status quo"
"Bauchi","ts_rabid_dogs",4825.37625,5297.41875,5605.55625,7,"status quo"
"Bauchi","ts_rabid_dogs",4712.888125,5243.38125,5602.50562499999,8,"status quo"
"Bauchi","ts_rabid_dogs",4762.7815625,5260.175,5606.7815625,9,"status quo"
"Bauchi","ts_rabid_dogs",4768.2634375,5254.825,5632.920625,10,"status quo"
"Bayelsa","ts_deaths",41,54,72.575,1,"status quo"
"Bayelsa","ts_deaths",42.425,59,74.1,2,"status quo"
"Bayelsa","ts_deaths",41.475,58,72.525,3,"status quo"
"Bayelsa","ts_deaths",44.425,59.5,77,4,"status quo"
"Bayelsa","ts_deaths",42,58,77,5,"status quo"
"Bayelsa","ts_deaths",41.475,58,70,6,"status quo"
"Bayelsa","ts_deaths",42,58,74.05,7,"status quo"
"Bayelsa","ts_deaths",43.95,58,73.525,8,"status quo"
"Bayelsa","ts_deaths",41,57,73.05,9,"status quo"
"Bayelsa","ts_deaths",43,58,74.525,10,"status quo"
"Bayelsa","ts_exposures",593.475,668.5,757.2,1,"status quo"
"Bayelsa","ts_exposures",597.325,694,797.1,2,"status quo"
"Bayelsa","ts_exposures",619.375,698,788.15,3,"status quo"
"Bayelsa","ts_exposures",641.275,718.5,795.35,4,"status quo"
"Bayelsa","ts_exposures",642.475,710,801.05,5,"status quo"
"Bayelsa","ts_exposures",622.275,704.5,812.525,6,"status quo"
"Bayelsa","ts_exposures",621.425,699.5,778.725,7,"status quo"
"Bayelsa","ts_exposures",634.475,707.5,793.6,8,"status quo"
"Bayelsa","ts_exposures",621.075,712,814.3,9,"status quo"
"Bayelsa","ts_exposures",639.475,714.5,801.725,10,"status quo"
"Bayelsa","ts_exp_PEP",302.9,345.5,403.575,1,"status quo"
"Bayelsa","ts_exp_PEP",306.95,363,420.525,2,"status quo"
"Bayelsa","ts_exp_PEP",321.475,359.5,417.1,3,"status quo"
"Bayelsa","ts_exp_PEP",327.425,370,421.05,4,"status quo"
"Bayelsa","ts_exp_PEP",323,371,414,5,"status quo"
"Bayelsa","ts_exp_PEP",316.225,361,417.875,6,"status quo"
"Bayelsa","ts_exp_PEP",314.325,358.5,403.1,7,"status quo"
"Bayelsa","ts_exp_PEP",319.425,366.5,418.05,8,"status quo"
"Bayelsa","ts_exp_PEP",310.95,368.5,424.15,9,"status quo"
"Bayelsa","ts_exp_PEP",314.425,371,414.575,10,"status quo"
"Bayelsa","ts_vaccine_vials",605.8,691,807.15,1,"status quo"
"Bayelsa","ts_vaccine_vials",613.9,726,841.05,2,"status quo"
"Bayelsa","ts_vaccine_vials",642.95,719,834.2,3,"status quo"
"Bayelsa","ts_vaccine_vials",654.85,740,842.1,4,"status quo"
"Bayelsa","ts_vaccine_vials",646,742,828,5,"status quo"
"Bayelsa","ts_vaccine_vials",632.45,722,835.75,6,"status quo"
"Bayelsa","ts_vaccine_vials",628.65,717,806.2,7,"status quo"
"Bayelsa","ts_vaccine_vials",638.85,733,836.1,8,"status quo"
"Bayelsa","ts_vaccine_vials",621.9,737,848.3,9,"status quo"
"Bayelsa","ts_vaccine_vials",628.85,742,829.15,10,"status quo"
"Bayelsa","ts_rabid_dogs",1610.005,1779.9625,1931.70625,1,"status quo"
"Bayelsa","ts_rabid_dogs",1688.288125,1858.3125,2020.1871875,2,"status quo"
"Bayelsa","ts_rabid_dogs",1717.9153125,1874.88125,2022.840625,3,"status quo"
"Bayelsa","ts_rabid_dogs",1758.9059375,1892.98125,2039.17375,4,"status quo"
"Bayelsa","ts_rabid_dogs",1738.7434375,1899.5375,2061.65625,5,"status quo"
"Bayelsa","ts_rabid_dogs",1758.62125,1898.00625,2060.564375,6,"status quo"
"Bayelsa","ts_rabid_dogs",1747.2753125,1883.54375,2022.1146875,7,"status quo"
"Bayelsa","ts_rabid_dogs",1769.3384375,1883.6625,2050.03375,8,"status quo"
"Bayelsa","ts_rabid_dogs",1766.984375,1894.5625,2022.764375,9,"status quo"
"Bayelsa","ts_rabid_dogs",1774.7775,1910.08125,2045.834375,10,"status quo"
"Benue","ts_deaths",113,139,166.525,1,"status quo"
"Benue","ts_deaths",115.95,142.5,173,2,"status quo"
"Benue","ts_deaths",125.85,146,175.1,3,"status quo"
"Benue","ts_deaths",113.85,147.5,175.525,4,"status quo"
"Benue","ts_deaths",122.95,146,175,5,"status quo"
"Benue","ts_deaths",127.9,149,179.575,6,"status quo"
"Benue","ts_deaths",120.9,145,170.1,7,"status quo"
"Benue","ts_deaths",121.95,150.5,173.05,8,"status quo"
"Benue","ts_deaths",124,148,175.1,9,"status quo"
"Benue","ts_deaths",124.475,145,177.575,10,"status quo"
"Benue","ts_exposures",1483.475,1698,1896.3,1,"status quo"
"Benue","ts_exposures",1599.975,1755,1954.125,2,"status quo"
"Benue","ts_exposures",1631.7,1789,1956.15,3,"status quo"
"Benue","ts_exposures",1637.975,1806,1979.5,4,"status quo"
"Benue","ts_exposures",1643.075,1777,1943.675,5,"status quo"
"Benue","ts_exposures",1643.325,1808,1963.775,6,"status quo"
"Benue","ts_exposures",1626.475,1793,1986.625,7,"status quo"
"Benue","ts_exposures",1662.375,1804.5,1981.075,8,"status quo"
"Benue","ts_exposures",1628.7,1807.5,1971.2,9,"status quo"
"Benue","ts_exposures",1615.325,1805.5,1956.3,10,"status quo"
"Benue","ts_exp_PEP",775.95,880.5,982.625,1,"status quo"
"Benue","ts_exp_PEP",825,908,1029.725,2,"status quo"
"Benue","ts_exp_PEP",835.375,934.5,1009.15,3,"status quo"
"Benue","ts_exp_PEP",848.45,933.5,1033,4,"status quo"
"Benue","ts_exp_PEP",844.275,926,1021.05,5,"status quo"
"Benue","ts_exp_PEP",848.95,930,1030.875,6,"status quo"
"Benue","ts_exp_PEP",828.9,923.5,1023.825,7,"status quo"
"Benue","ts_exp_PEP",836.85,931,1024.15,8,"status quo"
"Benue","ts_exp_PEP",828.375,933.5,1027.05,9,"status quo"
"Benue","ts_exp_PEP",835.55,934,1033.525,10,"status quo"
"Benue","ts_vaccine_vials",1551.9,1761,1965.25,1,"status quo"
"Benue","ts_vaccine_vials",1650,1816,2059.45,2,"status quo"
"Benue","ts_vaccine_vials",1670.75,1869,2018.3,3,"status quo"
"Benue","ts_vaccine_vials",1696.9,1867,2066,4,"status quo"
"Benue","ts_vaccine_vials",1688.55,1852,2042.1,5,"status quo"
"Benue","ts_vaccine_vials",1697.9,1860,2061.75,6,"status quo"
"Benue","ts_vaccine_vials",1657.8,1847,2047.65,7,"status quo"
"Benue","ts_vaccine_vials",1673.7,1862,2048.3,8,"status quo"
"Benue","ts_vaccine_vials",1656.75,1867,2054.1,9,"status quo"
"Benue","ts_vaccine_vials",1671.1,1868,2067.05,10,"status quo"
"Benue","ts_rabid_dogs",4062.2090625,4488.4125,4878.784375,1,"status quo"
"Benue","ts_rabid_dogs",4327.60875,4642.7,5092.856875,2,"status quo"
"Benue","ts_rabid_dogs",4335.389375,4733.1125,5087.120625,3,"status quo"
"Benue","ts_rabid_dogs",4410.951875,4767.90625,5093.5084375,4,"status quo"
"Benue","ts_rabid_dogs",4435.258125,4739.51875,5110.0890625,5,"status quo"
"Benue","ts_rabid_dogs",4388.9971875,4763.5875,5112.66593749999,6,"status quo"
"Benue","ts_rabid_dogs",4426.34375,4763.5,5115.37875,7,"status quo"
"Benue","ts_rabid_dogs",4389.6459375,4774.2875,5156.9528125,8,"status quo"
"Benue","ts_rabid_dogs",4400.0709375,4789.40625000001,5173.1471875,9,"status quo"
"Benue","ts_rabid_dogs",4401.5459375,4813.14375,5114.1709375,10,"status quo"
"Borno","ts_deaths",110.475,138,162,1,"status quo"
"Borno","ts_deaths",116.95,143,171.525,2,"status quo"
"Borno","ts_deaths",119.95,143,171.05,3,"status quo"
"Borno","ts_deaths",125.475,144,170.525,4,"status quo"
"Borno","ts_deaths",115.75,142.5,173.625,5,"status quo"
"Borno","ts_deaths",123,142.5,170.575,6,"status quo"
"Borno","ts_deaths",115.375,141.5,172,7,"status quo"
"Borno","ts_deaths",117.475,144.5,167,8,"status quo"
"Borno","ts_deaths",116.475,145.5,166.525,9,"status quo"
"Borno","ts_deaths",124.95,146,177.525,10,"status quo"
"Borno","ts_exposures",1501.8,1662,1813.525,1,"status quo"
"Borno","ts_exposures",1557.3,1727.5,1933.05,2,"status quo"
"Borno","ts_exposures",1611.375,1738.5,1940.2,3,"status quo"
"Borno","ts_exposures",1575.475,1771,1987.075,4,"status quo"
"Borno","ts_exposures",1599.475,1756.5,1956.025,5,"status quo"
"Borno","ts_exposures",1618.75,1763.5,1964.25,6,"status quo"
"Borno","ts_exposures",1579.425,1754,1936,7,"status quo"
"Borno","ts_exposures",1608.375,1775.5,1933.65,8,"status quo"
"Borno","ts_exposures",1619.45,1780,1912.625,9,"status quo"
"Borno","ts_exposures",1600.4,1765.5,1944,10,"status quo"
"Borno","ts_exp_PEP",768.375,864.5,947.35,1,"status quo"
"Borno","ts_exp_PEP",792.85,894.5,1005.05,2,"status quo"
"Borno","ts_exp_PEP",823.375,900.5,1017,3,"status quo"
"Borno","ts_exp_PEP",795.475,917,1018.825,4,"status quo"
"Borno","ts_exp_PEP",827.95,903.5,998.625,5,"status quo"
"Borno","ts_exp_PEP",825.85,914.5,1021.775,6,"status quo"
"Borno","ts_exp_PEP",815.85,912,999.675,7,"status quo"
"Borno","ts_exp_PEP",811.325,914.5,1008.575,8,"status quo"
"Borno","ts_exp_PEP",826.375,921,1006.575,9,"status quo"
"Borno","ts_exp_PEP",827.375,905,1018.525,10,"status quo"
"Borno","ts_vaccine_vials",1536.75,1729,1894.7,1,"status quo"
"Borno","ts_vaccine_vials",1585.7,1789,2010.1,2,"status quo"
"Borno","ts_vaccine_vials",1646.75,1801,2034,3,"status quo"
"Borno","ts_vaccine_vials",1590.95,1834,2037.65,4,"status quo"
"Borno","ts_vaccine_vials",1655.9,1807,1997.25,5,"status quo"
"Borno","ts_vaccine_vials",1651.7,1829,2043.55,6,"status quo"
"Borno","ts_vaccine_vials",1631.7,1824,1999.35,7,"status quo"
"Borno","ts_vaccine_vials",1622.65,1829,2017.15,8,"status quo"
"Borno","ts_vaccine_vials",1652.75,1842,2013.15,9,"status quo"
"Borno","ts_vaccine_vials",1654.75,1810,2037.05,10,"status quo"
"Borno","ts_rabid_dogs",4008.529375,4376.61875,4777.9478125,1,"status quo"
"Borno","ts_rabid_dogs",4228.9646875,4560.95,4997.1565625,2,"status quo"
"Borno","ts_rabid_dogs",4321.28625,4645.1375,4996.2234375,3,"status quo"
"Borno","ts_rabid_dogs",4314.79625,4656.85625,5039.0665625,4,"status quo"
"Borno","ts_rabid_dogs",4388.829375,4650.00625,5050.3125,5,"status quo"
"Borno","ts_rabid_dogs",4380.0596875,4689.175,5036.9128125,6,"status quo"
"Borno","ts_rabid_dogs",4277.655625,4684.84375,5056.133125,7,"status quo"
"Borno","ts_rabid_dogs",4293.588125,4702.20625,5019.009375,8,"status quo"
"Borno","ts_rabid_dogs",4360.0196875,4708.65,5015.5209375,9,"status quo"
"Borno","ts_rabid_dogs",4366.8478125,4647.86875,5086.70312500001,10,"status quo"
"Cross River","ts_deaths",72.95,92,113.525,1,"status quo"
"Cross River","ts_deaths",82,100,124.625,2,"status quo"
"Cross River","ts_deaths",81.475,100,121.525,3,"status quo"
"Cross River","ts_deaths",81,100,122.05,4,"status quo"
"Cross River","ts_deaths",77.9,102,120,5,"status quo"
"Cross River","ts_deaths",78,100.5,125.05,6,"status quo"
"Cross River","ts_deaths",77.9,101,116,7,"status quo"
"Cross River","ts_deaths",81.475,99,116,8,"status quo"
"Cross River","ts_deaths",78.475,99,121.725,9,"status quo"
"Cross River","ts_deaths",74,100,126.525,10,"status quo"
"Cross River","ts_exposures",1001.375,1150,1264.875,1,"status quo"
"Cross River","ts_exposures",1105.9,1210,1337.975,2,"status quo"
"Cross River","ts_exposures",1094.65,1215.5,1329.2,3,"status quo"
"Cross River","ts_exposures",1096.3,1223,1328.525,4,"status quo"
"Cross River","ts_exposures",1103.85,1228.5,1338.875,5,"status quo"
"Cross River","ts_exposures",1078.65,1217.5,1352.625,6,"status quo"
"Cross River","ts_exposures",1095.875,1216,1334.625,7,"status quo"
"Cross River","ts_exposures",1078.8,1220.5,1342.675,8,"status quo"
"Cross River","ts_exposures",1080.225,1211.5,1329.35,9,"status quo"
"Cross River","ts_exposures",1078.325,1209,1327.675,10,"status quo"
"Cross River","ts_exp_PEP",507.175,599.5,655,1,"status quo"
"Cross River","ts_exp_PEP",548.9,625,684,2,"status quo"
"Cross River","ts_exp_PEP",550.95,629,698.625,3,"status quo"
"Cross River","ts_exp_PEP",558.95,631.5,689.05,4,"status quo"
"Cross River","ts_exp_PEP",557.475,632.5,699.675,5,"status quo"
"Cross River","ts_exp_PEP",557.325,630,711.05,6,"status quo"
"Cross River","ts_exp_PEP",577,626,695.05,7,"status quo"
"Cross River","ts_exp_PEP",563.325,633.5,697.525,8,"status quo"
"Cross River","ts_exp_PEP",537,625.5,691.2,9,"status quo"
"Cross River","ts_exp_PEP",561.275,626,694.05,10,"status quo"
"Cross River","ts_vaccine_vials",1014.35,1199,1310,1,"status quo"
"Cross River","ts_vaccine_vials",1097.8,1250,1368,2,"status quo"
"Cross River","ts_vaccine_vials",1101.9,1258,1397.25,3,"status quo"
"Cross River","ts_vaccine_vials",1117.9,1263,1378.1,4,"status quo"
"Cross River","ts_vaccine_vials",1114.95,1265,1399.35,5,"status quo"
"Cross River","ts_vaccine_vials",1114.65,1260,1422.1,6,"status quo"
"Cross River","ts_vaccine_vials",1154,1252,1390.1,7,"status quo"
"Cross River","ts_vaccine_vials",1126.65,1267,1395.05,8,"status quo"
"Cross River","ts_vaccine_vials",1074,1251,1382.4,9,"status quo"
"Cross River","ts_vaccine_vials",1122.55,1252,1388.1,10,"status quo"
"Cross River","ts_rabid_dogs",2724.785625,3067.5625,3267.230625,1,"status quo"
"Cross River","ts_rabid_dogs",2888.626875,3218.10625,3420.0103125,2,"status quo"
"Cross River","ts_rabid_dogs",2973.0875,3245.7875,3463.7653125,3,"status quo"
"Cross River","ts_rabid_dogs",2953.5371875,3254.975,3455.123125,4,"status quo"
"Cross River","ts_rabid_dogs",2949.15375,3262.4625,3449.0178125,5,"status quo"
"Cross River","ts_rabid_dogs",2936.2978125,3234.625,3492.270625,6,"status quo"
"Cross River","ts_rabid_dogs",3028.0675,3231.2625,3486.219375,7,"status quo"
"Cross River","ts_rabid_dogs",2956.3240625,3256.9,3480.795,8,"status quo"
"Cross River","ts_rabid_dogs",2981.7403125,3233.73125,3499.059375,9,"status quo"
"Cross River","ts_rabid_dogs",2972.0890625,3221.94375,3453.3,10,"status quo"
"Delta","ts_deaths",104.475,134,158.05,1,"status quo"
"Delta","ts_deaths",117.475,140.5,164.525,2,"status quo"
"Delta","ts_deaths",116.95,140,170.575,3,"status quo"
"Delta","ts_deaths",120,142.5,170.525,4,"status quo"
"Delta","ts_deaths",123.475,145,178,5,"status quo"
"Delta","ts_deaths",120,142.5,168,6,"status quo"
"Delta","ts_deaths",115,146,166.525,7,"status quo"
"Delta","ts_deaths",119,142.5,166.525,8,"status quo"
"Delta","ts_deaths",116.95,146.5,168.525,9,"status quo"
"Delta","ts_deaths",118.475,146.5,176,10,"status quo"
"Delta","ts_exposures",1456.35,1640,1863.2,1,"status quo"
"Delta","ts_exposures",1523.825,1729.5,1920.9,2,"status quo"
"Delta","ts_exposures",1548.425,1733,1913,3,"status quo"
"Delta","ts_exposures",1598.275,1765.5,1896.725,4,"status quo"
"Delta","ts_exposures",1588.5,1755.5,1934.025,5,"status quo"
"Delta","ts_exposures",1523.475,1752,1880.575,6,"status quo"
"Delta","ts_exposures",1585.95,1742,1905.5,7,"status quo"
"Delta","ts_exposures",1558.375,1754,1909.825,8,"status quo"
"Delta","ts_exposures",1567.8,1749.5,1917.525,9,"status quo"
"Delta","ts_exposures",1589.3,1757.5,1913.875,10,"status quo"
"Delta","ts_exp_PEP",750.425,861,966.675,1,"status quo"
"Delta","ts_exp_PEP",790.9,896,987.1,2,"status quo"
"Delta","ts_exp_PEP",796.325,899,1003.575,3,"status quo"
"Delta","ts_exp_PEP",801.475,918.5,1000.775,4,"status quo"
"Delta","ts_exp_PEP",800.325,905,1003.05,5,"status quo"
"Delta","ts_exp_PEP",770.025,902.5,988.3,6,"status quo"
"Delta","ts_exp_PEP",796.275,897.5,1000.1,7,"status quo"
"Delta","ts_exp_PEP",793.275,909.5,1008.2,8,"status quo"
"Delta","ts_exp_PEP",802.65,906.5,996.15,9,"status quo"
"Delta","ts_exp_PEP",821,909.5,999.45,10,"status quo"
"Delta","ts_vaccine_vials",1500.85,1722,1933.35,1,"status quo"
"Delta","ts_vaccine_vials",1581.8,1792,1974.2,2,"status quo"
"Delta","ts_vaccine_vials",1592.65,1798,2007.15,3,"status quo"
"Delta","ts_vaccine_vials",1602.95,1837,2001.55,4,"status quo"
"Delta","ts_vaccine_vials",1600.65,1810,2006.1,5,"status quo"
"Delta","ts_vaccine_vials",1540.05,1805,1976.6,6,"status quo"
"Delta","ts_vaccine_vials",1592.55,1795,2000.2,7,"status quo"
"Delta","ts_vaccine_vials",1586.55,1819,2016.4,8,"status quo"
"Delta","ts_vaccine_vials",1605.3,1813,1992.3,9,"status quo"
"Delta","ts_vaccine_vials",1642,1819,1998.9,10,"status quo"
"Delta","ts_rabid_dogs",3930.2725,4318.89375,4754.238125,1,"status quo"
"Delta","ts_rabid_dogs",4139.7284375,4566.75625,4983.005625,2,"status quo"
"Delta","ts_rabid_dogs",4214.4878125,4607.525,4944.8034375,3,"status quo"
"Delta","ts_rabid_dogs",4325.3871875,4646.2375,4975.57625,4,"status quo"
"Delta","ts_rabid_dogs",4283.9390625,4668.175,4987.865625,5,"status quo"
"Delta","ts_rabid_dogs",4203.564375,4615.8,4995.500625,6,"status quo"
"Delta","ts_rabid_dogs",4245.21375,4628.70625,4965.3671875,7,"status quo"
"Delta","ts_rabid_dogs",4264.820625,4646.54375,4994.9315625,8,"status quo"
"Delta","ts_rabid_dogs",4187.140625,4617.775,5003.729375,9,"status quo"
"Delta","ts_rabid_dogs",4218.0675,4644.55,4949.23625,10,"status quo"
"Ebonyi","ts_deaths",54.475,71,90,1,"status quo"
"Ebonyi","ts_deaths",54.425,72.5,90.05,2,"status quo"
"Ebonyi","ts_deaths",56.475,73,93,3,"status quo"
"Ebonyi","ts_deaths",57,75.5,95.625,4,"status quo"
"Ebonyi","ts_deaths",61,72.5,89.525,5,"status quo"
"Ebonyi","ts_deaths",61,75,91,6,"status quo"
"Ebonyi","ts_deaths",54.425,75.5,94.6749999999999,7,"status quo"
"Ebonyi","ts_deaths",58.475,74,97.575,8,"status quo"
"Ebonyi","ts_deaths",60,73,94.05,9,"status quo"
"Ebonyi","ts_deaths",57,74,94.525,10,"status quo"
"Ebonyi","ts_exposures",760.425,862,975.625,1,"status quo"
"Ebonyi","ts_exposures",792.95,903.5,1005.25,2,"status quo"
"Ebonyi","ts_exposures",797.9,900,1007.725,3,"status quo"
"Ebonyi","ts_exposures",796.95,906,1001.675,4,"status quo"
"Ebonyi","ts_exposures",795.475,903,998.6,5,"status quo"
"Ebonyi","ts_exposures",807.85,904,1013.725,6,"status quo"
"Ebonyi","ts_exposures",806.95,906,1018.575,7,"status quo"
"Ebonyi","ts_exposures",819.425,907,1025.525,8,"status quo"
"Ebonyi","ts_exposures",799.95,900.5,1007.65,9,"status quo"
"Ebonyi","ts_exposures",825.475,916.5,1007.575,10,"status quo"
"Ebonyi","ts_exp_PEP",378,444.5,500.15,1,"status quo"
"Ebonyi","ts_exp_PEP",400.475,470.5,530.2,2,"status quo"
"Ebonyi","ts_exp_PEP",409.175,470,527.525,3,"status quo"
"Ebonyi","ts_exp_PEP",416.475,472,530.575,4,"status quo"
"Ebonyi","ts_exp_PEP",402.85,469,526.775,5,"status quo"
"Ebonyi","ts_exp_PEP",407.9,471,531.1,6,"status quo"
"Ebonyi","ts_exp_PEP",401.95,471,530.2,7,"status quo"
"Ebonyi","ts_exp_PEP",414,462.5,538.15,8,"status quo"
"Ebonyi","ts_exp_PEP",403.425,467,536.1,9,"status quo"
"Ebonyi","ts_exp_PEP",413.375,473,541.625,10,"status quo"
"Ebonyi","ts_vaccine_vials",756,889,1000.3,1,"status quo"
"Ebonyi","ts_vaccine_vials",800.95,941,1060.4,2,"status quo"
"Ebonyi","ts_vaccine_vials",818.35,940,1055.05,3,"status quo"
"Ebonyi","ts_vaccine_vials",832.95,944,1061.15,4,"status quo"
"Ebonyi","ts_vaccine_vials",805.7,938,1053.55,5,"status quo"
"Ebonyi","ts_vaccine_vials",815.8,942,1062.2,6,"status quo"
"Ebonyi","ts_vaccine_vials",803.9,942,1060.4,7,"status quo"
"Ebonyi","ts_vaccine_vials",828,925,1076.3,8,"status quo"
"Ebonyi","ts_vaccine_vials",806.85,934,1072.2,9,"status quo"
"Ebonyi","ts_vaccine_vials",826.75,946,1083.25,10,"status quo"
"Ebonyi","ts_rabid_dogs",2117.238125,2284.48125,2504.208125,1,"status quo"
"Ebonyi","ts_rabid_dogs",2194.768125,2379.075,2575.626875,2,"status quo"
"Ebonyi","ts_rabid_dogs",2206.5859375,2389.50625,2584.9896875,3,"status quo"
"Ebonyi","ts_rabid_dogs",2220.1115625,2446.63125,2583.9965625,4,"status quo"
"Ebonyi","ts_rabid_dogs",2220.3265625,2420.54375,2620.2328125,5,"status quo"
"Ebonyi","ts_rabid_dogs",2221.346875,2431.40625,2595.6815625,6,"status quo"
"Ebonyi","ts_rabid_dogs",2221.114375,2429.0125,2595.2315625,7,"status quo"
"Ebonyi","ts_rabid_dogs",2184.4128125,2405.49375,2619.501875,8,"status quo"
"Ebonyi","ts_rabid_dogs",2210.163125,2403.99375,2616.8065625,9,"status quo"
"Ebonyi","ts_rabid_dogs",2187.9196875,2423.1,2636.61,10,"status quo"
"Edo","ts_deaths",87.475,106,129.525,1,"status quo"
"Edo","ts_deaths",90.475,109.5,131.525,2,"status quo"
"Edo","ts_deaths",95,112,133.05,3,"status quo"
"Edo","ts_deaths",89.475,112,133.525,4,"status quo"
"Edo","ts_deaths",91.475,112.5,138.05,5,"status quo"
"Edo","ts_deaths",91.475,110.5,133.525,6,"status quo"
"Edo","ts_deaths",93.375,114,136,7,"status quo"
"Edo","ts_deaths",95.95,111,134.525,8,"status quo"
"Edo","ts_deaths",92.95,114,136.525,9,"status quo"
"Edo","ts_deaths",92.95,110,131.575,10,"status quo"
"Edo","ts_exposures",1166.075,1279,1406.05,1,"status quo"
"Edo","ts_exposures",1213.95,1356.5,1514.35,2,"status quo"
"Edo","ts_exposures",1221.35,1356.5,1479.775,3,"status quo"
"Edo","ts_exposures",1248.475,1373,1496.825,4,"status quo"
"Edo","ts_exposures",1252.95,1369,1517.7,5,"status quo"
"Edo","ts_exposures",1256.175,1362.5,1493.2,6,"status quo"
"Edo","ts_exposures",1246.225,1362,1510.925,7,"status quo"
"Edo","ts_exposures",1253.475,1366,1495.575,8,"status quo"
"Edo","ts_exposures",1228.775,1359,1504.15,9,"status quo"
"Edo","ts_exposures",1236.75,1367.5,1500.1,10,"status quo"
"Edo","ts_exp_PEP",591.325,660.5,750.5,1,"status quo"
"Edo","ts_exp_PEP",621.175,703,792.1,2,"status quo"
"Edo","ts_exp_PEP",617.75,702.5,782.575,3,"status quo"
"Edo","ts_exp_PEP",627.75,717,795.575,4,"status quo"
"Edo","ts_exp_PEP",634.425,707,791.925,5,"status quo"
"Edo","ts_exp_PEP",653,708,794.225,6,"status quo"
"Edo","ts_exp_PEP",641.9,701,772.15,7,"status quo"
"Edo","ts_exp_PEP",642.475,706,780,8,"status quo"
"Edo","ts_exp_PEP",621.375,705.5,790,9,"status quo"
"Edo","ts_exp_PEP",630.95,708.5,777.725,10,"status quo"
"Edo","ts_vaccine_vials",1182.65,1321,1501,1,"status quo"
"Edo","ts_vaccine_vials",1242.35,1406,1584.2,2,"status quo"
"Edo","ts_vaccine_vials",1235.5,1405,1565.15,3,"status quo"
"Edo","ts_vaccine_vials",1255.5,1434,1591.15,4,"status quo"
"Edo","ts_vaccine_vials",1268.85,1414,1583.85,5,"status quo"
"Edo","ts_vaccine_vials",1306,1416,1588.45,6,"status quo"
"Edo","ts_vaccine_vials",1283.8,1402,1544.3,7,"status quo"
"Edo","ts_vaccine_vials",1284.95,1412,1560,8,"status quo"
"Edo","ts_vaccine_vials",1242.75,1411,1580,9,"status quo"
"Edo","ts_vaccine_vials",1261.9,1417,1555.45,10,"status quo"
"Edo","ts_rabid_dogs",3096.6340625,3401.725,3634.406875,1,"status quo"
"Edo","ts_rabid_dogs",3327.8434375,3564.3125,3854.028125,2,"status quo"
"Edo","ts_rabid_dogs",3287.501875,3626.6875,3918.2559375,3,"status quo"
"Edo","ts_rabid_dogs",3370.04125,3649.475,3901.6625,4,"status quo"
"Edo","ts_rabid_dogs",3281.004375,3644.89375,3936.12,5,"status quo"
"Edo","ts_rabid_dogs",3341.0828125,3630.4375,3924.26125,6,"status quo"
"Edo","ts_rabid_dogs",3381.4884375,3619.125,3886.6440625,7,"status quo"
"Edo","ts_rabid_dogs",3392.6759375,3641.54375,3909.8040625,8,"status quo"
"Edo","ts_rabid_dogs",3354.9703125,3644.1625,3881.6384375,9,"status quo"
"Edo","ts_rabid_dogs",3349.071875,3638.58125,3944.2109375,10,"status quo"
"Ekiti","ts_deaths",59,74,92.525,1,"status quo"
"Ekiti","ts_deaths",61.425,79,101.15,2,"status quo"
"Ekiti","ts_deaths",61,80,104,3,"status quo"
"Ekiti","ts_deaths",62.475,82,103,4,"status quo"
"Ekiti","ts_deaths",64.95,81,98,5,"status quo"
"Ekiti","ts_deaths",62.95,84,99.525,6,"status quo"
"Ekiti","ts_deaths",65.475,81,103.05,7,"status quo"
"Ekiti","ts_deaths",61.475,82.5,98,8,"status quo"
"Ekiti","ts_deaths",63,83,100.525,9,"status quo"
"Ekiti","ts_deaths",62.95,83,104.525,10,"status quo"
"Ekiti","ts_exposures",826.225,947,1049.35,1,"status quo"
"Ekiti","ts_exposures",868.175,984,1096.925,2,"status quo"
"Ekiti","ts_exposures",891.95,997,1125.15,3,"status quo"
"Ekiti","ts_exposures",880.425,1001,1096.05,4,"status quo"
"Ekiti","ts_exposures",882.225,1000.5,1111.675,5,"status quo"
"Ekiti","ts_exposures",884.15,997,1121.3,6,"status quo"
"Ekiti","ts_exposures",892.125,1001,1135.525,7,"status quo"
"Ekiti","ts_exposures",874,1007.5,1134.2,8,"status quo"
"Ekiti","ts_exposures",895.7,1003.5,1126.725,9,"status quo"
"Ekiti","ts_exposures",882.8,1002,1117.35,10,"status quo"
"Ekiti","ts_exp_PEP",426.175,489,551.825,1,"status quo"
"Ekiti","ts_exp_PEP",441.8,510,570.625,2,"status quo"
"Ekiti","ts_exp_PEP",444.325,518.5,586.725,3,"status quo"
"Ekiti","ts_exp_PEP",455.225,527,587.25,4,"status quo"
"Ekiti","ts_exp_PEP",456.9,515,579.05,5,"status quo"
"Ekiti","ts_exp_PEP",455.9,514.5,587,6,"status quo"
"Ekiti","ts_exp_PEP",460.475,518,583.15,7,"status quo"
"Ekiti","ts_exp_PEP",449.425,516.5,597,8,"status quo"
"Ekiti","ts_exp_PEP",450.225,519,591.925,9,"status quo"
"Ekiti","ts_exp_PEP",438.275,522,581.625,10,"status quo"
"Ekiti","ts_vaccine_vials",852.35,978,1103.65,1,"status quo"
"Ekiti","ts_vaccine_vials",883.6,1020,1141.25,2,"status quo"
"Ekiti","ts_vaccine_vials",888.65,1037,1173.45,3,"status quo"
"Ekiti","ts_vaccine_vials",910.45,1054,1174.5,4,"status quo"
"Ekiti","ts_vaccine_vials",913.8,1030,1158.1,5,"status quo"
"Ekiti","ts_vaccine_vials",911.8,1029,1174,6,"status quo"
"Ekiti","ts_vaccine_vials",920.95,1036,1166.3,7,"status quo"
"Ekiti","ts_vaccine_vials",898.85,1033,1194,8,"status quo"
"Ekiti","ts_vaccine_vials",900.45,1038,1183.85,9,"status quo"
"Ekiti","ts_vaccine_vials",876.55,1044,1163.25,10,"status quo"
"Ekiti","ts_rabid_dogs",2303.41875,2483.58125,2768.3434375,1,"status quo"
"Ekiti","ts_rabid_dogs",2409.7209375,2608.41875,2837.3234375,2,"status quo"
"Ekiti","ts_rabid_dogs",2435.200625,2637.95,2844.584375,3,"status quo"
"Ekiti","ts_rabid_dogs",2471.254375,2660.69375,2856.2646875,4,"status quo"
"Ekiti","ts_rabid_dogs",2435.3365625,2673.25625,2887.8246875,5,"status quo"
"Ekiti","ts_rabid_dogs",2460.121875,2665.33125,2912.9971875,6,"status quo"
"Ekiti","ts_rabid_dogs",2433.1175,2673.61875,2907.4125,7,"status quo"
"Ekiti","ts_rabid_dogs",2416.9184375,2672.30625,2902.5028125,8,"status quo"
"Ekiti","ts_rabid_dogs",2429.7628125,2669.35,2869.8796875,9,"status quo"
"Ekiti","ts_rabid_dogs",2434.2896875,2667.65625,2890.59375,10,"status quo"
"Enugu","ts_deaths",84.475,104.5,127,1,"status quo"
"Enugu","ts_deaths",92.95,112,136,2,"status quo"
"Enugu","ts_deaths",93.95,110,138.575,3,"status quo"
"Enugu","ts_deaths",92.95,113,133,4,"status quo"
"Enugu","ts_deaths",89,114,131,5,"status quo"
"Enugu","ts_deaths",95.475,112,135.525,6,"status quo"
"Enugu","ts_deaths",94,114,137.525,7,"status quo"
"Enugu","ts_deaths",92,110,135,8,"status quo"
"Enugu","ts_deaths",92.95,114.5,138,9,"status quo"
"Enugu","ts_deaths",93.425,113.5,141,10,"status quo"
"Enugu","ts_exposures",1143.475,1299,1422.575,1,"status quo"
"Enugu","ts_exposures",1238.55,1353,1525.2,2,"status quo"
"Enugu","ts_exposures",1220.475,1371,1513.575,3,"status quo"
"Enugu","ts_exposures",1257.125,1368,1514.3,4,"status quo"
"Enugu","ts_exposures",1236.175,1376,1530.375,5,"status quo"
"Enugu","ts_exposures",1245.8,1378,1508.2,6,"status quo"
"Enugu","ts_exposures",1242.175,1384.5,1528.1,7,"status quo"
"Enugu","ts_exposures",1230.675,1379,1544.625,8,"status quo"
"Enugu","ts_exposures",1251,1381.5,1551.675,9,"status quo"
"Enugu","ts_exposures",1231.425,1365.5,1532.1,10,"status quo"
"Enugu","ts_exp_PEP",581.475,674.5,765.85,1,"status quo"
"Enugu","ts_exp_PEP",631.175,702.5,803.575,2,"status quo"
"Enugu","ts_exp_PEP",622.275,705,792.4,3,"status quo"
"Enugu","ts_exp_PEP",631.425,711,800,4,"status quo"
"Enugu","ts_exp_PEP",627.85,710,786.625,5,"status quo"
"Enugu","ts_exp_PEP",646.275,711.5,796.525,6,"status quo"
"Enugu","ts_exp_PEP",644.9,711.5,815.525,7,"status quo"
"Enugu","ts_exp_PEP",644.75,707.5,809.3,8,"status quo"
"Enugu","ts_exp_PEP",636.225,714,816.05,9,"status quo"
"Enugu","ts_exp_PEP",630.475,711,812.25,10,"status quo"
"Enugu","ts_vaccine_vials",1162.95,1349,1531.7,1,"status quo"
"Enugu","ts_vaccine_vials",1262.35,1405,1607.15,2,"status quo"
"Enugu","ts_vaccine_vials",1244.55,1410,1584.8,3,"status quo"
"Enugu","ts_vaccine_vials",1262.85,1422,1600,4,"status quo"
"Enugu","ts_vaccine_vials",1255.7,1420,1573.25,5,"status quo"
"Enugu","ts_vaccine_vials",1292.55,1423,1593.05,6,"status quo"
"Enugu","ts_vaccine_vials",1289.8,1423,1631.05,7,"status quo"
"Enugu","ts_vaccine_vials",1289.5,1415,1618.6,8,"status quo"
"Enugu","ts_vaccine_vials",1272.45,1428,1632.1,9,"status quo"
"Enugu","ts_vaccine_vials",1260.95,1422,1624.5,10,"status quo"
"Enugu","ts_rabid_dogs",3096.6065625,3432.50625,3774.191875,1,"status quo"
"Enugu","ts_rabid_dogs",3302.1259375,3618.85625,3926.9228125,2,"status quo"
"Enugu","ts_rabid_dogs",3312.1965625,3661.88125,3942.4434375,3,"status quo"
"Enugu","ts_rabid_dogs",3368.2284375,3638.8625,3973.5053125,4,"status quo"
"Enugu","ts_rabid_dogs",3391.56,3653.1125,4023.93875,5,"status quo"
"Enugu","ts_rabid_dogs",3403.7915625,3677.55,3935.65875,6,"status quo"
"Enugu","ts_rabid_dogs",3342.5875,3669.625,3983.4021875,7,"status quo"
"Enugu","ts_rabid_dogs",3381.7365625,3683.65625,3984.94468749999,8,"status quo"
"Enugu","ts_rabid_dogs",3352.9203125,3663.88125,4027.3446875,9,"status quo"
"Enugu","ts_rabid_dogs",3334.4271875,3670.75625,3976.201875,10,"status quo"
"Gombe","ts_deaths",56.95,78,93.525,1,"status quo"
"Gombe","ts_deaths",63.425,81,96,2,"status quo"
"Gombe","ts_deaths",61.475,80,101.575,3,"status quo"
"Gombe","ts_deaths",61.475,80,105.1,4,"status quo"
"Gombe","ts_deaths",60,81,103.1,5,"status quo"
"Gombe","ts_deaths",66.475,81,101.625,6,"status quo"
"Gombe","ts_deaths",61.375,84,107.525,7,"status quo"
"Gombe","ts_deaths",61.475,78.5,98.525,8,"status quo"
"Gombe","ts_deaths",66.475,81,104.05,9,"status quo"
"Gombe","ts_deaths",65.475,80.5,101.05,10,"status quo"
"Gombe","ts_exposures",815.225,940,1042.575,1,"status quo"
"Gombe","ts_exposures",886.425,973,1108.125,2,"status quo"
"Gombe","ts_exposures",886.475,997.5,1104.725,3,"status quo"
"Gombe","ts_exposures",886.275,987,1072.525,4,"status quo"
"Gombe","ts_exposures",908.85,993,1102.875,5,"status quo"
"Gombe","ts_exposures",885,993,1097.25,6,"status quo"
"Gombe","ts_exposures",905.375,993.5,1088.2,7,"status quo"
"Gombe","ts_exposures",884.475,991,1092.1,8,"status quo"
"Gombe","ts_exposures",909.425,999.5,1081.725,9,"status quo"
"Gombe","ts_exposures",888.95,990,1098.8,10,"status quo"
"Gombe","ts_exp_PEP",423.425,484,547.525,1,"status quo"
"Gombe","ts_exp_PEP",454.475,505.5,582.2,2,"status quo"
"Gombe","ts_exp_PEP",456.8,517.5,573.625,3,"status quo"
"Gombe","ts_exp_PEP",447.95,505.5,559,4,"status quo"
"Gombe","ts_exp_PEP",454.375,511.5,563.525,5,"status quo"
"Gombe","ts_exp_PEP",450.425,518,573.575,6,"status quo"
"Gombe","ts_exp_PEP",468.95,513.5,580.05,7,"status quo"
"Gombe","ts_exp_PEP",455.425,511,565.525,8,"status quo"
"Gombe","ts_exp_PEP",462.375,518,562.05,9,"status quo"
"Gombe","ts_exp_PEP",451.375,508.5,573.05,10,"status quo"
"Gombe","ts_vaccine_vials",846.85,968,1095.05,1,"status quo"
"Gombe","ts_vaccine_vials",908.95,1011,1164.4,2,"status quo"
"Gombe","ts_vaccine_vials",913.6,1035,1147.25,3,"status quo"
"Gombe","ts_vaccine_vials",895.9,1011,1118,4,"status quo"
"Gombe","ts_vaccine_vials",908.75,1023,1127.05,5,"status quo"
"Gombe","ts_vaccine_vials",900.85,1036,1147.15,6,"status quo"
"Gombe","ts_vaccine_vials",937.9,1027,1160.1,7,"status quo"
"Gombe","ts_vaccine_vials",910.85,1022,1131.05,8,"status quo"
"Gombe","ts_vaccine_vials",924.75,1036,1124.1,9,"status quo"
"Gombe","ts_vaccine_vials",902.75,1017,1146.1,10,"status quo"
"Gombe","ts_rabid_dogs",2256.6603125,2507.175,2706.1853125,1,"status quo"
"Gombe","ts_rabid_dogs",2384.499375,2605.44375,2849.6590625,2,"status quo"
"Gombe","ts_rabid_dogs",2417.6540625,2624.6375,2828.571875,3,"status quo"
"Gombe","ts_rabid_dogs",2426.97875,2652.6125,2821.6621875,4,"status quo"
"Gombe","ts_rabid_dogs",2438.0275,2642.14375,2872.6553125,5,"status quo"
"Gombe","ts_rabid_dogs",2443.074375,2645.18125,2840.115625,6,"status quo"
"Gombe","ts_rabid_dogs",2421.97375,2633.3625,2812.59,7,"status quo"
"Gombe","ts_rabid_dogs",2452.5290625,2636.50625,2800.5403125,8,"status quo"
"Gombe","ts_rabid_dogs",2419.8290625,2634.2875,2862.421875,9,"status quo"
"Gombe","ts_rabid_dogs",2368.4196875,2639.84375,2846.4815625,10,"status quo"
"Imo","ts_deaths",103.95,129,156,1,"status quo"
"Imo","ts_deaths",107.425,135,159,2,"status quo"
"Imo","ts_deaths",109,134,156,3,"status quo"
"Imo","ts_deaths",114,133,158.575,4,"status quo"
"Imo","ts_deaths",111.95,135,169,5,"status quo"
"Imo","ts_deaths",113.95,138.5,162,6,"status quo"
"Imo","ts_deaths",113.475,135,168.1,7,"status quo"
"Imo","ts_deaths",111.475,136,160,8,"status quo"
"Imo","ts_deaths",110.95,136.5,159.575,9,"status quo"
"Imo","ts_deaths",114,136,159.625,10,"status quo"
"Imo","ts_exposures",1389.325,1559,1710.825,1,"status quo"
"Imo","ts_exposures",1451.95,1635,1805.725,2,"status quo"
"Imo","ts_exposures",1481,1631.5,1834.95,3,"status quo"
"Imo","ts_exposures",1480.05,1653.5,1801,4,"status quo"
"Imo","ts_exposures",1458.425,1662,1827.4,5,"status quo"
"Imo","ts_exposures",1486.75,1669,1812.675,6,"status quo"
"Imo","ts_exposures",1508.275,1657,1806.2,7,"status quo"
"Imo","ts_exposures",1513,1658,1837.85,8,"status quo"
"Imo","ts_exposures",1502.325,1646.5,1815.575,9,"status quo"
"Imo","ts_exposures",1518.95,1665.5,1823.05,10,"status quo"
"Imo","ts_exp_PEP",720.325,805,880.575,1,"status quo"
"Imo","ts_exp_PEP",746.175,838,945.75,2,"status quo"
"Imo","ts_exp_PEP",745.275,848.5,935.15,3,"status quo"
"Imo","ts_exp_PEP",756.025,859,940.825,4,"status quo"
"Imo","ts_exp_PEP",765.475,853.5,960.525,5,"status quo"
"Imo","ts_exp_PEP",775.225,864.5,948,6,"status quo"
"Imo","ts_exp_PEP",780.075,858,937.1,7,"status quo"
"Imo","ts_exp_PEP",764.375,864.5,971.525,8,"status quo"
"Imo","ts_exp_PEP",769.9,851,943.525,9,"status quo"
"Imo","ts_exp_PEP",770.95,860,953.725,10,"status quo"
"Imo","ts_vaccine_vials",1440.65,1610,1761.15,1,"status quo"
"Imo","ts_vaccine_vials",1492.35,1676,1891.5,2,"status quo"
"Imo","ts_vaccine_vials",1490.55,1697,1870.3,3,"status quo"
"Imo","ts_vaccine_vials",1512.05,1718,1881.65,4,"status quo"
"Imo","ts_vaccine_vials",1530.95,1707,1921.05,5,"status quo"
"Imo","ts_vaccine_vials",1550.45,1729,1896,6,"status quo"
"Imo","ts_vaccine_vials",1560.15,1716,1874.2,7,"status quo"
"Imo","ts_vaccine_vials",1528.75,1729,1943.05,8,"status quo"
"Imo","ts_vaccine_vials",1539.8,1702,1887.05,9,"status quo"
"Imo","ts_vaccine_vials",1541.9,1720,1907.45,10,"status quo"
"Imo","ts_rabid_dogs",3795.70875,4153.11875,4476.385,1,"status quo"
"Imo","ts_rabid_dogs",3995.445625,4327.0875,4667.57187500001,2,"status quo"
"Imo","ts_rabid_dogs",3965.52625,4326.40625,4767.6125,3,"status quo"
"Imo","ts_rabid_dogs",4010.4403125,4387.54375,4713.4628125,4,"status quo"
"Imo","ts_rabid_dogs",4054.110625,4406.0375,4746.2615625,5,"status quo"
"Imo","ts_rabid_dogs",4074.6959375,4415.15625,4752.0884375,6,"status quo"
"Imo","ts_rabid_dogs",4063.915,4416.125,4746.085,7,"status quo"
"Imo","ts_rabid_dogs",4064.988125,4404.4125,4752.329375,8,"status quo"
"Imo","ts_rabid_dogs",4066.5990625,4404.8375,4755.7915625,9,"status quo"
"Imo","ts_rabid_dogs",4033.0528125,4392.15625,4751.3603125,10,"status quo"
"Jigawa","ts_deaths",119,142,166,1,"status quo"
"Jigawa","ts_deaths",124.95,149,178.525,2,"status quo"
"Jigawa","ts_deaths",127,149,176.525,3,"status quo"
"Jigawa","ts_deaths",127.375,153,182.05,4,"status quo"
"Jigawa","ts_deaths",124.375,150,175,5,"status quo"
"Jigawa","ts_deaths",123,155,179.05,6,"status quo"
"Jigawa","ts_deaths",126.85,151.5,182.575,7,"status quo"
"Jigawa","ts_deaths",129.425,151.5,185.575,8,"status quo"
"Jigawa","ts_deaths",126.425,150.5,176.625,9,"status quo"
"Jigawa","ts_deaths",127.8,151,175.525,10,"status quo"
"Jigawa","ts_exposures",1550.6,1753,1901.875,1,"status quo"
"Jigawa","ts_exposures",1618.025,1825.5,1978.5,2,"status quo"
"Jigawa","ts_exposures",1659.075,1835.5,1970.575,3,"status quo"
"Jigawa","ts_exposures",1668.85,1860,2005.775,4,"status quo"
"Jigawa","ts_exposures",1664.15,1858.5,2002.125,5,"status quo"
"Jigawa","ts_exposures",1663.025,1851,2007.075,6,"status quo"
"Jigawa","ts_exposures",1663.5,1852.5,2021.3,7,"status quo"
"Jigawa","ts_exposures",1682.475,1848.5,2047.525,8,"status quo"
"Jigawa","ts_exposures",1712.65,1844.5,2019.05,9,"status quo"
"Jigawa","ts_exposures",1684.225,1844.5,1978.05,10,"status quo"
"Jigawa","ts_exp_PEP",801.325,903.5,990.1,1,"status quo"
"Jigawa","ts_exp_PEP",820.95,947,1046.575,2,"status quo"
"Jigawa","ts_exp_PEP",841.8,946,1028.575,3,"status quo"
"Jigawa","ts_exp_PEP",854.325,964.5,1051.575,4,"status quo"
"Jigawa","ts_exp_PEP",842.375,958,1030.1,5,"status quo"
"Jigawa","ts_exp_PEP",859.65,956,1058.975,6,"status quo"
"Jigawa","ts_exp_PEP",843.325,960.5,1050,7,"status quo"
"Jigawa","ts_exp_PEP",855.425,958,1056.625,8,"status quo"
"Jigawa","ts_exp_PEP",879,959.5,1056.625,9,"status quo"
"Jigawa","ts_exp_PEP",870.95,951.5,1050.625,10,"status quo"
"Jigawa","ts_vaccine_vials",1602.65,1807,1980.2,1,"status quo"
"Jigawa","ts_vaccine_vials",1641.9,1894,2093.15,2,"status quo"
"Jigawa","ts_vaccine_vials",1683.6,1892,2057.15,3,"status quo"
"Jigawa","ts_vaccine_vials",1708.65,1929,2103.15,4,"status quo"
"Jigawa","ts_vaccine_vials",1684.75,1916,2060.2,5,"status quo"
"Jigawa","ts_vaccine_vials",1719.3,1912,2117.95,6,"status quo"
"Jigawa","ts_vaccine_vials",1686.65,1921,2100,7,"status quo"
"Jigawa","ts_vaccine_vials",1710.85,1916,2113.25,8,"status quo"
"Jigawa","ts_vaccine_vials",1758,1919,2113.25,9,"status quo"
"Jigawa","ts_vaccine_vials",1741.9,1903,2101.25,10,"status quo"
"Jigawa","ts_rabid_dogs",4162.8721875,4595.1125,4988.265,1,"status quo"
"Jigawa","ts_rabid_dogs",4478.246875,4840.0625,5165.98312500001,2,"status quo"
"Jigawa","ts_rabid_dogs",4482.4834375,4891.30625,5208.53999999999,3,"status quo"
"Jigawa","ts_rabid_dogs",4584.065,4924.16875,5236.2678125,4,"status quo"
"Jigawa","ts_rabid_dogs",4480.7275,4907.38125,5275.88125,5,"status quo"
"Jigawa","ts_rabid_dogs",4508.771875,4931.3125,5250.815625,6,"status quo"
"Jigawa","ts_rabid_dogs",4436.88437500001,4908.29375,5341.9940625,7,"status quo"
"Jigawa","ts_rabid_dogs",4511.9909375,4920.03749999999,5374.97218749999,8,"status quo"
"Jigawa","ts_rabid_dogs",4546.436875,4920.26875000001,5269.13062499999,9,"status quo"
"Jigawa","ts_rabid_dogs",4514.88093750001,4906.63750000001,5226.68,10,"status quo"
"Kaduna","ts_deaths",166,201,230.1,1,"status quo"
"Kaduna","ts_deaths",181.475,212,240.575,2,"status quo"
"Kaduna","ts_deaths",174.475,213.5,248.15,3,"status quo"
"Kaduna","ts_deaths",184,217.5,244,4,"status quo"
"Kaduna","ts_deaths",179.9,216,253.05,5,"status quo"
"Kaduna","ts_deaths",186.475,214.5,251.05,6,"status quo"
"Kaduna","ts_deaths",180.9,214,245.525,7,"status quo"
"Kaduna","ts_deaths",179.475,212,244.05,8,"status quo"
"Kaduna","ts_deaths",183.95,215,242.525,9,"status quo"
"Kaduna","ts_deaths",183.85,216,249.05,10,"status quo"
"Kaduna","ts_exposures",2234.425,2454,2751.85,1,"status quo"
"Kaduna","ts_exposures",2342.7,2577.5,2826.075,2,"status quo"
"Kaduna","ts_exposures",2340.95,2598,2837.725,3,"status quo"
"Kaduna","ts_exposures",2321.925,2617.5,2848.375,4,"status quo"
"Kaduna","ts_exposures",2423.475,2610.5,2841.35,5,"status quo"
"Kaduna","ts_exposures",2387.6,2604,2849.575,6,"status quo"
"Kaduna","ts_exposures",2336.125,2604.5,2884.1,7,"status quo"
"Kaduna","ts_exposures",2413.8,2617.5,2869.675,8,"status quo"
"Kaduna","ts_exposures",2382.85,2576.5,2827.45,9,"status quo"
"Kaduna","ts_exposures",2374.4,2625,2849.875,10,"status quo"
"Kaduna","ts_exp_PEP",1147.275,1266.5,1432.475,1,"status quo"
"Kaduna","ts_exp_PEP",1211.525,1338,1466.975,2,"status quo"
"Kaduna","ts_exp_PEP",1203.8,1342,1495.15,3,"status quo"
"Kaduna","ts_exp_PEP",1204.8,1351,1480.25,4,"status quo"
"Kaduna","ts_exp_PEP",1228.8,1341.5,1487.675,5,"status quo"
"Kaduna","ts_exp_PEP",1222.5,1347,1490.35,6,"status quo"
"Kaduna","ts_exp_PEP",1184.025,1349,1475.3,7,"status quo"
"Kaduna","ts_exp_PEP",1232.775,1350.5,1477.35,8,"status quo"
"Kaduna","ts_exp_PEP",1226.95,1345.5,1480.1,9,"status quo"
"Kaduna","ts_exp_PEP",1235.475,1354.5,1493.6,10,"status quo"
"Kaduna","ts_vaccine_vials",2294.55,2533,2864.95,1,"status quo"
"Kaduna","ts_vaccine_vials",2423.05,2676,2933.95,2,"status quo"
"Kaduna","ts_vaccine_vials",2407.6,2684,2990.3,3,"status quo"
"Kaduna","ts_vaccine_vials",2409.6,2702,2960.5,4,"status quo"
"Kaduna","ts_vaccine_vials",2457.6,2683,2975.35,5,"status quo"
"Kaduna","ts_vaccine_vials",2445,2694,2980.7,6,"status quo"
"Kaduna","ts_vaccine_vials",2368.05,2698,2950.6,7,"status quo"
"Kaduna","ts_vaccine_vials",2465.55,2701,2954.7,8,"status quo"
"Kaduna","ts_vaccine_vials",2453.9,2691,2960.2,9,"status quo"
"Kaduna","ts_vaccine_vials",2470.95,2709,2987.2,10,"status quo"
"Kaduna","ts_rabid_dogs",5936.954375,6503.98124999999,7037.60468749999,1,"status quo"
"Kaduna","ts_rabid_dogs",6232.2425,6787.29375,7477.51000000001,2,"status quo"
"Kaduna","ts_rabid_dogs",6305.2684375,6875.09375,7433.12906250001,3,"status quo"
"Kaduna","ts_rabid_dogs",6252.196875,6920.33125,7535.03375,4,"status quo"
"Kaduna","ts_rabid_dogs",6337.3028125,6911.24375,7519.87468750001,5,"status quo"
"Kaduna","ts_rabid_dogs",6400.160625,6878.76249999999,7527.24406250001,6,"status quo"
"Kaduna","ts_rabid_dogs",6434.8715625,6883.80000000001,7555.349375,7,"status quo"
"Kaduna","ts_rabid_dogs",6380.8253125,6899.63125,7498.303125,8,"status quo"
"Kaduna","ts_rabid_dogs",6416.14218749999,6861.66874999999,7414.8975,9,"status quo"
"Kaduna","ts_rabid_dogs",6371.75937499999,6935.45625,7536.35781250001,10,"status quo"
"Kano","ts_deaths",262.375,306,352.625,1,"status quo"
"Kano","ts_deaths",281.475,321.5,367.575,2,"status quo"
"Kano","ts_deaths",283.325,327,376,3,"status quo"
"Kano","ts_deaths",290.475,329.5,385.1,4,"status quo"
"Kano","ts_deaths",278.95,331,382.775,5,"status quo"
"Kano","ts_deaths",286.95,325,375.15,6,"status quo"
"Kano","ts_deaths",281.95,328.5,380.05,7,"status quo"
"Kano","ts_deaths",282,333,372.525,8,"status quo"
"Kano","ts_deaths",287.475,330,370.525,9,"status quo"
"Kano","ts_deaths",284,333,370.525,10,"status quo"
"Kano","ts_exposures",3460.425,3775.5,4179.525,1,"status quo"
"Kano","ts_exposures",3582.5,3948,4285.575,2,"status quo"
"Kano","ts_exposures",3648.175,3977.5,4361.2,3,"status quo"
"Kano","ts_exposures",3665.9,4019.5,4420.5,4,"status quo"
"Kano","ts_exposures",3655.475,4007.5,4441.85,5,"status quo"
"Kano","ts_exposures",3693.275,3979.5,4442.825,6,"status quo"
"Kano","ts_exposures",3676.5,4006,4307.3,7,"status quo"
"Kano","ts_exposures",3641.65,4036.5,4363.725,8,"status quo"
"Kano","ts_exposures",3623.125,4004,4359.375,9,"status quo"
"Kano","ts_exposures",3649.375,4015,4377.925,10,"status quo"
"Kano","ts_exp_PEP",1787,1951,2174.775,1,"status quo"
"Kano","ts_exp_PEP",1832.975,2042,2219.025,2,"status quo"
"Kano","ts_exp_PEP",1879.8,2051,2259,3,"status quo"
"Kano","ts_exp_PEP",1886.85,2070.5,2278.5,4,"status quo"
"Kano","ts_exp_PEP",1877.325,2067,2288.925,5,"status quo"
"Kano","ts_exp_PEP",1891.5,2063.5,2284.45,6,"status quo"
"Kano","ts_exp_PEP",1902.175,2063,2245.05,7,"status quo"
"Kano","ts_exp_PEP",1889.275,2089.5,2265.15,8,"status quo"
"Kano","ts_exp_PEP",1862.775,2077,2275.725,9,"status quo"
"Kano","ts_exp_PEP",1880.85,2064.5,2264.575,10,"status quo"
"Kano","ts_vaccine_vials",3574,3902,4349.55,1,"status quo"
"Kano","ts_vaccine_vials",3665.95,4084,4438.05,2,"status quo"
"Kano","ts_vaccine_vials",3759.6,4102,4518,3,"status quo"
"Kano","ts_vaccine_vials",3773.7,4141,4557,4,"status quo"
"Kano","ts_vaccine_vials",3754.65,4134,4577.85,5,"status quo"
"Kano","ts_vaccine_vials",3783,4127,4568.9,6,"status quo"
"Kano","ts_vaccine_vials",3804.35,4126,4490.1,7,"status quo"
"Kano","ts_vaccine_vials",3778.55,4179,4530.3,8,"status quo"
"Kano","ts_vaccine_vials",3725.55,4154,4551.45,9,"status quo"
"Kano","ts_vaccine_vials",3761.7,4129,4529.15,10,"status quo"
"Kano","ts_rabid_dogs",9217.763125,9961.30625,10835.47,1,"status quo"
"Kano","ts_rabid_dogs",9541.846875,10417.9625,11233.7271875,2,"status quo"
"Kano","ts_rabid_dogs",9740.415625,10549.4625,11356.3528125,3,"status quo"
"Kano","ts_rabid_dogs",9774.990625,10629.71875,11509.5503125,4,"status quo"
"Kano","ts_rabid_dogs",9680.06062500001,10538.6,11426.956875,5,"status quo"
"Kano","ts_rabid_dogs",9797.303125,10536.88125,11598.9996875,6,"status quo"
"Kano","ts_rabid_dogs",9746.79250000001,10576.8375,11389.305,7,"status quo"
"Kano","ts_rabid_dogs",9849.903125,10686.2625,11539.0596875,8,"status quo"
"Kano","ts_rabid_dogs",9612.31875,10580.59375,11431.8940625,9,"status quo"
"Kano","ts_rabid_dogs",9733.665,10600.14375,11496.9421875,10,"status quo"
"Katsina","ts_deaths",154.85,190,220.05,1,"status quo"
"Katsina","ts_deaths",165.95,199.5,231,2,"status quo"
"Katsina","ts_deaths",179.95,202,233,3,"status quo"
"Katsina","ts_deaths",168.425,202.5,225.05,4,"status quo"
"Katsina","ts_deaths",172.475,202,237.05,5,"status quo"
"Katsina","ts_deaths",167.475,201,235.525,6,"status quo"
"Katsina","ts_deaths",170.375,205,239.575,7,"status quo"
"Katsina","ts_deaths",173.9,201.5,234.575,8,"status quo"
"Katsina","ts_deaths",176,204,236.675,9,"status quo"
"Katsina","ts_deaths",170.475,199.5,236.05,10,"status quo"
"Katsina","ts_exposures",2104.9,2347.5,2585.575,1,"status quo"
"Katsina","ts_exposures",2193.025,2439,2614.525,2,"status quo"
"Katsina","ts_exposures",2240.25,2453.5,2689.2,3,"status quo"
"Katsina","ts_exposures",2213.65,2468.5,2675.625,4,"status quo"
"Katsina","ts_exposures",2257.275,2475.5,2706.5,5,"status quo"
"Katsina","ts_exposures",2229.375,2487.5,2755.7,6,"status quo"
"Katsina","ts_exposures",2260.7,2480.5,2703.05,7,"status quo"
"Katsina","ts_exposures",2262.9,2510,2699.075,8,"status quo"
"Katsina","ts_exposures",2230.85,2463.5,2709.075,9,"status quo"
"Katsina","ts_exposures",2227.95,2468.5,2721.2,10,"status quo"
"Katsina","ts_exp_PEP",1074.85,1218,1332.375,1,"status quo"
"Katsina","ts_exp_PEP",1134,1271,1375.725,2,"status quo"
"Katsina","ts_exp_PEP",1157.9,1266.5,1388.675,3,"status quo"
"Katsina","ts_exp_PEP",1134.1,1287.5,1389.15,4,"status quo"
"Katsina","ts_exp_PEP",1168.375,1285.5,1404.05,5,"status quo"
"Katsina","ts_exp_PEP",1151.425,1274,1448.525,6,"status quo"
"Katsina","ts_exp_PEP",1166.85,1271,1417.275,7,"status quo"
"Katsina","ts_exp_PEP",1168.95,1287.5,1408.625,8,"status quo"
"Katsina","ts_exp_PEP",1147.8,1271,1407.375,9,"status quo"
"Katsina","ts_exp_PEP",1133.7,1275,1419.15,10,"status quo"
"Katsina","ts_vaccine_vials",2149.7,2436,2664.75,1,"status quo"
"Katsina","ts_vaccine_vials",2268,2542,2751.45,2,"status quo"
"Katsina","ts_vaccine_vials",2315.8,2533,2777.35,3,"status quo"
"Katsina","ts_vaccine_vials",2268.2,2575,2778.3,4,"status quo"
"Katsina","ts_vaccine_vials",2336.75,2571,2808.1,5,"status quo"
"Katsina","ts_vaccine_vials",2302.85,2548,2897.05,6,"status quo"
"Katsina","ts_vaccine_vials",2333.7,2542,2834.55,7,"status quo"
"Katsina","ts_vaccine_vials",2337.9,2575,2817.25,8,"status quo"
"Katsina","ts_vaccine_vials",2295.6,2542,2814.75,9,"status quo"
"Katsina","ts_vaccine_vials",2267.4,2550,2838.3,10,"status quo"
"Katsina","ts_rabid_dogs",5585.7509375,6147.5125,6659.199375,1,"status quo"
"Katsina","ts_rabid_dogs",5917.7671875,6432.225,6865.6921875,2,"status quo"
"Katsina","ts_rabid_dogs",5999.31062500001,6513.64374999999,7030.45593750001,3,"status quo"
"Katsina","ts_rabid_dogs",6051.7403125,6508.88749999999,6992.8165625,4,"status quo"
"Katsina","ts_rabid_dogs",5992.208125,6530.6625,7063.91,5,"status quo"
"Katsina","ts_rabid_dogs",5968.0971875,6532.5,7156.3515625,6,"status quo"
"Katsina","ts_rabid_dogs",6083.680625,6557.1,7016.16125,7,"status quo"
"Katsina","ts_rabid_dogs",6050.30718749999,6588.88125,7020.8665625,8,"status quo"
"Katsina","ts_rabid_dogs",6009.7453125,6540.4125,7094.45375,9,"status quo"
"Katsina","ts_rabid_dogs",5986.3153125,6537.2625,7031.22281249999,10,"status quo"
"Kebbi","ts_deaths",86,107,126.625,1,"status quo"
"Kebbi","ts_deaths",91.475,112,130.525,2,"status quo"
"Kebbi","ts_deaths",89.425,112.5,136.625,3,"status quo"
"Kebbi","ts_deaths",92,109.5,131,4,"status quo"
"Kebbi","ts_deaths",89.375,114.5,140.575,5,"status quo"
"Kebbi","ts_deaths",90.375,113,134.525,6,"status quo"
"Kebbi","ts_deaths",93.475,110,132,7,"status quo"
"Kebbi","ts_deaths",92.475,111,133,8,"status quo"
"Kebbi","ts_deaths",89.425,112,136.525,9,"status quo"
"Kebbi","ts_deaths",88.95,114,135.05,10,"status quo"
"Kebbi","ts_exposures",1136.85,1294,1418.35,1,"status quo"
"Kebbi","ts_exposures",1239.6,1357,1474.125,2,"status quo"
"Kebbi","ts_exposures",1224.075,1378,1492.1,3,"status quo"
"Kebbi","ts_exposures",1242.325,1372,1479.3,4,"status quo"
"Kebbi","ts_exposures",1239.425,1382.5,1516.15,5,"status quo"
"Kebbi","ts_exposures",1237,1380,1499.35,6,"status quo"
"Kebbi","ts_exposures",1227.925,1380.5,1518.675,7,"status quo"
"Kebbi","ts_exposures",1237.375,1382.5,1507.525,8,"status quo"
"Kebbi","ts_exposures",1243.075,1382,1511.675,9,"status quo"
"Kebbi","ts_exposures",1233.65,1368.5,1514.1,10,"status quo"
"Kebbi","ts_exp_PEP",581.9,668.5,736.525,1,"status quo"
"Kebbi","ts_exp_PEP",637,704,763.525,2,"status quo"
"Kebbi","ts_exp_PEP",632.275,714,778,3,"status quo"
"Kebbi","ts_exp_PEP",634.65,710.5,785.525,4,"status quo"
"Kebbi","ts_exp_PEP",630.7,722.5,795.15,5,"status quo"
"Kebbi","ts_exp_PEP",639.425,709,782.2,6,"status quo"
"Kebbi","ts_exp_PEP",630.9,717.5,790.525,7,"status quo"
"Kebbi","ts_exp_PEP",630.425,716,789.675,8,"status quo"
"Kebbi","ts_exp_PEP",641.7,717.5,791.525,9,"status quo"
"Kebbi","ts_exp_PEP",637,713,799.725,10,"status quo"
"Kebbi","ts_vaccine_vials",1163.8,1337,1473.05,1,"status quo"
"Kebbi","ts_vaccine_vials",1274,1408,1527.05,2,"status quo"
"Kebbi","ts_vaccine_vials",1264.55,1428,1556,3,"status quo"
"Kebbi","ts_vaccine_vials",1269.3,1421,1571.05,4,"status quo"
"Kebbi","ts_vaccine_vials",1261.4,1445,1590.3,5,"status quo"
"Kebbi","ts_vaccine_vials",1278.85,1418,1564.4,6,"status quo"
"Kebbi","ts_vaccine_vials",1261.8,1435,1581.05,7,"status quo"
"Kebbi","ts_vaccine_vials",1260.85,1432,1579.35,8,"status quo"
"Kebbi","ts_vaccine_vials",1283.4,1435,1583.05,9,"status quo"
"Kebbi","ts_vaccine_vials",1274,1426,1599.45,10,"status quo"
"Kebbi","ts_rabid_dogs",3137.98125,3419.43125,3692.31,1,"status quo"
"Kebbi","ts_rabid_dogs",3357.515625,3607.36875,3811.6434375,2,"status quo"
"Kebbi","ts_rabid_dogs",3351.2125,3660.38125,3874.8834375,3,"status quo"
"Kebbi","ts_rabid_dogs",3326.68,3648.68125,3900.4346875,4,"status quo"
"Kebbi","ts_rabid_dogs",3348.2178125,3671.8,3924.2059375,5,"status quo"
"Kebbi","ts_rabid_dogs",3376.575625,3666.84375,3909.629375,6,"status quo"
"Kebbi","ts_rabid_dogs",3387.4765625,3673.65,3970.3615625,7,"status quo"
"Kebbi","ts_rabid_dogs",3299.2315625,3701.3125,3946.625,8,"status quo"
"Kebbi","ts_rabid_dogs",3369.338125,3643.33125,3956.793125,9,"status quo"
"Kebbi","ts_rabid_dogs",3371.433125,3649.71875,3954.4884375,10,"status quo"
"Kogi","ts_deaths",88.475,108,131.05,1,"status quo"
"Kogi","ts_deaths",88.95,114,134,2,"status quo"
"Kogi","ts_deaths",92.475,115,141.05,3,"status quo"
"Kogi","ts_deaths",93.475,112,140.05,4,"status quo"
"Kogi","ts_deaths",94.475,114,140.575,5,"status quo"
"Kogi","ts_deaths",95.475,116,137.525,6,"status quo"
"Kogi","ts_deaths",94.475,117.5,137.575,7,"status quo"
"Kogi","ts_deaths",93.95,116,147.35,8,"status quo"
"Kogi","ts_deaths",91.95,115,140,9,"status quo"
"Kogi","ts_deaths",92.475,115,142.525,10,"status quo"
"Kogi","ts_exposures",1169.55,1325.5,1480.775,1,"status quo"
"Kogi","ts_exposures",1238.375,1390.5,1529.575,2,"status quo"
"Kogi","ts_exposures",1232.8,1389,1512.825,3,"status quo"
"Kogi","ts_exposures",1285,1393.5,1566.025,4,"status quo"
"Kogi","ts_exposures",1247.475,1419,1551.675,5,"status quo"
"Kogi","ts_exposures",1274.8,1395,1542.975,6,"status quo"
"Kogi","ts_exposures",1221.425,1401.5,1552.3,7,"status quo"
"Kogi","ts_exposures",1280.75,1408,1552.15,8,"status quo"
"Kogi","ts_exposures",1275,1406.5,1540.3,9,"status quo"
"Kogi","ts_exposures",1240.625,1392.5,1557.3,10,"status quo"
"Kogi","ts_exp_PEP",601.95,682.5,771.575,1,"status quo"
"Kogi","ts_exp_PEP",644.95,717.5,792.15,2,"status quo"
"Kogi","ts_exp_PEP",633.375,717,784,3,"status quo"
"Kogi","ts_exp_PEP",659,723,818.05,4,"status quo"
"Kogi","ts_exp_PEP",646.475,733.5,800.05,5,"status quo"
"Kogi","ts_exp_PEP",645.225,723,791.525,6,"status quo"
"Kogi","ts_exp_PEP",623.85,725,804.725,7,"status quo"
"Kogi","ts_exp_PEP",660.475,725.5,796.05,8,"status quo"
"Kogi","ts_exp_PEP",640.9,735,818.525,9,"status quo"
"Kogi","ts_exp_PEP",651.95,718,811,10,"status quo"
"Kogi","ts_vaccine_vials",1203.9,1365,1543.15,1,"status quo"
"Kogi","ts_vaccine_vials",1289.9,1435,1584.3,2,"status quo"
"Kogi","ts_vaccine_vials",1266.75,1434,1568,3,"status quo"
"Kogi","ts_vaccine_vials",1318,1446,1636.1,4,"status quo"
"Kogi","ts_vaccine_vials",1292.95,1467,1600.1,5,"status quo"
"Kogi","ts_vaccine_vials",1290.45,1446,1583.05,6,"status quo"
"Kogi","ts_vaccine_vials",1247.7,1450,1609.45,7,"status quo"
"Kogi","ts_vaccine_vials",1320.95,1451,1592.1,8,"status quo"
"Kogi","ts_vaccine_vials",1281.8,1470,1637.05,9,"status quo"
"Kogi","ts_vaccine_vials",1303.9,1436,1622,10,"status quo"
"Kogi","ts_rabid_dogs",3183.9690625,3501.39375,3762.0553125,1,"status quo"
"Kogi","ts_rabid_dogs",3385.9075,3662.80625,3944.718125,2,"status quo"
"Kogi","ts_rabid_dogs",3381.42875,3674.93125,4001.2665625,3,"status quo"
"Kogi","ts_rabid_dogs",3380.8153125,3690.9375,4011.334375,4,"status quo"
"Kogi","ts_rabid_dogs",3419.63,3734.04375,4066.4775,5,"status quo"
"Kogi","ts_rabid_dogs",3455.8028125,3715.075,3986.37375,6,"status quo"
"Kogi","ts_rabid_dogs",3393.2146875,3709.15625,4020.8653125,7,"status quo"
"Kogi","ts_rabid_dogs",3448.0325,3739.35625,4055.9025,8,"status quo"
"Kogi","ts_rabid_dogs",3437.289375,3721.98125,4065.048125,9,"status quo"
"Kogi","ts_rabid_dogs",3366.1909375,3705.5375,3997.424375,10,"status quo"
"Kwara","ts_deaths",59.95,77.5,98.525,1,"status quo"
"Kwara","ts_deaths",60.475,78,93.525,2,"status quo"
"Kwara","ts_deaths",60.475,82.5,100.525,3,"status quo"
"Kwara","ts_deaths",64,81.5,101.05,4,"status quo"
"Kwara","ts_deaths",64,82.5,97,5,"status quo"
"Kwara","ts_deaths",66.475,83,101.1,6,"status quo"
"Kwara","ts_deaths",64.375,80,104,7,"status quo"
"Kwara","ts_deaths",63.475,81.5,100.575,8,"status quo"
"Kwara","ts_deaths",64.475,81,99.525,9,"status quo"
"Kwara","ts_deaths",67.475,82,103.525,10,"status quo"
"Kwara","ts_exposures",824.925,935,1085.975,1,"status quo"
"Kwara","ts_exposures",858.8,985,1093.825,2,"status quo"
"Kwara","ts_exposures",864.95,1002,1114.9,3,"status quo"
"Kwara","ts_exposures",879.325,996,1094.725,4,"status quo"
"Kwara","ts_exposures",881.9,991,1091.35,5,"status quo"
"Kwara","ts_exposures",907.95,996,1130.15,6,"status quo"
"Kwara","ts_exposures",896,998.5,1090,7,"status quo"
"Kwara","ts_exposures",893.8,988.5,1124.25,8,"status quo"
"Kwara","ts_exposures",881.95,991,1103.825,9,"status quo"
"Kwara","ts_exposures",881.75,994.5,1132.775,10,"status quo"
"Kwara","ts_exp_PEP",418.275,485,568.675,1,"status quo"
"Kwara","ts_exp_PEP",441.425,509.5,568.1,2,"status quo"
"Kwara","ts_exp_PEP",434.85,514.5,585,3,"status quo"
"Kwara","ts_exp_PEP",455,515,574,4,"status quo"
"Kwara","ts_exp_PEP",454.375,513.5,566.625,5,"status quo"
"Kwara","ts_exp_PEP",459.425,517,589.3,6,"status quo"
"Kwara","ts_exp_PEP",451,512.5,567.05,7,"status quo"
"Kwara","ts_exp_PEP",445.95,513.5,594.825,8,"status quo"
"Kwara","ts_exp_PEP",452,511.5,585,9,"status quo"
"Kwara","ts_exp_PEP",430.225,507,589.575,10,"status quo"
"Kwara","ts_vaccine_vials",836.55,970,1137.35,1,"status quo"
"Kwara","ts_vaccine_vials",882.85,1019,1136.2,2,"status quo"
"Kwara","ts_vaccine_vials",869.7,1029,1170,3,"status quo"
"Kwara","ts_vaccine_vials",910,1030,1148,4,"status quo"
"Kwara","ts_vaccine_vials",908.75,1027,1133.25,5,"status quo"
"Kwara","ts_vaccine_vials",918.85,1034,1178.6,6,"status quo"
"Kwara","ts_vaccine_vials",902,1025,1134.1,7,"status quo"
"Kwara","ts_vaccine_vials",891.9,1027,1189.65,8,"status quo"
"Kwara","ts_vaccine_vials",904,1023,1170,9,"status quo"
"Kwara","ts_vaccine_vials",860.45,1014,1179.15,10,"status quo"
"Kwara","ts_rabid_dogs",2231.9796875,2497.58125,2718.7259375,1,"status quo"
"Kwara","ts_rabid_dogs",2384.2096875,2589.90625,2820.7609375,2,"status quo"
"Kwara","ts_rabid_dogs",2334.3690625,2624.71875,2791.468125,3,"status quo"
"Kwara","ts_rabid_dogs",2407.561875,2664.40625,2919.09125,4,"status quo"
"Kwara","ts_rabid_dogs",2440.2228125,2645.75625,2878.538125,5,"status quo"
"Kwara","ts_rabid_dogs",2443.39125,2661.01875,2865.606875,6,"status quo"
"Kwara","ts_rabid_dogs",2473.0621875,2646.55,2841.7109375,7,"status quo"
"Kwara","ts_rabid_dogs",2421.3909375,2646.9375,2861.4825,8,"status quo"
"Kwara","ts_rabid_dogs",2436.5390625,2650.7,2884.446875,9,"status quo"
"Kwara","ts_rabid_dogs",2434.79,2628.3,2887.4459375,10,"status quo"
"Lagos","ts_deaths",260.475,302.5,334.1,1,"status quo"
"Lagos","ts_deaths",280.95,320,355.05,2,"status quo"
"Lagos","ts_deaths",280.95,323.5,360,3,"status quo"
"Lagos","ts_deaths",286,317,375.725,4,"status quo"
"Lagos","ts_deaths",277.475,318.5,371,5,"status quo"
"Lagos","ts_deaths",283.475,319.5,359.525,6,"status quo"
"Lagos","ts_deaths",270.95,321,362.1,7,"status quo"
"Lagos","ts_deaths",279.95,321,360.1,8,"status quo"
"Lagos","ts_deaths",282.225,322,369,9,"status quo"
"Lagos","ts_deaths",273.9,322,373.15,10,"status quo"
"Lagos","ts_exposures",3332.375,3670,3971.85,1,"status quo"
"Lagos","ts_exposures",3582.375,3860,4170.125,2,"status quo"
"Lagos","ts_exposures",3634.8,3916.5,4168.2,3,"status quo"
"Lagos","ts_exposures",3574.6,3933.5,4268.6,4,"status quo"
"Lagos","ts_exposures",3649.475,3871,4227.9,5,"status quo"
"Lagos","ts_exposures",3543.4,3910.5,4221.525,6,"status quo"
"Lagos","ts_exposures",3505.5,3894.5,4275.575,7,"status quo"
"Lagos","ts_exposures",3512.175,3895.5,4218.725,8,"status quo"
"Lagos","ts_exposures",3622.075,3914.5,4176.125,9,"status quo"
"Lagos","ts_exposures",3580.275,3913.5,4284.875,10,"status quo"
"Lagos","ts_exp_PEP",1698.425,1897.5,2075.525,1,"status quo"
"Lagos","ts_exp_PEP",1818.075,1994,2158.625,2,"status quo"
"Lagos","ts_exp_PEP",1883,2015.5,2170.15,3,"status quo"
"Lagos","ts_exp_PEP",1815.85,2027.5,2205.575,4,"status quo"
"Lagos","ts_exp_PEP",1857.225,2006,2188,5,"status quo"
"Lagos","ts_exp_PEP",1817.025,2024,2196.775,6,"status quo"
"Lagos","ts_exp_PEP",1814.85,2022,2205.35,7,"status quo"
"Lagos","ts_exp_PEP",1837.65,2028.5,2195.675,8,"status quo"
"Lagos","ts_exp_PEP",1861,2023,2197.4,9,"status quo"
"Lagos","ts_exp_PEP",1832.175,2017.5,2220.125,10,"status quo"
"Lagos","ts_vaccine_vials",3396.85,3795,4151.05,1,"status quo"
"Lagos","ts_vaccine_vials",3636.15,3988,4317.25,2,"status quo"
"Lagos","ts_vaccine_vials",3766,4031,4340.3,3,"status quo"
"Lagos","ts_vaccine_vials",3631.7,4055,4411.15,4,"status quo"
"Lagos","ts_vaccine_vials",3714.45,4012,4376,5,"status quo"
"Lagos","ts_vaccine_vials",3634.05,4048,4393.55,6,"status quo"
"Lagos","ts_vaccine_vials",3629.7,4044,4410.7,7,"status quo"
"Lagos","ts_vaccine_vials",3675.3,4057,4391.35,8,"status quo"
"Lagos","ts_vaccine_vials",3722,4046,4394.8,9,"status quo"
"Lagos","ts_vaccine_vials",3664.35,4035,4440.25,10,"status quo"
"Lagos","ts_rabid_dogs",8842.853125,9695.5,10493.3909375,1,"status quo"
"Lagos","ts_rabid_dogs",9365.321875,10167.55625,10934.599375,2,"status quo"
"Lagos","ts_rabid_dogs",9540.95187499999,10380.88125,11027.3175,3,"status quo"
"Lagos","ts_rabid_dogs",9457.61375,10377.24375,11106.9796875,4,"status quo"
"Lagos","ts_rabid_dogs",9568.4615625,10320.8625,10979.8359375,5,"status quo"
"Lagos","ts_rabid_dogs",9535.3334375,10279.95,11087.734375,6,"status quo"
"Lagos","ts_rabid_dogs",9435.626875,10325.8125,11183.395625,7,"status quo"
"Lagos","ts_rabid_dogs",9528.055,10291.75625,11117.9990625,8,"status quo"
"Lagos","ts_rabid_dogs",9676.3634375,10348.5625,11027.630625,9,"status quo"
"Lagos","ts_rabid_dogs",9562.0959375,10297.85,11228.765625,10,"status quo"
"Nasarawa","ts_deaths",44.475,60.5,78.525,1,"status quo"
"Nasarawa","ts_deaths",45.95,64,78,2,"status quo"
"Nasarawa","ts_deaths",49,64,79,3,"status quo"
"Nasarawa","ts_deaths",46,64,81,4,"status quo"
"Nasarawa","ts_deaths",44.475,63,81.525,5,"status quo"
"Nasarawa","ts_deaths",48,64,81.05,6,"status quo"
"Nasarawa","ts_deaths",45.9,62,81,7,"status quo"
"Nasarawa","ts_deaths",46,65,79.525,8,"status quo"
"Nasarawa","ts_deaths",49.475,64,84.525,9,"status quo"
"Nasarawa","ts_deaths",48.475,64,82.525,10,"status quo"
"Nasarawa","ts_exposures",636.325,726,817.575,1,"status quo"
"Nasarawa","ts_exposures",686,762,856.05,2,"status quo"
"Nasarawa","ts_exposures",695.475,774,853,3,"status quo"
"Nasarawa","ts_exposures",699.9,786.5,879.05,4,"status quo"
"Nasarawa","ts_exposures",698.475,768,862.525,5,"status quo"
"Nasarawa","ts_exposures",670.175,772.5,884.05,6,"status quo"
"Nasarawa","ts_exposures",654.425,781.5,854.25,7,"status quo"
"Nasarawa","ts_exposures",700.475,776,857.625,8,"status quo"
"Nasarawa","ts_exposures",686.375,774.5,879.35,9,"status quo"
"Nasarawa","ts_exposures",689.475,782,858.575,10,"status quo"
"Nasarawa","ts_exp_PEP",327.375,379.5,422.1,1,"status quo"
"Nasarawa","ts_exp_PEP",350.425,390,443.2,2,"status quo"
"Nasarawa","ts_exp_PEP",343.95,394,453.575,3,"status quo"
"Nasarawa","ts_exp_PEP",352,407.5,459.05,4,"status quo"
"Nasarawa","ts_exp_PEP",342.9,402,461.1,5,"status quo"
"Nasarawa","ts_exp_PEP",345.425,402,459.525,6,"status quo"
"Nasarawa","ts_exp_PEP",338,401.5,459,7,"status quo"
"Nasarawa","ts_exp_PEP",353.9,401,457.05,8,"status quo"
"Nasarawa","ts_exp_PEP",354.95,399,459,9,"status quo"
"Nasarawa","ts_exp_PEP",354.475,402.5,454.575,10,"status quo"
"Nasarawa","ts_vaccine_vials",654.75,759,844.2,1,"status quo"
"Nasarawa","ts_vaccine_vials",700.85,780,886.4,2,"status quo"
"Nasarawa","ts_vaccine_vials",687.9,788,907.15,3,"status quo"
"Nasarawa","ts_vaccine_vials",704,815,918.1,4,"status quo"
"Nasarawa","ts_vaccine_vials",685.8,804,922.2,5,"status quo"
"Nasarawa","ts_vaccine_vials",690.85,804,919.05,6,"status quo"
"Nasarawa","ts_vaccine_vials",676,803,918,7,"status quo"
"Nasarawa","ts_vaccine_vials",707.8,802,914.1,8,"status quo"
"Nasarawa","ts_vaccine_vials",709.9,798,918,9,"status quo"
"Nasarawa","ts_vaccine_vials",708.95,805,909.15,10,"status quo"
"Nasarawa","ts_rabid_dogs",1790.5065625,1937.025,2125.28875,1,"status quo"
"Nasarawa","ts_rabid_dogs",1872.5034375,2037.08125,2197.0990625,2,"status quo"
"Nasarawa","ts_rabid_dogs",1859.91375,2052.975,2239.74125,3,"status quo"
"Nasarawa","ts_rabid_dogs",1916.4790625,2076.35625,2263.1371875,4,"status quo"
"Nasarawa","ts_rabid_dogs",1927.2915625,2075.38125,2246.1728125,5,"status quo"
"Nasarawa","ts_rabid_dogs",1886.335,2061.21875,2262.0209375,6,"status quo"
"Nasarawa","ts_rabid_dogs",1872.0621875,2091.6125,2250.9365625,7,"status quo"
"Nasarawa","ts_rabid_dogs",1916.0909375,2084.85,2212.164375,8,"status quo"
"Nasarawa","ts_rabid_dogs",1899.2071875,2077.34375,2248.72625,9,"status quo"
"Nasarawa","ts_rabid_dogs",1900.88875,2071.0875,2205.49,10,"status quo"
"Niger","ts_deaths",104.95,127.5,151,1,"status quo"
"Niger","ts_deaths",112.475,134,153.675,2,"status quo"
"Niger","ts_deaths",106.475,136,161.1,3,"status quo"
"Niger","ts_deaths",108.325,136,170.675,4,"status quo"
"Niger","ts_deaths",115,138.5,168.525,5,"status quo"
"Niger","ts_deaths",112.475,137.5,163.525,6,"status quo"
"Niger","ts_deaths",108.425,136,163.05,7,"status quo"
"Niger","ts_deaths",118.425,137,162.575,8,"status quo"
"Niger","ts_deaths",113.425,138,157.05,9,"status quo"
"Niger","ts_deaths",113.95,137,165.525,10,"status quo"
"Niger","ts_exposures",1395.75,1559,1755.725,1,"status quo"
"Niger","ts_exposures",1477.275,1637,1811.575,2,"status quo"
"Niger","ts_exposures",1493.225,1664,1818.725,3,"status quo"
"Niger","ts_exposures",1481.375,1684,1812.625,4,"status quo"
"Niger","ts_exposures",1501.375,1667,1819.45,5,"status quo"
"Niger","ts_exposures",1507.025,1679.5,1864.625,6,"status quo"
"Niger","ts_exposures",1474.275,1674.5,1865.25,7,"status quo"
"Niger","ts_exposures",1503.15,1676,1811.575,8,"status quo"
"Niger","ts_exposures",1492.75,1680,1800.725,9,"status quo"
"Niger","ts_exposures",1495.275,1676,1828.35,10,"status quo"
"Niger","ts_exp_PEP",713.375,804.5,904.3,1,"status quo"
"Niger","ts_exp_PEP",740.925,846.5,952.575,2,"status quo"
"Niger","ts_exp_PEP",748.75,857,953.25,3,"status quo"
"Niger","ts_exp_PEP",771.85,869,945.2,4,"status quo"
"Niger","ts_exp_PEP",764.9,868,969.575,5,"status quo"
"Niger","ts_exp_PEP",767.975,870.5,955.525,6,"status quo"
"Niger","ts_exp_PEP",773.425,862.5,947.575,7,"status quo"
"Niger","ts_exp_PEP",744.55,869.5,935.1,8,"status quo"
"Niger","ts_exp_PEP",768.95,868,946.05,9,"status quo"
"Niger","ts_exp_PEP",772.275,865,952.15,10,"status quo"
"Niger","ts_vaccine_vials",1426.75,1609,1808.6,1,"status quo"
"Niger","ts_vaccine_vials",1481.85,1693,1905.15,2,"status quo"
"Niger","ts_vaccine_vials",1497.5,1714,1906.5,3,"status quo"
"Niger","ts_vaccine_vials",1543.7,1738,1890.4,4,"status quo"
"Niger","ts_vaccine_vials",1529.8,1736,1939.15,5,"status quo"
"Niger","ts_vaccine_vials",1535.95,1741,1911.05,6,"status quo"
"Niger","ts_vaccine_vials",1546.85,1725,1895.15,7,"status quo"
"Niger","ts_vaccine_vials",1489.1,1739,1870.2,8,"status quo"
"Niger","ts_vaccine_vials",1537.9,1736,1892.1,9,"status quo"
"Niger","ts_vaccine_vials",1544.55,1730,1904.3,10,"status quo"
"Niger","ts_rabid_dogs",3785.6028125,4160.1375,4490.2890625,1,"status quo"
"Niger","ts_rabid_dogs",3945.7053125,4314.9125,4698.1265625,2,"status quo"
"Niger","ts_rabid_dogs",4035.11875,4390.8375,4713.5028125,3,"status quo"
"Niger","ts_rabid_dogs",4040.8209375,4459.825,4734.8384375,4,"status quo"
"Niger","ts_rabid_dogs",4060.095,4474.61875,4768.18656249999,5,"status quo"
"Niger","ts_rabid_dogs",4077.558125,4462.4875,4769.7409375,6,"status quo"
"Niger","ts_rabid_dogs",4044.91,4451.30625,4763.3096875,7,"status quo"
"Niger","ts_rabid_dogs",4034.5475,4444.375,4718.6946875,8,"status quo"
"Niger","ts_rabid_dogs",4084.931875,4422.76875,4757.513125,9,"status quo"
"Niger","ts_rabid_dogs",4071.714375,4401.94375,4761.54,10,"status quo"
"Ogun","ts_deaths",98.425,121,145.525,1,"status quo"
"Ogun","ts_deaths",108.95,128,154.525,2,"status quo"
"Ogun","ts_deaths",104,128,156,3,"status quo"
"Ogun","ts_deaths",110.95,130,151,4,"status quo"
"Ogun","ts_deaths",105.475,127.5,156.05,5,"status quo"
"Ogun","ts_deaths",108.475,130.5,159.575,6,"status quo"
"Ogun","ts_deaths",104.475,128,154.525,7,"status quo"
"Ogun","ts_deaths",107.95,132,154.575,8,"status quo"
"Ogun","ts_deaths",108,132,155,9,"status quo"
"Ogun","ts_deaths",111,131,161.675,10,"status quo"
"Ogun","ts_exposures",1356,1478.5,1652.2,1,"status quo"
"Ogun","ts_exposures",1412.325,1560.5,1697,2,"status quo"
"Ogun","ts_exposures",1389.825,1564,1702,3,"status quo"
"Ogun","ts_exposures",1407.375,1581,1730,4,"status quo"
"Ogun","ts_exposures",1434.375,1586,1756.825,5,"status quo"
"Ogun","ts_exposures",1456.3,1587.5,1752.35,6,"status quo"
"Ogun","ts_exposures",1437.375,1578.5,1770.25,7,"status quo"
"Ogun","ts_exposures",1438.375,1586.5,1749,8,"status quo"
"Ogun","ts_exposures",1435.025,1589.5,1747.25,9,"status quo"
"Ogun","ts_exposures",1437.8,1586,1725.05,10,"status quo"
"Ogun","ts_exp_PEP",699.425,771,858.15,1,"status quo"
"Ogun","ts_exp_PEP",708.175,799,897.1,2,"status quo"
"Ogun","ts_exp_PEP",724.95,816,910.525,3,"status quo"
"Ogun","ts_exp_PEP",720.95,812,918.4,4,"status quo"
"Ogun","ts_exp_PEP",744.95,820,922.675,5,"status quo"
"Ogun","ts_exp_PEP",757.475,826,920.1,6,"status quo"
"Ogun","ts_exp_PEP",728.95,822,925.125,7,"status quo"
"Ogun","ts_exp_PEP",744.325,822.5,914.875,8,"status quo"
"Ogun","ts_exp_PEP",738.95,820,915.575,9,"status quo"
"Ogun","ts_exp_PEP",736.425,820,902.15,10,"status quo"
"Ogun","ts_vaccine_vials",1398.85,1542,1716.3,1,"status quo"
"Ogun","ts_vaccine_vials",1416.35,1598,1794.2,2,"status quo"
"Ogun","ts_vaccine_vials",1449.9,1632,1821.05,3,"status quo"
"Ogun","ts_vaccine_vials",1441.9,1624,1836.8,4,"status quo"
"Ogun","ts_vaccine_vials",1489.9,1640,1845.35,5,"status quo"
"Ogun","ts_vaccine_vials",1514.95,1652,1840.2,6,"status quo"
"Ogun","ts_vaccine_vials",1457.9,1644,1850.25,7,"status quo"
"Ogun","ts_vaccine_vials",1488.65,1645,1829.75,8,"status quo"
"Ogun","ts_vaccine_vials",1477.9,1640,1831.15,9,"status quo"
"Ogun","ts_vaccine_vials",1472.85,1640,1804.3,10,"status quo"
"Ogun","ts_rabid_dogs",3632.0415625,3931.24375,4337.6484375,1,"status quo"
"Ogun","ts_rabid_dogs",3805.68125,4120.65625,4420.7825,2,"status quo"
"Ogun","ts_rabid_dogs",3812.4371875,4180.53125,4475.8296875,3,"status quo"
"Ogun","ts_rabid_dogs",3818.668125,4186.98125,4510.2465625,4,"status quo"
"Ogun","ts_rabid_dogs",3878.916875,4207.0875,4548.9678125,5,"status quo"
"Ogun","ts_rabid_dogs",3966.20968750001,4240.71875,4570.5003125,6,"status quo"
"Ogun","ts_rabid_dogs",3881.2634375,4198.825,4555.95781250001,7,"status quo"
"Ogun","ts_rabid_dogs",3888.72375,4218.7,4478.0309375,8,"status quo"
"Ogun","ts_rabid_dogs",3881.876875,4203.91875,4563.38,9,"status quo"
"Ogun","ts_rabid_dogs",3865.2778125,4209.56875,4503.6871875,10,"status quo"
"Ondo","ts_deaths",92.95,111,136.05,1,"status quo"
"Ondo","ts_deaths",94.475,119,142,2,"status quo"
"Ondo","ts_deaths",95.95,118,139.525,3,"status quo"
"Ondo","ts_deaths",96.425,116.5,144.525,4,"status quo"
"Ondo","ts_deaths",102,120,144.05,5,"status quo"
"Ondo","ts_deaths",100.475,119,147.05,6,"status quo"
"Ondo","ts_deaths",92.95,121,144.15,7,"status quo"
"Ondo","ts_deaths",97.475,119,147.05,8,"status quo"
"Ondo","ts_deaths",98.475,119,141.575,9,"status quo"
"Ondo","ts_deaths",95.9,118,141.575,10,"status quo"
"Ondo","ts_exposures",1241,1374.5,1497.25,1,"status quo"
"Ondo","ts_exposures",1303.95,1425,1585.3,2,"status quo"
"Ondo","ts_exposures",1281.325,1443,1588.625,3,"status quo"
"Ondo","ts_exposures",1294.8,1444.5,1616.775,4,"status quo"
"Ondo","ts_exposures",1285.025,1463.5,1603.575,5,"status quo"
"Ondo","ts_exposures",1298.475,1452,1571.625,6,"status quo"
"Ondo","ts_exposures",1326.475,1461.5,1602.825,7,"status quo"
"Ondo","ts_exposures",1273.825,1450,1604.625,8,"status quo"
"Ondo","ts_exposures",1323.95,1451.5,1617.125,9,"status quo"
"Ondo","ts_exposures",1301.225,1457,1594.725,10,"status quo"
"Ondo","ts_exp_PEP",642.95,710,785.575,1,"status quo"
"Ondo","ts_exp_PEP",666.85,736.5,816.2,2,"status quo"
"Ondo","ts_exp_PEP",650.75,740,829.625,3,"status quo"
"Ondo","ts_exp_PEP",660.975,749.5,849.05,4,"status quo"
"Ondo","ts_exp_PEP",674.95,753,834.975,5,"status quo"
"Ondo","ts_exp_PEP",659.95,754,825.525,6,"status quo"
"Ondo","ts_exp_PEP",672.425,748,824.35,7,"status quo"
"Ondo","ts_exp_PEP",661.275,743.5,848.15,8,"status quo"
"Ondo","ts_exp_PEP",675.425,755,835.1,9,"status quo"
"Ondo","ts_exp_PEP",660.425,751.5,820.05,10,"status quo"
"Ondo","ts_vaccine_vials",1285.9,1420,1571.15,1,"status quo"
"Ondo","ts_vaccine_vials",1333.7,1473,1632.4,2,"status quo"
"Ondo","ts_vaccine_vials",1301.5,1480,1659.25,3,"status quo"
"Ondo","ts_vaccine_vials",1321.95,1499,1698.1,4,"status quo"
"Ondo","ts_vaccine_vials",1349.9,1506,1669.95,5,"status quo"
"Ondo","ts_vaccine_vials",1319.9,1508,1651.05,6,"status quo"
"Ondo","ts_vaccine_vials",1344.85,1496,1648.7,7,"status quo"
"Ondo","ts_vaccine_vials",1322.55,1487,1696.3,8,"status quo"
"Ondo","ts_vaccine_vials",1350.85,1510,1670.2,9,"status quo"
"Ondo","ts_vaccine_vials",1320.85,1503,1640.1,10,"status quo"
"Ondo","ts_rabid_dogs",3333.3265625,3641.2,3945.745625,1,"status quo"
"Ondo","ts_rabid_dogs",3518.6971875,3770.475,4057.4609375,2,"status quo"
"Ondo","ts_rabid_dogs",3453.5046875,3852.85,4134.8646875,3,"status quo"
"Ondo","ts_rabid_dogs",3597.7840625,3873.13125,4105.17875,4,"status quo"
"Ondo","ts_rabid_dogs",3452.63875,3836.23125,4175.008125,5,"status quo"
"Ondo","ts_rabid_dogs",3465.2134375,3871.38125,4154.6634375,6,"status quo"
"Ondo","ts_rabid_dogs",3582.8525,3857.03125,4119.50125,7,"status quo"
"Ondo","ts_rabid_dogs",3522.778125,3851.38125,4164.724375,8,"status quo"
"Ondo","ts_rabid_dogs",3563.9225,3880.81875,4196.63531250001,9,"status quo"
"Ondo","ts_rabid_dogs",3554.7990625,3845.05,4246.7978125,10,"status quo"
"Osun","ts_deaths",94,110,141,1,"status quo"
"Osun","ts_deaths",93.95,116,139,2,"status quo"
"Osun","ts_deaths",94.9,118,138.525,3,"status quo"
"Osun","ts_deaths",95.475,117,144.05,4,"status quo"
"Osun","ts_deaths",93,120,143.575,5,"status quo"
"Osun","ts_deaths",98,117,144,6,"status quo"
"Osun","ts_deaths",96,118,143.525,7,"status quo"
"Osun","ts_deaths",94.9,120.5,145.525,8,"status quo"
"Osun","ts_deaths",94.95,119,147,9,"status quo"
"Osun","ts_deaths",98.375,118.5,141.525,10,"status quo"
"Osun","ts_exposures",1229.65,1358,1495.825,1,"status quo"
"Osun","ts_exposures",1263.55,1419,1561.625,2,"status quo"
"Osun","ts_exposures",1272.85,1428.5,1583.05,3,"status quo"
"Osun","ts_exposures",1260,1426,1599.575,4,"status quo"
"Osun","ts_exposures",1302.8,1440,1618.15,5,"status quo"
"Osun","ts_exposures",1310.7,1437.5,1561.625,6,"status quo"
"Osun","ts_exposures",1277.85,1453,1581.825,7,"status quo"
"Osun","ts_exposures",1279.025,1445,1595.525,8,"status quo"
"Osun","ts_exposures",1295.425,1441,1569.525,9,"status quo"
"Osun","ts_exposures",1271.25,1442.5,1576.35,10,"status quo"
"Osun","ts_exp_PEP",633.425,696.5,772.575,1,"status quo"
"Osun","ts_exp_PEP",645.425,731,822.3,2,"status quo"
"Osun","ts_exp_PEP",649.95,741.5,835.575,3,"status quo"
"Osun","ts_exp_PEP",645.475,743,831.1,4,"status quo"
"Osun","ts_exp_PEP",666.475,748.5,843.675,5,"status quo"
"Osun","ts_exp_PEP",661.425,748,819.775,6,"status quo"
"Osun","ts_exp_PEP",651.425,745.5,823.05,7,"status quo"
"Osun","ts_exp_PEP",658.7,742,833.575,8,"status quo"
"Osun","ts_exp_PEP",668.8,745,818.975,9,"status quo"
"Osun","ts_exp_PEP",652.85,751,832.525,10,"status quo"
"Osun","ts_vaccine_vials",1266.85,1393,1545.15,1,"status quo"
"Osun","ts_vaccine_vials",1290.85,1462,1644.6,2,"status quo"
"Osun","ts_vaccine_vials",1299.9,1483,1671.15,3,"status quo"
"Osun","ts_vaccine_vials",1290.95,1486,1662.2,4,"status quo"
"Osun","ts_vaccine_vials",1332.95,1497,1687.35,5,"status quo"
"Osun","ts_vaccine_vials",1322.85,1496,1639.55,6,"status quo"
"Osun","ts_vaccine_vials",1302.85,1491,1646.1,7,"status quo"
"Osun","ts_vaccine_vials",1317.4,1484,1667.15,8,"status quo"
"Osun","ts_vaccine_vials",1337.6,1490,1637.95,9,"status quo"
"Osun","ts_vaccine_vials",1305.7,1502,1665.05,10,"status quo"
"Osun","ts_rabid_dogs",3214.576875,3596.1625,3886.48375,1,"status quo"
"Osun","ts_rabid_dogs",3430.0215625,3771.66875,4057.83,2,"status quo"
"Osun","ts_rabid_dogs",3451.7359375,3813.225,4119.680625,3,"status quo"
"Osun","ts_rabid_dogs",3449.43375,3785.83125,4154.0753125,4,"status quo"
"Osun","ts_rabid_dogs",3562.253125,3826.10625,4110.7853125,5,"status quo"
"Osun","ts_rabid_dogs",3552.3234375,3853.46875,4127.500625,6,"status quo"
"Osun","ts_rabid_dogs",3541.839375,3824.95000000001,4161.8353125,7,"status quo"
"Osun","ts_rabid_dogs",3514.26625,3835.60625,4182.079375,8,"status quo"
"Osun","ts_rabid_dogs",3419.761875,3851.59375,4143.5078125,9,"status quo"
"Osun","ts_rabid_dogs",3526.83,3828.65,4112.0390625,10,"status quo"
"Oyo","ts_deaths",156,186,217.525,1,"status quo"
"Oyo","ts_deaths",159,191.5,224,2,"status quo"
"Oyo","ts_deaths",163.425,192,224.05,3,"status quo"
"Oyo","ts_deaths",161.475,193,223.575,4,"status quo"
"Oyo","ts_deaths",165.425,198,225.1,5,"status quo"
"Oyo","ts_deaths",170,194,225.05,6,"status quo"
"Oyo","ts_deaths",165.95,194.5,221,7,"status quo"
"Oyo","ts_deaths",163.95,192,227.575,8,"status quo"
"Oyo","ts_deaths",162.375,195.5,221.525,9,"status quo"
"Oyo","ts_deaths",166.95,194,224,10,"status quo"
"Oyo","ts_exposures",2027.875,2236,2450.675,1,"status quo"
"Oyo","ts_exposures",2089.6,2332,2555.15,2,"status quo"
"Oyo","ts_exposures",2106.15,2353,2617.825,3,"status quo"
"Oyo","ts_exposures",2168.325,2381,2570.725,4,"status quo"
"Oyo","ts_exposures",2172.3,2364,2588.675,5,"status quo"
"Oyo","ts_exposures",2186.475,2379,2561.3,6,"status quo"
"Oyo","ts_exposures",2151.975,2377.5,2565.525,7,"status quo"
"Oyo","ts_exposures",2129.425,2379,2609.075,8,"status quo"
"Oyo","ts_exposures",2142.05,2372,2585.1,9,"status quo"
"Oyo","ts_exposures",2163.25,2360,2608.475,10,"status quo"
"Oyo","ts_exp_PEP",1041,1154.5,1253.15,1,"status quo"
"Oyo","ts_exp_PEP",1074.95,1209.5,1320.875,2,"status quo"
"Oyo","ts_exp_PEP",1104.7,1222,1364.825,3,"status quo"
"Oyo","ts_exp_PEP",1100.975,1233,1347.725,4,"status quo"
"Oyo","ts_exp_PEP",1114.7,1225.5,1344.775,5,"status quo"
"Oyo","ts_exp_PEP",1110.95,1237,1328.575,6,"status quo"
"Oyo","ts_exp_PEP",1089.375,1226,1358.6,7,"status quo"
"Oyo","ts_exp_PEP",1076.825,1229,1352.925,8,"status quo"
"Oyo","ts_exp_PEP",1106,1216.5,1351.625,9,"status quo"
"Oyo","ts_exp_PEP",1127.9,1229.5,1365.55,10,"status quo"
"Oyo","ts_vaccine_vials",2082,2309,2506.3,1,"status quo"
"Oyo","ts_vaccine_vials",2149.9,2419,2641.75,2,"status quo"
"Oyo","ts_vaccine_vials",2209.4,2444,2729.65,3,"status quo"
"Oyo","ts_vaccine_vials",2201.95,2466,2695.45,4,"status quo"
"Oyo","ts_vaccine_vials",2229.4,2451,2689.55,5,"status quo"
"Oyo","ts_vaccine_vials",2221.9,2474,2657.15,6,"status quo"
"Oyo","ts_vaccine_vials",2178.75,2452,2717.2,7,"status quo"
"Oyo","ts_vaccine_vials",2153.65,2458,2705.85,8,"status quo"
"Oyo","ts_vaccine_vials",2212,2433,2703.25,9,"status quo"
"Oyo","ts_vaccine_vials",2255.8,2459,2731.1,10,"status quo"
"Oyo","ts_rabid_dogs",5383.775625,5891.91875,6366.7096875,1,"status quo"
"Oyo","ts_rabid_dogs",5656.5325,6213.52500000001,6706.9084375,2,"status quo"
"Oyo","ts_rabid_dogs",5751.701875,6243.43749999999,6791.47656249999,3,"status quo"
"Oyo","ts_rabid_dogs",5836.6021875,6286.775,6797.7346875,4,"status quo"
"Oyo","ts_rabid_dogs",5856.611875,6346.49374999999,6736.9978125,5,"status quo"
"Oyo","ts_rabid_dogs",5904.87218749999,6296.59375000001,6733.36906249999,6,"status quo"
"Oyo","ts_rabid_dogs",5726.5309375,6234.89999999999,6743.7978125,7,"status quo"
"Oyo","ts_rabid_dogs",5795.2534375,6275.85625,6799.204375,8,"status quo"
"Oyo","ts_rabid_dogs",5784.71843749999,6254.46875,6722.32875,9,"status quo"
"Oyo","ts_rabid_dogs",5830.25,6252.18749999999,6701.6953125,10,"status quo"
"Plateau","ts_deaths",87,104.5,125.525,1,"status quo"
"Plateau","ts_deaths",86.9,107.5,133.575,2,"status quo"
"Plateau","ts_deaths",92.475,110.5,132.575,3,"status quo"
"Plateau","ts_deaths",88.95,110,132.05,4,"status quo"
"Plateau","ts_deaths",89,111,135.15,5,"status quo"
"Plateau","ts_deaths",93.475,114,135.05,6,"status quo"
"Plateau","ts_deaths",95,111,136.05,7,"status quo"
"Plateau","ts_deaths",91.95,113,132.575,8,"status quo"
"Plateau","ts_deaths",91.475,113.5,132,9,"status quo"
"Plateau","ts_deaths",90.475,109,133.575,10,"status quo"
"Plateau","ts_exposures",1138.975,1286,1423.05,1,"status quo"
"Plateau","ts_exposures",1190.1,1343,1451.15,2,"status quo"
"Plateau","ts_exposures",1171.8,1328.5,1485.125,3,"status quo"
"Plateau","ts_exposures",1225.65,1342.5,1485.05,4,"status quo"
"Plateau","ts_exposures",1227.425,1350.5,1472.05,5,"status quo"
"Plateau","ts_exposures",1233,1355.5,1468.575,6,"status quo"
"Plateau","ts_exposures",1208.825,1361,1501.55,7,"status quo"
"Plateau","ts_exposures",1251.375,1357,1499.75,8,"status quo"
"Plateau","ts_exposures",1222.325,1354,1503.775,9,"status quo"
"Plateau","ts_exposures",1217.325,1355,1480.1,10,"status quo"
"Plateau","ts_exp_PEP",581.375,666.5,771.525,1,"status quo"
"Plateau","ts_exp_PEP",611.7,695,763,2,"status quo"
"Plateau","ts_exp_PEP",597.475,681.5,777.1,3,"status quo"
"Plateau","ts_exp_PEP",617,695,779.05,4,"status quo"
"Plateau","ts_exp_PEP",629.425,699.5,773,5,"status quo"
"Plateau","ts_exp_PEP",620.85,697.5,763.525,6,"status quo"
"Plateau","ts_exp_PEP",630.425,698,789.875,7,"status quo"
"Plateau","ts_exp_PEP",643.425,704,789,8,"status quo"
"Plateau","ts_exp_PEP",639.425,703,783.075,9,"status quo"
"Plateau","ts_exp_PEP",614.975,700.5,792.5,10,"status quo"
"Plateau","ts_vaccine_vials",1162.75,1333,1543.05,1,"status quo"
"Plateau","ts_vaccine_vials",1223.4,1390,1526,2,"status quo"
"Plateau","ts_vaccine_vials",1194.95,1363,1554.2,3,"status quo"
"Plateau","ts_vaccine_vials",1234,1390,1558.1,4,"status quo"
"Plateau","ts_vaccine_vials",1258.85,1399,1546,5,"status quo"
"Plateau","ts_vaccine_vials",1241.7,1395,1527.05,6,"status quo"
"Plateau","ts_vaccine_vials",1260.85,1396,1579.75,7,"status quo"
"Plateau","ts_vaccine_vials",1286.85,1408,1578,8,"status quo"
"Plateau","ts_vaccine_vials",1278.85,1406,1566.15,9,"status quo"
"Plateau","ts_vaccine_vials",1229.95,1401,1585,10,"status quo"
"Plateau","ts_rabid_dogs",3082.8696875,3411.63125,3655.2928125,1,"status quo"
"Plateau","ts_rabid_dogs",3220.1259375,3554.525,3776.2521875,2,"status quo"
"Plateau","ts_rabid_dogs",3232.9265625,3547.89375,3861.5703125,3,"status quo"
"Plateau","ts_rabid_dogs",3333.8784375,3604.725,3839.330625,4,"status quo"
"Plateau","ts_rabid_dogs",3345.180625,3601.05625,3854.975625,5,"status quo"
"Plateau","ts_rabid_dogs",3337.7634375,3599.35625,3848.7621875,6,"status quo"
"Plateau","ts_rabid_dogs",3329.659375,3625.40625,3872.56375,7,"status quo"
"Plateau","ts_rabid_dogs",3376.9071875,3610.83125,3869.58312499999,8,"status quo"
"Plateau","ts_rabid_dogs",3323.42,3602.0875,3895.8684375,9,"status quo"
"Plateau","ts_rabid_dogs",3316.1809375,3597.95,3913.700625,10,"status quo"
"Rivers","ts_deaths",142.425,168.5,198.05,1,"status quo"
"Rivers","ts_deaths",145,179,201,2,"status quo"
"Rivers","ts_deaths",157.475,180,204.525,3,"status quo"
"Rivers","ts_deaths",141.375,180.5,216.15,4,"status quo"
"Rivers","ts_deaths",152.475,178.5,205.525,5,"status quo"
"Rivers","ts_deaths",144.475,182.5,207.525,6,"status quo"
"Rivers","ts_deaths",152,177.5,212,7,"status quo"
"Rivers","ts_deaths",152.95,182.5,210.2,8,"status quo"
"Rivers","ts_deaths",148.425,181,211.525,9,"status quo"
"Rivers","ts_deaths",149.375,180.5,210.1,10,"status quo"
"Rivers","ts_exposures",1878.575,2065.5,2299.825,1,"status quo"
"Rivers","ts_exposures",1978.95,2163.5,2408.525,2,"status quo"
"Rivers","ts_exposures",2005.275,2191,2431.9,3,"status quo"
"Rivers","ts_exposures",1947.575,2195,2358.525,4,"status quo"
"Rivers","ts_exposures",2042.9,2211,2386.2,5,"status quo"
"Rivers","ts_exposures",2009.3,2207,2378.05,6,"status quo"
"Rivers","ts_exposures",2003.625,2232,2426.575,7,"status quo"
"Rivers","ts_exposures",1990.325,2225,2398.05,8,"status quo"
"Rivers","ts_exposures",2007.475,2213.5,2392.025,9,"status quo"
"Rivers","ts_exposures",1992.275,2205.5,2381.475,10,"status quo"
"Rivers","ts_exp_PEP",971.475,1075.5,1197.625,1,"status quo"
"Rivers","ts_exp_PEP",1016.9,1119.5,1252.1,2,"status quo"
"Rivers","ts_exp_PEP",1023.3,1131.5,1263.625,3,"status quo"
"Rivers","ts_exp_PEP",1020.45,1141.5,1237.575,4,"status quo"
"Rivers","ts_exp_PEP",1042.7,1148,1262.225,5,"status quo"
"Rivers","ts_exp_PEP",1031.475,1142.5,1247.1,6,"status quo"
"Rivers","ts_exp_PEP",1018.475,1145,1262.775,7,"status quo"
"Rivers","ts_exp_PEP",1024.9,1150.5,1251.575,8,"status quo"
"Rivers","ts_exp_PEP",1036.325,1142,1260.725,9,"status quo"
"Rivers","ts_exp_PEP",1042.95,1134,1234.525,10,"status quo"
"Rivers","ts_vaccine_vials",1942.95,2151,2395.25,1,"status quo"
"Rivers","ts_vaccine_vials",2033.8,2239,2504.2,2,"status quo"
"Rivers","ts_vaccine_vials",2046.6,2263,2527.25,3,"status quo"
"Rivers","ts_vaccine_vials",2040.9,2283,2475.15,4,"status quo"
"Rivers","ts_vaccine_vials",2085.4,2296,2524.45,5,"status quo"
"Rivers","ts_vaccine_vials",2062.95,2285,2494.2,6,"status quo"
"Rivers","ts_vaccine_vials",2036.95,2290,2525.55,7,"status quo"
"Rivers","ts_vaccine_vials",2049.8,2301,2503.15,8,"status quo"
"Rivers","ts_vaccine_vials",2072.65,2284,2521.45,9,"status quo"
"Rivers","ts_vaccine_vials",2085.9,2268,2469.05,10,"status quo"
"Rivers","ts_rabid_dogs",4980.26875,5439.70625,5979.6465625,1,"status quo"
"Rivers","ts_rabid_dogs",5281.6525,5713.9375,6264.82531249999,2,"status quo"
"Rivers","ts_rabid_dogs",5398.933125,5799.4625,6221.5234375,3,"status quo"
"Rivers","ts_rabid_dogs",5258.1575,5833.26875000001,6165.8246875,4,"status quo"
"Rivers","ts_rabid_dogs",5374.2890625,5878.40624999999,6256.7571875,5,"status quo"
"Rivers","ts_rabid_dogs",5316.326875,5846,6303.5678125,6,"status quo"
"Rivers","ts_rabid_dogs",5396.2840625,5873.35,6238.39343749999,7,"status quo"
"Rivers","ts_rabid_dogs",5405.7478125,5888.4375,6276.2671875,8,"status quo"
"Rivers","ts_rabid_dogs",5354.8959375,5827.40625,6211.8196875,9,"status quo"
"Rivers","ts_rabid_dogs",5330.738125,5837.6875,6233.795625,10,"status quo"
"Sokoto","ts_deaths",95.95,121,148.575,1,"status quo"
"Sokoto","ts_deaths",106,127.5,152.525,2,"status quo"
"Sokoto","ts_deaths",98.95,126,151.525,3,"status quo"
"Sokoto","ts_deaths",105.425,126,150,4,"status quo"
"Sokoto","ts_deaths",107,126.5,158.05,5,"status quo"
"Sokoto","ts_deaths",106.475,128.5,154.525,6,"status quo"
"Sokoto","ts_deaths",104,129,158,7,"status quo"
"Sokoto","ts_deaths",102.425,131,156.575,8,"status quo"
"Sokoto","ts_deaths",107,130,157.575,9,"status quo"
"Sokoto","ts_deaths",102.85,127.5,153.525,10,"status quo"
"Sokoto","ts_exposures",1320.9,1478,1649.925,1,"status quo"
"Sokoto","ts_exposures",1410.8,1536,1733.45,2,"status quo"
"Sokoto","ts_exposures",1382.225,1547.5,1701.775,3,"status quo"
"Sokoto","ts_exposures",1411.9,1561,1723.05,4,"status quo"
"Sokoto","ts_exposures",1431.75,1567,1723.7,5,"status quo"
"Sokoto","ts_exposures",1450.425,1582.5,1708.525,6,"status quo"
"Sokoto","ts_exposures",1436.65,1561,1698.25,7,"status quo"
"Sokoto","ts_exposures",1405.45,1578.5,1740.725,8,"status quo"
"Sokoto","ts_exposures",1412.85,1576,1732.4,9,"status quo"
"Sokoto","ts_exposures",1394.525,1569.5,1704.1,10,"status quo"
"Sokoto","ts_exp_PEP",687.475,764.5,857.05,1,"status quo"
"Sokoto","ts_exp_PEP",723.325,789.5,909.1,2,"status quo"
"Sokoto","ts_exp_PEP",713.175,800,876.525,3,"status quo"
"Sokoto","ts_exp_PEP",733.425,804,901.625,4,"status quo"
"Sokoto","ts_exp_PEP",727.85,819,898.15,5,"status quo"
"Sokoto","ts_exp_PEP",745.8,814.5,894.525,6,"status quo"
"Sokoto","ts_exp_PEP",734.125,808.5,900.05,7,"status quo"
"Sokoto","ts_exp_PEP",731.275,809.5,903.725,8,"status quo"
"Sokoto","ts_exp_PEP",723.325,812,908.525,9,"status quo"
"Sokoto","ts_exp_PEP",716.225,804.5,898.2,10,"status quo"
"Sokoto","ts_vaccine_vials",1374.95,1529,1714.1,1,"status quo"
"Sokoto","ts_vaccine_vials",1446.65,1579,1818.2,2,"status quo"
"Sokoto","ts_vaccine_vials",1426.35,1600,1753.05,3,"status quo"
"Sokoto","ts_vaccine_vials",1466.85,1608,1803.25,4,"status quo"
"Sokoto","ts_vaccine_vials",1455.7,1638,1796.3,5,"status quo"
"Sokoto","ts_vaccine_vials",1491.6,1629,1789.05,6,"status quo"
"Sokoto","ts_vaccine_vials",1468.25,1617,1800.1,7,"status quo"
"Sokoto","ts_vaccine_vials",1462.55,1619,1807.45,8,"status quo"
"Sokoto","ts_vaccine_vials",1446.65,1624,1817.05,9,"status quo"
"Sokoto","ts_vaccine_vials",1432.45,1609,1796.4,10,"status quo"
"Sokoto","ts_rabid_dogs",3552.161875,3918.34375,4239.6496875,1,"status quo"
"Sokoto","ts_rabid_dogs",3815.985625,4079.4,4516.458125,2,"status quo"
"Sokoto","ts_rabid_dogs",3777.9190625,4108.2125,4448.1653125,3,"status quo"
"Sokoto","ts_rabid_dogs",3789.068125,4144.25,4512.4746875,4,"status quo"
"Sokoto","ts_rabid_dogs",3875.2559375,4177.3,4499.3384375,5,"status quo"
"Sokoto","ts_rabid_dogs",3892.6465625,4188.5875,4464.26375,6,"status quo"
"Sokoto","ts_rabid_dogs",3859.3615625,4163.4125,4450.3546875,7,"status quo"
"Sokoto","ts_rabid_dogs",3879.18625,4163.925,4550.51625,8,"status quo"
"Sokoto","ts_rabid_dogs",3776.6953125,4169.075,4499.3165625,9,"status quo"
"Sokoto","ts_rabid_dogs",3848.784375,4165.1125,4425.16625,10,"status quo"
"Taraba","ts_deaths",59,74,92.05,1,"status quo"
"Taraba","ts_deaths",60.425,77,93.525,2,"status quo"
"Taraba","ts_deaths",64,79,103.575,3,"status quo"
"Taraba","ts_deaths",60.425,77,93.525,4,"status quo"
"Taraba","ts_deaths",59.475,79,99.525,5,"status quo"
"Taraba","ts_deaths",59.475,78,96,6,"status quo"
"Taraba","ts_deaths",58.95,80,94,7,"status quo"
"Taraba","ts_deaths",62.425,79,98.525,8,"status quo"
"Taraba","ts_deaths",60,76,98.525,9,"status quo"
"Taraba","ts_deaths",63.475,78,93.525,10,"status quo"
"Taraba","ts_exposures",779.9,897,1033.725,1,"status quo"
"Taraba","ts_exposures",846.95,946,1049.45,2,"status quo"
"Taraba","ts_exposures",838.2,962,1085.6,3,"status quo"
"Taraba","ts_exposures",834.775,956.5,1070.3,4,"status quo"
"Taraba","ts_exposures",835,974,1085.575,5,"status quo"
"Taraba","ts_exposures",836.9,959.5,1090.775,6,"status quo"
"Taraba","ts_exposures",846.65,957,1061.675,7,"status quo"
"Taraba","ts_exposures",867.9,962.5,1070.525,8,"status quo"
"Taraba","ts_exposures",838.375,954.5,1052.725,9,"status quo"
"Taraba","ts_exposures",839,958,1098.95,10,"status quo"
"Taraba","ts_exp_PEP",406.475,462,541.525,1,"status quo"
"Taraba","ts_exp_PEP",429.9,486,549.2,2,"status quo"
"Taraba","ts_exp_PEP",440.475,500,559.1,3,"status quo"
"Taraba","ts_exp_PEP",423.8,500,561.725,4,"status quo"
"Taraba","ts_exp_PEP",424.85,502,561.15,5,"status quo"
"Taraba","ts_exp_PEP",416.375,498,568,6,"status quo"
"Taraba","ts_exp_PEP",422.425,497.5,566.525,7,"status quo"
"Taraba","ts_exp_PEP",442,500,558.775,8,"status quo"
"Taraba","ts_exp_PEP",432.9,496,549,9,"status quo"
"Taraba","ts_exp_PEP",425.425,493.5,568.675,10,"status quo"
"Taraba","ts_vaccine_vials",812.95,924,1083.05,1,"status quo"
"Taraba","ts_vaccine_vials",859.8,972,1098.4,2,"status quo"
"Taraba","ts_vaccine_vials",880.95,1000,1118.2,3,"status quo"
"Taraba","ts_vaccine_vials",847.6,1000,1123.45,4,"status quo"
"Taraba","ts_vaccine_vials",849.7,1004,1122.3,5,"status quo"
"Taraba","ts_vaccine_vials",832.75,996,1136,6,"status quo"
"Taraba","ts_vaccine_vials",844.85,995,1133.05,7,"status quo"
"Taraba","ts_vaccine_vials",884,1000,1117.55,8,"status quo"
"Taraba","ts_vaccine_vials",865.8,992,1098,9,"status quo"
"Taraba","ts_vaccine_vials",850.85,987,1137.35,10,"status quo"
"Taraba","ts_rabid_dogs",2227.34125,2426.14375,2605.5571875,1,"status quo"
"Taraba","ts_rabid_dogs",2314.110625,2519.1375,2760.3778125,2,"status quo"
"Taraba","ts_rabid_dogs",2301.800625,2554.8125,2774.080625,3,"status quo"
"Taraba","ts_rabid_dogs",2327.653125,2567.7125,2797.2596875,4,"status quo"
"Taraba","ts_rabid_dogs",2331.7434375,2557.525,2813.9421875,5,"status quo"
"Taraba","ts_rabid_dogs",2330.57125,2579.86875,2784.1834375,6,"status quo"
"Taraba","ts_rabid_dogs",2319.0578125,2560.70625,2790.0628125,7,"status quo"
"Taraba","ts_rabid_dogs",2352.3828125,2560.53125,2784.306875,8,"status quo"
"Taraba","ts_rabid_dogs",2344.28375,2566.75,2764.5940625,9,"status quo"
"Taraba","ts_rabid_dogs",2344.1040625,2562.4,2795.2609375,10,"status quo"
"Yobe","ts_deaths",57.475,76.5,99.05,1,"status quo"
"Yobe","ts_deaths",62.475,78,97.525,2,"status quo"
"Yobe","ts_deaths",65.475,79,100,3,"status quo"
"Yobe","ts_deaths",60,79.5,94.05,4,"status quo"
"Yobe","ts_deaths",59.475,80,98.525,5,"status quo"
"Yobe","ts_deaths",62,80,97.575,6,"status quo"
"Yobe","ts_deaths",62.95,80,101.525,7,"status quo"
"Yobe","ts_deaths",64.475,81,102.575,8,"status quo"
"Yobe","ts_deaths",60,79,100.525,9,"status quo"
"Yobe","ts_deaths",61.95,80,99,10,"status quo"
"Yobe","ts_exposures",802.775,919.5,1025.625,1,"status quo"
"Yobe","ts_exposures",850.275,959.5,1064.05,2,"status quo"
"Yobe","ts_exposures",862.95,967,1072.05,3,"status quo"
"Yobe","ts_exposures",860.475,971.5,1069.825,4,"status quo"
"Yobe","ts_exposures",863.075,982.5,1064.775,5,"status quo"
"Yobe","ts_exposures",864.75,969,1082.725,6,"status quo"
"Yobe","ts_exposures",864.475,974,1056.3,7,"status quo"
"Yobe","ts_exposures",882.475,970.5,1104.25,8,"status quo"
"Yobe","ts_exposures",856.125,958.5,1065.55,9,"status quo"
"Yobe","ts_exposures",890.375,987,1068.3,10,"status quo"
"Yobe","ts_exp_PEP",400.55,472,545.1,1,"status quo"
"Yobe","ts_exp_PEP",429.325,500,564.625,2,"status quo"
"Yobe","ts_exp_PEP",428.375,501.5,555.15,3,"status quo"
"Yobe","ts_exp_PEP",437.9,502,563.15,4,"status quo"
"Yobe","ts_exp_PEP",439.375,507.5,562.35,5,"status quo"
"Yobe","ts_exp_PEP",439.75,504,587.825,6,"status quo"
"Yobe","ts_exp_PEP",450.475,503.5,559.05,7,"status quo"
"Yobe","ts_exp_PEP",438.7,506.5,583.675,8,"status quo"
"Yobe","ts_exp_PEP",435.6,496,563.525,9,"status quo"
"Yobe","ts_exp_PEP",458.475,508,561.625,10,"status quo"
"Yobe","ts_vaccine_vials",801.1,944,1090.2,1,"status quo"
"Yobe","ts_vaccine_vials",858.65,1000,1129.25,2,"status quo"
"Yobe","ts_vaccine_vials",856.75,1003,1110.3,3,"status quo"
"Yobe","ts_vaccine_vials",875.8,1004,1126.3,4,"status quo"
"Yobe","ts_vaccine_vials",878.75,1015,1124.7,5,"status quo"
"Yobe","ts_vaccine_vials",879.5,1008,1175.65,6,"status quo"
"Yobe","ts_vaccine_vials",900.95,1007,1118.1,7,"status quo"
"Yobe","ts_vaccine_vials",877.4,1013,1167.35,8,"status quo"
"Yobe","ts_vaccine_vials",871.2,992,1127.05,9,"status quo"
"Yobe","ts_vaccine_vials",916.95,1016,1123.25,10,"status quo"
"Yobe","ts_rabid_dogs",2204.49625,2453.775,2619.08125,1,"status quo"
"Yobe","ts_rabid_dogs",2354.86875,2558.06875,2716.5115625,2,"status quo"
"Yobe","ts_rabid_dogs",2322.4809375,2578.525,2761.650625,3,"status quo"
"Yobe","ts_rabid_dogs",2379.3928125,2578.73125,2804.8221875,4,"status quo"
"Yobe","ts_rabid_dogs",2380.2634375,2587.05,2803.5671875,5,"status quo"
"Yobe","ts_rabid_dogs",2396.951875,2588.38125,2792.71875,6,"status quo"
"Yobe","ts_rabid_dogs",2379.4171875,2584.05,2764.3828125,7,"status quo"
"Yobe","ts_rabid_dogs",2343.80625,2596.84375,2789.2075,8,"status quo"
"Yobe","ts_rabid_dogs",2352.795,2580.3875,2799.78,9,"status quo"
"Yobe","ts_rabid_dogs",2378.1803125,2597.6,2830.2221875,10,"status quo"
"Zamfara","ts_deaths",83.475,104.5,126.1,1,"status quo"
"Zamfara","ts_deaths",93.475,113,140.525,2,"status quo"
"Zamfara","ts_deaths",85.325,111,139.15,3,"status quo"
"Zamfara","ts_deaths",96,112,134.575,4,"status quo"
"Zamfara","ts_deaths",88.325,115,135,5,"status quo"
"Zamfara","ts_deaths",91.475,112.5,138.625,6,"status quo"
"Zamfara","ts_deaths",93,113,140.525,7,"status quo"
"Zamfara","ts_deaths",92.425,112.5,141.05,8,"status quo"
"Zamfara","ts_deaths",90.475,113,128.525,9,"status quo"
"Zamfara","ts_deaths",81,112.5,136.525,10,"status quo"
"Zamfara","ts_exposures",1136.6,1299,1436,1,"status quo"
"Zamfara","ts_exposures",1192.8,1355,1495.575,2,"status quo"
"Zamfara","ts_exposures",1212.45,1366,1530.55,3,"status quo"
"Zamfara","ts_exposures",1253.225,1365,1514.45,4,"status quo"
"Zamfara","ts_exposures",1250.325,1374,1506.1,5,"status quo"
"Zamfara","ts_exposures",1228.025,1357,1540.375,6,"status quo"
"Zamfara","ts_exposures",1228.85,1379,1513.825,7,"status quo"
"Zamfara","ts_exposures",1230.875,1377.5,1550.025,8,"status quo"
"Zamfara","ts_exposures",1236.475,1388,1516.5,9,"status quo"
"Zamfara","ts_exposures",1212.85,1372.5,1534.15,10,"status quo"
"Zamfara","ts_exp_PEP",583,666,744.825,1,"status quo"
"Zamfara","ts_exp_PEP",622.375,711,784.575,2,"status quo"
"Zamfara","ts_exp_PEP",618.325,707.5,790.625,3,"status quo"
"Zamfara","ts_exp_PEP",637.475,707,781,4,"status quo"
"Zamfara","ts_exp_PEP",640.9,712,791.525,5,"status quo"
"Zamfara","ts_exp_PEP",627.925,709,790.625,6,"status quo"
"Zamfara","ts_exp_PEP",632.375,713,783.525,7,"status quo"
"Zamfara","ts_exp_PEP",629.9,712.5,817.15,8,"status quo"
"Zamfara","ts_exp_PEP",623.9,715,795.875,9,"status quo"
"Zamfara","ts_exp_PEP",632.475,704.5,804.05,10,"status quo"
"Zamfara","ts_vaccine_vials",1166,1332,1489.65,1,"status quo"
"Zamfara","ts_vaccine_vials",1244.75,1422,1569.15,2,"status quo"
"Zamfara","ts_vaccine_vials",1236.65,1415,1581.25,3,"status quo"
"Zamfara","ts_vaccine_vials",1274.95,1414,1562,4,"status quo"
"Zamfara","ts_vaccine_vials",1281.8,1424,1583.05,5,"status quo"
"Zamfara","ts_vaccine_vials",1255.85,1418,1581.25,6,"status quo"
"Zamfara","ts_vaccine_vials",1264.75,1426,1567.05,7,"status quo"
"Zamfara","ts_vaccine_vials",1259.8,1425,1634.3,8,"status quo"
"Zamfara","ts_vaccine_vials",1247.8,1430,1591.75,9,"status quo"
"Zamfara","ts_vaccine_vials",1264.95,1409,1608.1,10,"status quo"
"Zamfara","ts_rabid_dogs",3099.9084375,3421.5,3722.0678125,1,"status quo"
"Zamfara","ts_rabid_dogs",3310.8475,3592.78125,3958.7096875,2,"status quo"
"Zamfara","ts_rabid_dogs",3254.75125,3670.2375,3988.1484375,3,"status quo"
"Zamfara","ts_rabid_dogs",3411.553125,3638.94375,3914.975,4,"status quo"
"Zamfara","ts_rabid_dogs",3376.7746875,3682.5875,3966.8225,5,"status quo"
"Zamfara","ts_rabid_dogs",3391.5234375,3651.86875,4013.1496875,6,"status quo"
"Zamfara","ts_rabid_dogs",3348.293125,3655.94375,3973.9271875,7,"status quo"
"Zamfara","ts_rabid_dogs",3366.1909375,3663.7375,4021.0221875,8,"status quo"
"Zamfara","ts_rabid_dogs",3318.7840625,3646.61875,4006.7309375,9,"status quo"
"Zamfara","ts_rabid_dogs",3358.5296875,3647.95,3982.863125,10,"status quo"
"Federal Capital Territory","ts_deaths",30.475,43.5,60.525,1,"status quo"
"Federal Capital Territory","ts_deaths",33.475,46,56,2,"status quo"
"Federal Capital Territory","ts_deaths",35.475,46,63.525,3,"status quo"
"Federal Capital Territory","ts_deaths",36,47,60,4,"status quo"
"Federal Capital Territory","ts_deaths",32,46,60.05,5,"status quo"
"Federal Capital Territory","ts_deaths",34,48,61.05,6,"status quo"
"Federal Capital Territory","ts_deaths",33.475,48,60,7,"status quo"
"Federal Capital Territory","ts_deaths",32.95,45,59,8,"status quo"
"Federal Capital Territory","ts_deaths",32,46,61.1,9,"status quo"
"Federal Capital Territory","ts_deaths",35.475,48,63.525,10,"status quo"
"Federal Capital Territory","ts_exposures",468.95,542,602.05,1,"status quo"
"Federal Capital Territory","ts_exposures",502.475,565.5,629.525,2,"status quo"
"Federal Capital Territory","ts_exposures",502.475,564.5,646.525,3,"status quo"
"Federal Capital Territory","ts_exposures",499.95,574.5,650.1,4,"status quo"
"Federal Capital Territory","ts_exposures",495.35,577.5,647.525,5,"status quo"
"Federal Capital Territory","ts_exposures",516.475,576,656.725,6,"status quo"
"Federal Capital Territory","ts_exposures",490.475,572.5,627.625,7,"status quo"
"Federal Capital Territory","ts_exposures",500.475,573.5,638.1,8,"status quo"
"Federal Capital Territory","ts_exposures",497.375,568.5,649.35,9,"status quo"
"Federal Capital Territory","ts_exposures",512.475,573.5,648.625,10,"status quo"
"Federal Capital Territory","ts_exp_PEP",244.475,280.5,323.575,1,"status quo"
"Federal Capital Territory","ts_exp_PEP",249.95,288.5,339.525,2,"status quo"
"Federal Capital Territory","ts_exp_PEP",248.375,290,340.625,3,"status quo"
"Federal Capital Territory","ts_exp_PEP",249.95,296.5,346.45,4,"status quo"
"Federal Capital Territory","ts_exp_PEP",245.9,294.5,337.525,5,"status quo"
"Federal Capital Territory","ts_exp_PEP",255.475,298,348.575,6,"status quo"
"Federal Capital Territory","ts_exp_PEP",247.8,295,334.625,7,"status quo"
"Federal Capital Territory","ts_exp_PEP",255.9,300.5,347,8,"status quo"
"Federal Capital Territory","ts_exp_PEP",252.375,297,343.05,9,"status quo"
"Federal Capital Territory","ts_exp_PEP",251.325,294,346,10,"status quo"
"Federal Capital Territory","ts_vaccine_vials",488.95,561,647.15,1,"status quo"
"Federal Capital Territory","ts_vaccine_vials",499.9,577,679.05,2,"status quo"
"Federal Capital Territory","ts_vaccine_vials",496.75,580,681.25,3,"status quo"
"Federal Capital Territory","ts_vaccine_vials",499.9,593,692.9,4,"status quo"
"Federal Capital Territory","ts_vaccine_vials",491.8,589,675.05,5,"status quo"
"Federal Capital Territory","ts_vaccine_vials",510.95,596,697.15,6,"status quo"
"Federal Capital Territory","ts_vaccine_vials",495.6,590,669.25,7,"status quo"
"Federal Capital Territory","ts_vaccine_vials",511.8,601,694,8,"status quo"
"Federal Capital Territory","ts_vaccine_vials",504.75,594,686.1,9,"status quo"
"Federal Capital Territory","ts_vaccine_vials",502.65,588,692,10,"status quo"
"Federal Capital Territory","ts_rabid_dogs",1354.3515625,1449.0875,1582.4221875,1,"status quo"
"Federal Capital Territory","ts_rabid_dogs",1373.4340625,1522.25625,1644.178125,2,"status quo"
"Federal Capital Territory","ts_rabid_dogs",1405.6378125,1530.9125,1649.1978125,3,"status quo"
"Federal Capital Territory","ts_rabid_dogs",1413.5821875,1537.89375,1701.92875,4,"status quo"
"Federal Capital Territory","ts_rabid_dogs",1431.875625,1533.9875,1688.621875,5,"status quo"
"Federal Capital Territory","ts_rabid_dogs",1443.1128125,1549.95625,1700.4928125,6,"status quo"
"Federal Capital Territory","ts_rabid_dogs",1425.1175,1545.70625,1715.9915625,7,"status quo"
"Federal Capital Territory","ts_rabid_dogs",1431.3821875,1535.85625,1681.4653125,8,"status quo"
"Federal Capital Territory","ts_rabid_dogs",1422.5675,1540.7125,1675.2809375,9,"status quo"
"Federal Capital Territory","ts_rabid_dogs",1445.34125,1549.20625,1671.4134375,10,"status quo"
