"state","output","LL","Median","UL","year","scenario"
"Abia","ts_deaths",227.975,271.5,321,1,"status quo"
"Abia","ts_deaths",242,292,343.025,2,"status quo"
"Abia","ts_deaths",256,302,353,3,"status quo"
"Abia","ts_deaths",259,307,359,4,"status quo"
"Abia","ts_deaths",260,308,362,5,"status quo"
"Abia","ts_deaths",262.975,312,363,6,"status quo"
"Abia","ts_deaths",265,314,362,7,"status quo"
"Abia","ts_deaths",259,310,365,8,"status quo"
"Abia","ts_deaths",264,312,361.025,9,"status quo"
"Abia","ts_deaths",264.975,312,363,10,"status quo"
"Abia","ts_exposures",3283.575,3800.5,4287.125,1,"status quo"
"Abia","ts_exposures",3551.85,4083,4601.075,2,"status quo"
"Abia","ts_exposures",3694.9,4216,4757.3,3,"status quo"
"Abia","ts_exposures",3739.775,4288.5,4813.025,4,"status quo"
"Abia","ts_exposures",3810.875,4311,4882.025,5,"status quo"
"Abia","ts_exposures",3860.875,4347,4874.025,6,"status quo"
"Abia","ts_exposures",3840.975,4345.5,4895,7,"status quo"
"Abia","ts_exposures",3841.975,4351,4899.025,8,"status quo"
"Abia","ts_exposures",3836.6,4362,4871.025,9,"status quo"
"Abia","ts_exposures",3858.825,4368,4895.025,10,"status quo"
"Abia","ts_exp_PEP",1896.95,2198,2495.075,1,"status quo"
"Abia","ts_exp_PEP",2056.8,2357.5,2664.025,2,"status quo"
"Abia","ts_exp_PEP",2121.95,2438,2760.025,3,"status quo"
"Abia","ts_exp_PEP",2155.925,2479.5,2777.15,4,"status quo"
"Abia","ts_exp_PEP",2207.975,2495,2827.025,5,"status quo"
"Abia","ts_exp_PEP",2229.975,2516.5,2826.1,6,"status quo"
"Abia","ts_exp_PEP",2221.95,2510,2845,7,"status quo"
"Abia","ts_exp_PEP",2214,2514,2852.025,8,"status quo"
"Abia","ts_exp_PEP",2198.925,2522.5,2832,9,"status quo"
"Abia","ts_exp_PEP",2227.825,2532,2844.075,10,"status quo"
"Abia","ts_vaccine_vials",3793.9,4396,4990.15,1,"status quo"
"Abia","ts_vaccine_vials",4113.6,4715,5328.05,2,"status quo"
"Abia","ts_vaccine_vials",4243.9,4876,5520.05,3,"status quo"
"Abia","ts_vaccine_vials",4311.85,4959,5554.3,4,"status quo"
"Abia","ts_vaccine_vials",4415.95,4990,5654.05,5,"status quo"
"Abia","ts_vaccine_vials",4459.95,5033,5652.2,6,"status quo"
"Abia","ts_vaccine_vials",4443.9,5020,5690,7,"status quo"
"Abia","ts_vaccine_vials",4428,5028,5704.05,8,"status quo"
"Abia","ts_vaccine_vials",4397.85,5045,5664,9,"status quo"
"Abia","ts_vaccine_vials",4455.65,5064,5688.15,10,"status quo"
"Abia","ts_rabid_dogs",8727.164375,10016.65,11214.048125,1,"status quo"
"Abia","ts_rabid_dogs",9391.915,10788.89375,12130.6503125,2,"status quo"
"Abia","ts_rabid_dogs",9790.1978125,11107.8125,12441.99125,3,"status quo"
"Abia","ts_rabid_dogs",9901.0075,11327.95,12616.7921875,4,"status quo"
"Abia","ts_rabid_dogs",10092.0071875,11399.25,12764.5975,5,"status quo"
"Abia","ts_rabid_dogs",10206.7453125,11459.76875,12771.4109375,6,"status quo"
"Abia","ts_rabid_dogs",10196.8115625,11480.74375,12862.036875,7,"status quo"
"Abia","ts_rabid_dogs",10186.4228125,11516.28125,12820.803125,8,"status quo"
"Abia","ts_rabid_dogs",10162.713125,11518.70625,12861.813125,9,"status quo"
"Abia","ts_rabid_dogs",10239.428125,11515.175,12884.379375,10,"status quo"
"Adamawa","ts_deaths",106,131,159,1,"status quo"
"Adamawa","ts_deaths",110,133.5,159,2,"status quo"
"Adamawa","ts_deaths",109,136,163,3,"status quo"
"Adamawa","ts_deaths",111,134,162,4,"status quo"
"Adamawa","ts_deaths",112,134,162,5,"status quo"
"Adamawa","ts_deaths",111,135,162,6,"status quo"
"Adamawa","ts_deaths",109,135,159,7,"status quo"
"Adamawa","ts_deaths",110,136,160,8,"status quo"
"Adamawa","ts_deaths",110,135,160.025,9,"status quo"
"Adamawa","ts_deaths",111.975,134,159,10,"status quo"
"Adamawa","ts_exposures",1205,1328,1456.025,1,"status quo"
"Adamawa","ts_exposures",1233,1356,1485,2,"status quo"
"Adamawa","ts_exposures",1242,1366,1496.025,3,"status quo"
"Adamawa","ts_exposures",1238,1364,1493.075,4,"status quo"
"Adamawa","ts_exposures",1237.925,1358,1488.025,5,"status quo"
"Adamawa","ts_exposures",1239.975,1364,1495.025,6,"status quo"
"Adamawa","ts_exposures",1223.95,1361,1490.05,7,"status quo"
"Adamawa","ts_exposures",1232.925,1365,1490.025,8,"status quo"
"Adamawa","ts_exposures",1232.95,1364,1501.05,9,"status quo"
"Adamawa","ts_exposures",1228.975,1366,1503.025,10,"status quo"
"Adamawa","ts_exp_PEP",493,556,618,1,"status quo"
"Adamawa","ts_exp_PEP",503.975,567,632.025,2,"status quo"
"Adamawa","ts_exp_PEP",505,568,631.025,3,"status quo"
"Adamawa","ts_exp_PEP",508,569,638,4,"status quo"
"Adamawa","ts_exp_PEP",505,568,631.05,5,"status quo"
"Adamawa","ts_exp_PEP",503,570,637,6,"status quo"
"Adamawa","ts_exp_PEP",500,568,631,7,"status quo"
"Adamawa","ts_exp_PEP",503,571,633.05,8,"status quo"
"Adamawa","ts_exp_PEP",502.975,570,638.025,9,"status quo"
"Adamawa","ts_exp_PEP",507,571,644.05,10,"status quo"
"Adamawa","ts_vaccine_vials",986,1112,1236,1,"status quo"
"Adamawa","ts_vaccine_vials",1007.95,1134,1264.05,2,"status quo"
"Adamawa","ts_vaccine_vials",1010,1136,1262.05,3,"status quo"
"Adamawa","ts_vaccine_vials",1016,1138,1276,4,"status quo"
"Adamawa","ts_vaccine_vials",1010,1136,1262.1,5,"status quo"
"Adamawa","ts_vaccine_vials",1006,1140,1274,6,"status quo"
"Adamawa","ts_vaccine_vials",1000,1136,1262,7,"status quo"
"Adamawa","ts_vaccine_vials",1006,1142,1266.1,8,"status quo"
"Adamawa","ts_vaccine_vials",1005.95,1140,1276.05,9,"status quo"
"Adamawa","ts_vaccine_vials",1014,1142,1288.1,10,"status quo"
"Adamawa","ts_rabid_dogs",3282.7328125,3534.88125,3781.9928125,1,"status quo"
"Adamawa","ts_rabid_dogs",3359.93468750001,3612.6,3850.606875,2,"status quo"
"Adamawa","ts_rabid_dogs",3386.5053125,3631.25,3867.389375,3,"status quo"
"Adamawa","ts_rabid_dogs",3392.84,3634.3375,3874.30125,4,"status quo"
"Adamawa","ts_rabid_dogs",3393.71375,3629.4375,3870.08593750001,5,"status quo"
"Adamawa","ts_rabid_dogs",3379.498125,3625.9625,3864.7303125,6,"status quo"
"Adamawa","ts_rabid_dogs",3387.889375,3627.25,3883.38062500001,7,"status quo"
"Adamawa","ts_rabid_dogs",3383.549375,3629.0875,3880.82781250001,8,"status quo"
"Adamawa","ts_rabid_dogs",3372.53125,3626.69375,3870.73499999999,9,"status quo"
"Adamawa","ts_rabid_dogs",3383.3965625,3629.4875,3861.0321875,10,"status quo"
"Akwa Ibom","ts_deaths",211,258,307,1,"status quo"
"Akwa Ibom","ts_deaths",223.975,275,329,2,"status quo"
"Akwa Ibom","ts_deaths",232,285,342,3,"status quo"
"Akwa Ibom","ts_deaths",238,291,352.025,4,"status quo"
"Akwa Ibom","ts_deaths",239,295,352,5,"status quo"
"Akwa Ibom","ts_deaths",242,296,354,6,"status quo"
"Akwa Ibom","ts_deaths",245.975,296.5,356.05,7,"status quo"
"Akwa Ibom","ts_deaths",246,300,357.025,8,"status quo"
"Akwa Ibom","ts_deaths",246.975,302,360,9,"status quo"
"Akwa Ibom","ts_deaths",244.975,299,356,10,"status quo"
"Akwa Ibom","ts_exposures",3329.875,3901.5,4509.05,1,"status quo"
"Akwa Ibom","ts_exposures",3514.925,4153.5,4824.475,2,"status quo"
"Akwa Ibom","ts_exposures",3682.825,4309,5006.05,3,"status quo"
"Akwa Ibom","ts_exposures",3737.775,4379,5092.225,4,"status quo"
"Akwa Ibom","ts_exposures",3771.525,4445,5092.35,5,"status quo"
"Akwa Ibom","ts_exposures",3797.95,4490,5178.05,6,"status quo"
"Akwa Ibom","ts_exposures",3840.675,4486,5178,7,"status quo"
"Akwa Ibom","ts_exposures",3847.875,4522.5,5217.075,8,"status quo"
"Akwa Ibom","ts_exposures",3848.975,4536,5269.55,9,"status quo"
"Akwa Ibom","ts_exposures",3871.8,4525,5225,10,"status quo"
"Akwa Ibom","ts_exp_PEP",2033.975,2381,2753.05,1,"status quo"
"Akwa Ibom","ts_exp_PEP",2139.8,2533,2933.1,2,"status quo"
"Akwa Ibom","ts_exp_PEP",2230.875,2629.5,3052.075,3,"status quo"
"Akwa Ibom","ts_exp_PEP",2257.975,2675.5,3108.075,4,"status quo"
"Akwa Ibom","ts_exp_PEP",2298.8,2706,3123.1,5,"status quo"
"Akwa Ibom","ts_exp_PEP",2320.8,2742,3171.025,6,"status quo"
"Akwa Ibom","ts_exp_PEP",2337.95,2737,3174.025,7,"status quo"
"Akwa Ibom","ts_exp_PEP",2335.825,2755,3184,8,"status quo"
"Akwa Ibom","ts_exp_PEP",2344.95,2764,3210.35,9,"status quo"
"Akwa Ibom","ts_exp_PEP",2341.775,2759,3182.05,10,"status quo"
"Akwa Ibom","ts_vaccine_vials",4067.95,4762,5506.1,1,"status quo"
"Akwa Ibom","ts_vaccine_vials",4279.6,5066,5866.2,2,"status quo"
"Akwa Ibom","ts_vaccine_vials",4461.75,5259,6104.15,3,"status quo"
"Akwa Ibom","ts_vaccine_vials",4515.95,5351,6216.15,4,"status quo"
"Akwa Ibom","ts_vaccine_vials",4597.6,5412,6246.2,5,"status quo"
"Akwa Ibom","ts_vaccine_vials",4641.6,5484,6342.05,6,"status quo"
"Akwa Ibom","ts_vaccine_vials",4675.9,5474,6348.05,7,"status quo"
"Akwa Ibom","ts_vaccine_vials",4671.65,5510,6368,8,"status quo"
"Akwa Ibom","ts_vaccine_vials",4689.9,5528,6420.7,9,"status quo"
"Akwa Ibom","ts_vaccine_vials",4683.55,5518,6364.1,10,"status quo"
"Akwa Ibom","ts_rabid_dogs",8818.5590625,10296.85625,11815.8134375,1,"status quo"
"Akwa Ibom","ts_rabid_dogs",9291.603125,10965.6875,12631.66125,2,"status quo"
"Akwa Ibom","ts_rabid_dogs",9649.3,11365.925,13082.980625,3,"status quo"
"Akwa Ibom","ts_rabid_dogs",9877.5284375,11546.125,13364.499375,4,"status quo"
"Akwa Ibom","ts_rabid_dogs",9963.1715625,11701.175,13415.2590625,5,"status quo"
"Akwa Ibom","ts_rabid_dogs",10164.0378125,11828.39375,13580.943125,6,"status quo"
"Akwa Ibom","ts_rabid_dogs",10209.63,11830.45625,13640.0159375,7,"status quo"
"Akwa Ibom","ts_rabid_dogs",10139.2059375,11929.03125,13676.80875,8,"status quo"
"Akwa Ibom","ts_rabid_dogs",10214.3996875,11948.54375,13898.72125,9,"status quo"
"Akwa Ibom","ts_rabid_dogs",10190.4959375,11903.43125,13759.459375,10,"status quo"
"Anambra","ts_deaths",19,33,49,1,"status quo"
"Anambra","ts_deaths",15,27,43,2,"status quo"
"Anambra","ts_deaths",13,25,41,3,"status quo"
"Anambra","ts_deaths",14,25,39.025,4,"status quo"
"Anambra","ts_deaths",13,24,38,5,"status quo"
"Anambra","ts_deaths",13,24,38.025,6,"status quo"
"Anambra","ts_deaths",13,23,38,7,"status quo"
"Anambra","ts_deaths",12,24,38,8,"status quo"
"Anambra","ts_deaths",13,23,39,9,"status quo"
"Anambra","ts_deaths",12.975,23,37.025,10,"status quo"
"Anambra","ts_exposures",486.925,663,892.025,1,"status quo"
"Anambra","ts_exposures",398.95,568,792.025,2,"status quo"
"Anambra","ts_exposures",369.975,528,750.05,3,"status quo"
"Anambra","ts_exposures",354,509,724,4,"status quo"
"Anambra","ts_exposures",350,492,725.025,5,"status quo"
"Anambra","ts_exposures",337.975,491,713.05,6,"status quo"
"Anambra","ts_exposures",347,484.5,706.05,7,"status quo"
"Anambra","ts_exposures",341,486,702.025,8,"status quo"
"Anambra","ts_exposures",331,484,694.05,9,"status quo"
"Anambra","ts_exposures",338,481,693.075,10,"status quo"
"Anambra","ts_exp_PEP",349.95,475,637.025,1,"status quo"
"Anambra","ts_exp_PEP",285,408.5,568,2,"status quo"
"Anambra","ts_exp_PEP",265.95,379,534.125,3,"status quo"
"Anambra","ts_exp_PEP",251,362.5,516.05,4,"status quo"
"Anambra","ts_exp_PEP",249.975,352.5,518.075,5,"status quo"
"Anambra","ts_exp_PEP",240,351,510,6,"status quo"
"Anambra","ts_exp_PEP",247,344,509.025,7,"status quo"
"Anambra","ts_exp_PEP",244.975,347,505,8,"status quo"
"Anambra","ts_exp_PEP",236.975,344,496.05,9,"status quo"
"Anambra","ts_exp_PEP",241.95,344,494.15,10,"status quo"
"Anambra","ts_vaccine_vials",699.9,950,1274.05,1,"status quo"
"Anambra","ts_vaccine_vials",570,817,1136,2,"status quo"
"Anambra","ts_vaccine_vials",531.9,758,1068.25,3,"status quo"
"Anambra","ts_vaccine_vials",502,725,1032.1,4,"status quo"
"Anambra","ts_vaccine_vials",499.95,705,1036.15,5,"status quo"
"Anambra","ts_vaccine_vials",480,702,1020,6,"status quo"
"Anambra","ts_vaccine_vials",494,688,1018.05,7,"status quo"
"Anambra","ts_vaccine_vials",489.95,694,1010,8,"status quo"
"Anambra","ts_vaccine_vials",473.95,688,992.1,9,"status quo"
"Anambra","ts_vaccine_vials",483.9,688,988.3,10,"status quo"
"Anambra","ts_rabid_dogs",1289,1748.5,2313.225,1,"status quo"
"Anambra","ts_rabid_dogs",1082.975,1505.625,2050.9665625,2,"status quo"
"Anambra","ts_rabid_dogs",1018.925,1385,1948.295625,3,"status quo"
"Anambra","ts_rabid_dogs",958.975,1343,1895.709375,4,"status quo"
"Anambra","ts_rabid_dogs",940.825,1296.5,1868.7403125,5,"status quo"
"Anambra","ts_rabid_dogs",948.975,1290,1856.1778125,6,"status quo"
"Anambra","ts_rabid_dogs",939.875,1273.86875,1863.09,7,"status quo"
"Anambra","ts_rabid_dogs",924.925,1270.0375,1817.6140625,8,"status quo"
"Anambra","ts_rabid_dogs",896.875,1272.5,1830.175,9,"status quo"
"Anambra","ts_rabid_dogs",909,1263,1791.09125,10,"status quo"
"Bauchi","ts_deaths",98.975,120,143,1,"status quo"
"Bauchi","ts_deaths",100,124,149,2,"status quo"
"Bauchi","ts_deaths",100,124,147,3,"status quo"
"Bauchi","ts_deaths",100,124,149,4,"status quo"
"Bauchi","ts_deaths",102,124,149,5,"status quo"
"Bauchi","ts_deaths",101.975,124,149.025,6,"status quo"
"Bauchi","ts_deaths",102,124,150,7,"status quo"
"Bauchi","ts_deaths",101.975,124,149,8,"status quo"
"Bauchi","ts_deaths",101,125,149,9,"status quo"
"Bauchi","ts_deaths",102,125,148,10,"status quo"
"Bauchi","ts_exposures",1141.975,1257,1375.025,1,"status quo"
"Bauchi","ts_exposures",1166.975,1292,1410.05,2,"status quo"
"Bauchi","ts_exposures",1182.9,1296,1421.025,3,"status quo"
"Bauchi","ts_exposures",1173,1299,1419.025,4,"status quo"
"Bauchi","ts_exposures",1176,1301,1421.025,5,"status quo"
"Bauchi","ts_exposures",1175,1301.5,1430.025,6,"status quo"
"Bauchi","ts_exposures",1176,1302,1426.05,7,"status quo"
"Bauchi","ts_exposures",1178,1304.5,1424.05,8,"status quo"
"Bauchi","ts_exposures",1182,1306,1423.075,9,"status quo"
"Bauchi","ts_exposures",1190.95,1305,1417.025,10,"status quo"
"Bauchi","ts_exp_PEP",490,548,615.025,1,"status quo"
"Bauchi","ts_exp_PEP",497.975,564,633,2,"status quo"
"Bauchi","ts_exp_PEP",508,568,633.025,3,"status quo"
"Bauchi","ts_exp_PEP",500.975,568,635,4,"status quo"
"Bauchi","ts_exp_PEP",508,567,634,5,"status quo"
"Bauchi","ts_exp_PEP",506.975,570,635,6,"status quo"
"Bauchi","ts_exp_PEP",505.975,567,635,7,"status quo"
"Bauchi","ts_exp_PEP",506.975,570,635.025,8,"status quo"
"Bauchi","ts_exp_PEP",505,569.5,628.025,9,"status quo"
"Bauchi","ts_exp_PEP",509,569.5,634.025,10,"status quo"
"Bauchi","ts_vaccine_vials",980,1096,1230.05,1,"status quo"
"Bauchi","ts_vaccine_vials",995.95,1128,1266,2,"status quo"
"Bauchi","ts_vaccine_vials",1016,1136,1266.05,3,"status quo"
"Bauchi","ts_vaccine_vials",1001.95,1136,1270,4,"status quo"
"Bauchi","ts_vaccine_vials",1016,1134,1268,5,"status quo"
"Bauchi","ts_vaccine_vials",1013.95,1140,1270,6,"status quo"
"Bauchi","ts_vaccine_vials",1011.95,1134,1270,7,"status quo"
"Bauchi","ts_vaccine_vials",1013.95,1140,1270.05,8,"status quo"
"Bauchi","ts_vaccine_vials",1010,1139,1256.05,9,"status quo"
"Bauchi","ts_vaccine_vials",1018,1139,1268.05,10,"status quo"
"Bauchi","ts_rabid_dogs",3117.3459375,3350.21875,3586.015625,1,"status quo"
"Bauchi","ts_rabid_dogs",3201.353125,3444.08125,3660.73625,2,"status quo"
"Bauchi","ts_rabid_dogs",3241.4346875,3455.5875,3651.68875,3,"status quo"
"Bauchi","ts_rabid_dogs",3246.3534375,3466.4,3663.1778125,4,"status quo"
"Bauchi","ts_rabid_dogs",3255.5546875,3463.825,3667.076875,5,"status quo"
"Bauchi","ts_rabid_dogs",3213.555625,3463.24375,3671.9490625,6,"status quo"
"Bauchi","ts_rabid_dogs",3239.163125,3464.2,3667.3803125,7,"status quo"
"Bauchi","ts_rabid_dogs",3244.2403125,3462.34375,3675.4859375,8,"status quo"
"Bauchi","ts_rabid_dogs",3238.919375,3470.625,3670.7965625,9,"status quo"
"Bauchi","ts_rabid_dogs",3208.06125,3462.85,3674.48937499999,10,"status quo"
"Bayelsa","ts_deaths",24,38,54,1,"status quo"
"Bayelsa","ts_deaths",25,39,54,2,"status quo"
"Bayelsa","ts_deaths",25,39,55,3,"status quo"
"Bayelsa","ts_deaths",25,39,57,4,"status quo"
"Bayelsa","ts_deaths",26,39,55,5,"status quo"
"Bayelsa","ts_deaths",25,39,56.025,6,"status quo"
"Bayelsa","ts_deaths",26,39,56,7,"status quo"
"Bayelsa","ts_deaths",25,39.5,56,8,"status quo"
"Bayelsa","ts_deaths",25.975,40,55.025,9,"status quo"
"Bayelsa","ts_deaths",25,40,56,10,"status quo"
"Bayelsa","ts_exposures",495.925,629,808.025,1,"status quo"
"Bayelsa","ts_exposures",501,643,812.025,2,"status quo"
"Bayelsa","ts_exposures",500.95,645,817.1,3,"status quo"
"Bayelsa","ts_exposures",503,647,835,4,"status quo"
"Bayelsa","ts_exposures",503.975,651.5,825,5,"status quo"
"Bayelsa","ts_exposures",511,648.5,822.05,6,"status quo"
"Bayelsa","ts_exposures",506,653.5,850,7,"status quo"
"Bayelsa","ts_exposures",505,655,833.025,8,"status quo"
"Bayelsa","ts_exposures",511.975,658,811.05,9,"status quo"
"Bayelsa","ts_exposures",512.95,659.5,816.025,10,"status quo"
"Bayelsa","ts_exp_PEP",316,406,518,1,"status quo"
"Bayelsa","ts_exp_PEP",322.975,413,528,2,"status quo"
"Bayelsa","ts_exp_PEP",319.95,414,531.025,3,"status quo"
"Bayelsa","ts_exp_PEP",322.975,415,539.025,4,"status quo"
"Bayelsa","ts_exp_PEP",324,419,531,5,"status quo"
"Bayelsa","ts_exp_PEP",326.975,417.5,530.15,6,"status quo"
"Bayelsa","ts_exp_PEP",324,420,552.025,7,"status quo"
"Bayelsa","ts_exp_PEP",321,422,543.05,8,"status quo"
"Bayelsa","ts_exp_PEP",331,423,525,9,"status quo"
"Bayelsa","ts_exp_PEP",325,423.5,528.025,10,"status quo"
"Bayelsa","ts_vaccine_vials",632,812,1036,1,"status quo"
"Bayelsa","ts_vaccine_vials",645.95,826,1056,2,"status quo"
"Bayelsa","ts_vaccine_vials",639.9,828,1062.05,3,"status quo"
"Bayelsa","ts_vaccine_vials",645.95,830,1078.05,4,"status quo"
"Bayelsa","ts_vaccine_vials",648,838,1062,5,"status quo"
"Bayelsa","ts_vaccine_vials",653.95,835,1060.3,6,"status quo"
"Bayelsa","ts_vaccine_vials",648,840,1104.05,7,"status quo"
"Bayelsa","ts_vaccine_vials",642,844,1086.1,8,"status quo"
"Bayelsa","ts_vaccine_vials",662,846,1050,9,"status quo"
"Bayelsa","ts_vaccine_vials",650,847,1056.05,10,"status quo"
"Bayelsa","ts_rabid_dogs",1348.523125,1656.71875,2096.215625,1,"status quo"
"Bayelsa","ts_rabid_dogs",1360.571875,1688.13125,2095.41875,2,"status quo"
"Bayelsa","ts_rabid_dogs",1349.8828125,1706.80625,2127.6428125,3,"status quo"
"Bayelsa","ts_rabid_dogs",1362.093125,1709.8,2148.65375,4,"status quo"
"Bayelsa","ts_rabid_dogs",1354.261875,1717.275,2158.6628125,5,"status quo"
"Bayelsa","ts_rabid_dogs",1385.266875,1707.41875,2136.29,6,"status quo"
"Bayelsa","ts_rabid_dogs",1368.863125,1716.1625,2191.9003125,7,"status quo"
"Bayelsa","ts_rabid_dogs",1372.831875,1734.10625,2199.60875,8,"status quo"
"Bayelsa","ts_rabid_dogs",1392.2884375,1735.26875,2154.2334375,9,"status quo"
"Bayelsa","ts_rabid_dogs",1394.7815625,1742.94375,2126.756875,10,"status quo"
"Benue","ts_deaths",278,350,437.1,1,"status quo"
"Benue","ts_deaths",300,376,468,2,"status quo"
"Benue","ts_deaths",312,387,481.025,3,"status quo"
"Benue","ts_deaths",316.975,394,492.025,4,"status quo"
"Benue","ts_deaths",318.975,399,501.05,5,"status quo"
"Benue","ts_deaths",318,401,498.025,6,"status quo"
"Benue","ts_deaths",324.975,399,503,7,"status quo"
"Benue","ts_deaths",317,403,495.025,8,"status quo"
"Benue","ts_deaths",321.95,402,497.025,9,"status quo"
"Benue","ts_deaths",324,403.5,493.025,10,"status quo"
"Benue","ts_exposures",3935.95,4879,6017.2,1,"status quo"
"Benue","ts_exposures",4272.975,5261.5,6429.2,2,"status quo"
"Benue","ts_exposures",4480.75,5412,6610.05,3,"status quo"
"Benue","ts_exposures",4573.675,5505,6693.45,4,"status quo"
"Benue","ts_exposures",4576.55,5551,6735.225,5,"status quo"
"Benue","ts_exposures",4588.85,5585.5,6778.4,6,"status quo"
"Benue","ts_exposures",4650.9,5602,6831.225,7,"status quo"
"Benue","ts_exposures",4596.975,5613,6815.125,8,"status quo"
"Benue","ts_exposures",4661.15,5595,6787.1,9,"status quo"
"Benue","ts_exposures",4656.9,5624.5,6745.075,10,"status quo"
"Benue","ts_exp_PEP",2284.95,2827.5,3480,1,"status quo"
"Benue","ts_exp_PEP",2454.975,3042,3726,2,"status quo"
"Benue","ts_exp_PEP",2583.725,3130.5,3826.025,3,"status quo"
"Benue","ts_exp_PEP",2640.975,3188,3863.175,4,"status quo"
"Benue","ts_exp_PEP",2648.975,3211.5,3940.125,5,"status quo"
"Benue","ts_exp_PEP",2650.925,3233,3930.125,6,"status quo"
"Benue","ts_exp_PEP",2697.925,3231.5,3944.1,7,"status quo"
"Benue","ts_exp_PEP",2663.9,3240.5,3949.125,8,"status quo"
"Benue","ts_exp_PEP",2680.925,3238,3939.05,9,"status quo"
"Benue","ts_exp_PEP",2701.85,3251.5,3899.2,10,"status quo"
"Benue","ts_vaccine_vials",4569.9,5655,6960,1,"status quo"
"Benue","ts_vaccine_vials",4909.95,6084,7452,2,"status quo"
"Benue","ts_vaccine_vials",5167.45,6261,7652.05,3,"status quo"
"Benue","ts_vaccine_vials",5281.95,6376,7726.35,4,"status quo"
"Benue","ts_vaccine_vials",5297.95,6423,7880.25,5,"status quo"
"Benue","ts_vaccine_vials",5301.85,6466,7860.25,6,"status quo"
"Benue","ts_vaccine_vials",5395.85,6463,7888.2,7,"status quo"
"Benue","ts_vaccine_vials",5327.8,6481,7898.25,8,"status quo"
"Benue","ts_vaccine_vials",5361.85,6476,7878.1,9,"status quo"
"Benue","ts_vaccine_vials",5403.7,6503,7798.4,10,"status quo"
"Benue","ts_rabid_dogs",10431.8215625,12868.825,15733.1034375,1,"status quo"
"Benue","ts_rabid_dogs",11371.5278125,13852.90625,16918.399375,2,"status quo"
"Benue","ts_rabid_dogs",11840.269375,14272.79375,17303.3321875,3,"status quo"
"Benue","ts_rabid_dogs",12115.515625,14525.21875,17591.6125,4,"status quo"
"Benue","ts_rabid_dogs",12182.6396875,14639.20625,17714.44125,5,"status quo"
"Benue","ts_rabid_dogs",12226.4015625,14675.3,17809.40125,6,"status quo"
"Benue","ts_rabid_dogs",12290.454375,14768.71875,17887.781875,7,"status quo"
"Benue","ts_rabid_dogs",12067.614375,14817.98125,17910.3603125,8,"status quo"
"Benue","ts_rabid_dogs",12268.015625,14744.2375,17851.2475,9,"status quo"
"Benue","ts_rabid_dogs",12228.088125,14802.3375,17888.4825,10,"status quo"
"Borno","ts_deaths",86,105.5,128,1,"status quo"
"Borno","ts_deaths",89,107,130,2,"status quo"
"Borno","ts_deaths",89,110,132,3,"status quo"
"Borno","ts_deaths",87,109,131,4,"status quo"
"Borno","ts_deaths",88,109,132,5,"status quo"
"Borno","ts_deaths",88,109,130,6,"status quo"
"Borno","ts_deaths",87,109,132,7,"status quo"
"Borno","ts_deaths",87,108,131.025,8,"status quo"
"Borno","ts_deaths",88,109,132,9,"status quo"
"Borno","ts_deaths",87.975,109,130.025,10,"status quo"
"Borno","ts_exposures",975.95,1084,1191,1,"status quo"
"Borno","ts_exposures",1007.975,1104,1210.025,2,"status quo"
"Borno","ts_exposures",1018.9,1112,1211.025,3,"status quo"
"Borno","ts_exposures",1010.975,1111,1222,4,"status quo"
"Borno","ts_exposures",1012.975,1110,1217,5,"status quo"
"Borno","ts_exposures",1014.975,1111.5,1216,6,"status quo"
"Borno","ts_exposures",1007.975,1114,1206.025,7,"status quo"
"Borno","ts_exposures",1013,1113.5,1216.025,8,"status quo"
"Borno","ts_exposures",1010,1112,1215.025,9,"status quo"
"Borno","ts_exposures",1012.925,1114,1217,10,"status quo"
"Borno","ts_exp_PEP",403,460.5,515.025,1,"status quo"
"Borno","ts_exp_PEP",419,468,525,2,"status quo"
"Borno","ts_exp_PEP",420.975,470,519,3,"status quo"
"Borno","ts_exp_PEP",415,471,528,4,"status quo"
"Borno","ts_exp_PEP",416,470,526.025,5,"status quo"
"Borno","ts_exp_PEP",420.975,470,523,6,"status quo"
"Borno","ts_exp_PEP",416.975,471,526.075,7,"status quo"
"Borno","ts_exp_PEP",418,472,527.025,8,"status quo"
"Borno","ts_exp_PEP",419.975,471,523.025,9,"status quo"
"Borno","ts_exp_PEP",416,471,531,10,"status quo"
"Borno","ts_vaccine_vials",806,921,1030.05,1,"status quo"
"Borno","ts_vaccine_vials",838,936,1050,2,"status quo"
"Borno","ts_vaccine_vials",841.95,940,1038,3,"status quo"
"Borno","ts_vaccine_vials",830,942,1056,4,"status quo"
"Borno","ts_vaccine_vials",832,940,1052.05,5,"status quo"
"Borno","ts_vaccine_vials",841.95,940,1046,6,"status quo"
"Borno","ts_vaccine_vials",833.95,942,1052.15,7,"status quo"
"Borno","ts_vaccine_vials",836,944,1054.05,8,"status quo"
"Borno","ts_vaccine_vials",839.95,942,1046.05,9,"status quo"
"Borno","ts_vaccine_vials",832,942,1062,10,"status quo"
"Borno","ts_rabid_dogs",2670.538125,2873.075,3036.075625,1,"status quo"
"Borno","ts_rabid_dogs",2774.81875,2932.6625,3092.5678125,2,"status quo"
"Borno","ts_rabid_dogs",2781.31875,2949.4875,3093.9684375,3,"status quo"
"Borno","ts_rabid_dogs",2776.7015625,2950.53125,3099.45,4,"status quo"
"Borno","ts_rabid_dogs",2767.5859375,2951.5,3107.7559375,5,"status quo"
"Borno","ts_rabid_dogs",2789.019375,2949.2375,3098.0184375,6,"status quo"
"Borno","ts_rabid_dogs",2771.3003125,2955.8,3096.005,7,"status quo"
"Borno","ts_rabid_dogs",2776.4925,2951.65625,3103.195,8,"status quo"
"Borno","ts_rabid_dogs",2778.091875,2946.675,3098.4634375,9,"status quo"
"Borno","ts_rabid_dogs",2788.055,2949.36875,3102.7259375,10,"status quo"
"Cross River","ts_deaths",254,317,396,1,"status quo"
"Cross River","ts_deaths",272,336,412.025,2,"status quo"
"Cross River","ts_deaths",281,345,426,3,"status quo"
"Cross River","ts_deaths",284,353,430,4,"status quo"
"Cross River","ts_deaths",280.975,348.5,428.025,5,"status quo"
"Cross River","ts_deaths",282.975,353,429.025,6,"status quo"
"Cross River","ts_deaths",283,354.5,428,7,"status quo"
"Cross River","ts_deaths",286,353,426.05,8,"status quo"
"Cross River","ts_deaths",285,351,429.025,9,"status quo"
"Cross River","ts_deaths",284,352,433.025,10,"status quo"
"Cross River","ts_exposures",3367.675,4099.5,4954.125,1,"status quo"
"Cross River","ts_exposures",3645.775,4351,5174,2,"status quo"
"Cross River","ts_exposures",3752.875,4460.5,5327.075,3,"status quo"
"Cross River","ts_exposures",3745.925,4488,5372.25,4,"status quo"
"Cross River","ts_exposures",3756.625,4498.5,5421.15,5,"status quo"
"Cross River","ts_exposures",3775.925,4517,5373.125,6,"status quo"
"Cross River","ts_exposures",3787.925,4540,5444.175,7,"status quo"
"Cross River","ts_exposures",3812.75,4540,5420.125,8,"status quo"
"Cross River","ts_exposures",3802.975,4548.5,5385,9,"status quo"
"Cross River","ts_exposures",3791.975,4522,5386.025,10,"status quo"
"Cross River","ts_exp_PEP",1824.975,2224.5,2702.125,1,"status quo"
"Cross River","ts_exp_PEP",1968,2354,2808.1,2,"status quo"
"Cross River","ts_exp_PEP",2016.95,2418,2909.1,3,"status quo"
"Cross River","ts_exp_PEP",2023,2435,2925.05,4,"status quo"
"Cross River","ts_exp_PEP",2040,2440.5,2939.125,5,"status quo"
"Cross River","ts_exp_PEP",2035.975,2453,2921.075,6,"status quo"
"Cross River","ts_exp_PEP",2063.9,2474,2945.15,7,"status quo"
"Cross River","ts_exp_PEP",2050.975,2458,2937.125,8,"status quo"
"Cross River","ts_exp_PEP",2060,2466.5,2927.325,9,"status quo"
"Cross River","ts_exp_PEP",2052.95,2461,2942.05,10,"status quo"
"Cross River","ts_vaccine_vials",3649.95,4449,5404.25,1,"status quo"
"Cross River","ts_vaccine_vials",3936,4708,5616.2,2,"status quo"
"Cross River","ts_vaccine_vials",4033.9,4836,5818.2,3,"status quo"
"Cross River","ts_vaccine_vials",4046,4870,5850.1,4,"status quo"
"Cross River","ts_vaccine_vials",4080,4881,5878.25,5,"status quo"
"Cross River","ts_vaccine_vials",4071.95,4906,5842.15,6,"status quo"
"Cross River","ts_vaccine_vials",4127.8,4948,5890.3,7,"status quo"
"Cross River","ts_vaccine_vials",4101.95,4916,5874.25,8,"status quo"
"Cross River","ts_vaccine_vials",4120,4933,5854.65,9,"status quo"
"Cross River","ts_vaccine_vials",4105.9,4922,5884.1,10,"status quo"
"Cross River","ts_rabid_dogs",8973.77,10799.5625,13010.226875,1,"status quo"
"Cross River","ts_rabid_dogs",9682.216875,11458.9375,13623.0659375,2,"status quo"
"Cross River","ts_rabid_dogs",9878.62875,11707.95625,14033.87875,3,"status quo"
"Cross River","ts_rabid_dogs",9961.6121875,11838.5875,14182.6575,4,"status quo"
"Cross River","ts_rabid_dogs",10032.239375,11859.88125,14175.9665625,5,"status quo"
"Cross River","ts_rabid_dogs",9958.51,11922.21875,14154.5709375,6,"status quo"
"Cross River","ts_rabid_dogs",10026.22875,11995.09375,14257.3796875,7,"status quo"
"Cross River","ts_rabid_dogs",10114.6540625,11938.625,14231.69625,8,"status quo"
"Cross River","ts_rabid_dogs",10099.2690625,11972.99375,14188.3840625,9,"status quo"
"Cross River","ts_rabid_dogs",10131.5640625,11935.0375,14182.0428125,10,"status quo"
"Delta","ts_deaths",1,6,12,1,"status quo"
"Delta","ts_deaths",1,4,11,2,"status quo"
"Delta","ts_deaths",1,4,10,3,"status quo"
"Delta","ts_deaths",1,4,11,4,"status quo"
"Delta","ts_deaths",1,5,11,5,"status quo"
"Delta","ts_deaths",1,5,11,6,"status quo"
"Delta","ts_deaths",1,5,11,7,"status quo"
"Delta","ts_deaths",1,4,11,8,"status quo"
"Delta","ts_deaths",1,5,11,9,"status quo"
"Delta","ts_deaths",1,5,11,10,"status quo"
"Delta","ts_exposures",101.975,159,238.025,1,"status quo"
"Delta","ts_exposures",82.975,133,222.05,2,"status quo"
"Delta","ts_exposures",79,130,229.1,3,"status quo"
"Delta","ts_exposures",75.975,128,238.125,4,"status quo"
"Delta","ts_exposures",76,129,236.075,5,"status quo"
"Delta","ts_exposures",76,131,241,6,"status quo"
"Delta","ts_exposures",75,130,249.025,7,"status quo"
"Delta","ts_exposures",75.975,130,252.05,8,"status quo"
"Delta","ts_exposures",73.975,131,247.025,9,"status quo"
"Delta","ts_exposures",75,132,249,10,"status quo"
"Delta","ts_exp_PEP",80,126,190.05,1,"status quo"
"Delta","ts_exp_PEP",65,106,177,2,"status quo"
"Delta","ts_exp_PEP",62,102,181.075,3,"status quo"
"Delta","ts_exp_PEP",60,102,193.05,4,"status quo"
"Delta","ts_exp_PEP",60.975,102,186.025,5,"status quo"
"Delta","ts_exp_PEP",59.975,103,190.075,6,"status quo"
"Delta","ts_exp_PEP",59,104,194,7,"status quo"
"Delta","ts_exp_PEP",60,104,201,8,"status quo"
"Delta","ts_exp_PEP",58,104,196.025,9,"status quo"
"Delta","ts_exp_PEP",59,104,200.025,10,"status quo"
"Delta","ts_vaccine_vials",160,252,380.1,1,"status quo"
"Delta","ts_vaccine_vials",130,212,354,2,"status quo"
"Delta","ts_vaccine_vials",124,204,362.15,3,"status quo"
"Delta","ts_vaccine_vials",120,204,386.1,4,"status quo"
"Delta","ts_vaccine_vials",121.95,204,372.05,5,"status quo"
"Delta","ts_vaccine_vials",119.95,206,380.15,6,"status quo"
"Delta","ts_vaccine_vials",118,208,388,7,"status quo"
"Delta","ts_vaccine_vials",120,208,402,8,"status quo"
"Delta","ts_vaccine_vials",116,208,392.05,9,"status quo"
"Delta","ts_vaccine_vials",118,208,400.05,10,"status quo"
"Delta","ts_rabid_dogs",300.975,418,611,1,"status quo"
"Delta","ts_rabid_dogs",239.975,350,568.075,2,"status quo"
"Delta","ts_rabid_dogs",221,337,577.0321875,3,"status quo"
"Delta","ts_rabid_dogs",218.95,339,619.058125,4,"status quo"
"Delta","ts_rabid_dogs",217,338,616.025,5,"status quo"
"Delta","ts_rabid_dogs",214,342,625.755625,6,"status quo"
"Delta","ts_rabid_dogs",212.975,343,637.05,7,"status quo"
"Delta","ts_rabid_dogs",214,342,652.2803125,8,"status quo"
"Delta","ts_rabid_dogs",213.975,342,642.0109375,9,"status quo"
"Delta","ts_rabid_dogs",214,342,639.0865625,10,"status quo"
"Ebonyi","ts_deaths",340,408,488.025,1,"status quo"
"Ebonyi","ts_deaths",342.975,418,501,2,"status quo"
"Ebonyi","ts_deaths",347,419,500,3,"status quo"
"Ebonyi","ts_deaths",346.975,417,503,4,"status quo"
"Ebonyi","ts_deaths",345,417,500.025,5,"status quo"
"Ebonyi","ts_deaths",344.95,419,508,6,"status quo"
"Ebonyi","ts_deaths",347,418,501,7,"status quo"
"Ebonyi","ts_deaths",352,419,505.05,8,"status quo"
"Ebonyi","ts_deaths",346,419,505,9,"status quo"
"Ebonyi","ts_deaths",349,418,509.025,10,"status quo"
"Ebonyi","ts_exposures",3472.85,4062.5,4811.05,1,"status quo"
"Ebonyi","ts_exposures",3596.925,4170.5,4930.05,2,"status quo"
"Ebonyi","ts_exposures",3596.95,4198,4940,3,"status quo"
"Ebonyi","ts_exposures",3585.925,4203.5,4936.15,4,"status quo"
"Ebonyi","ts_exposures",3588.9,4181.5,4931.225,5,"status quo"
"Ebonyi","ts_exposures",3591.975,4205,4930,6,"status quo"
"Ebonyi","ts_exposures",3592.975,4193.5,4915.05,7,"status quo"
"Ebonyi","ts_exposures",3623.9,4179.5,4965.025,8,"status quo"
"Ebonyi","ts_exposures",3595.975,4179,4936.1,9,"status quo"
"Ebonyi","ts_exposures",3585.9,4176,4965,10,"status quo"
"Ebonyi","ts_exp_PEP",1423.975,1680.5,2005.05,1,"status quo"
"Ebonyi","ts_exp_PEP",1479,1722,2041.05,2,"status quo"
"Ebonyi","ts_exp_PEP",1477,1733,2048.1,3,"status quo"
"Ebonyi","ts_exp_PEP",1477.975,1733.5,2052.075,4,"status quo"
"Ebonyi","ts_exp_PEP",1473.95,1726,2047.025,5,"status quo"
"Ebonyi","ts_exp_PEP",1479.95,1735.5,2039.05,6,"status quo"
"Ebonyi","ts_exp_PEP",1474,1732,2041.075,7,"status quo"
"Ebonyi","ts_exp_PEP",1478,1726.5,2064,8,"status quo"
"Ebonyi","ts_exp_PEP",1484.975,1728,2050.05,9,"status quo"
"Ebonyi","ts_exp_PEP",1479.975,1729.5,2061.025,10,"status quo"
"Ebonyi","ts_vaccine_vials",2847.95,3361,4010.1,1,"status quo"
"Ebonyi","ts_vaccine_vials",2958,3444,4082.1,2,"status quo"
"Ebonyi","ts_vaccine_vials",2954,3466,4096.2,3,"status quo"
"Ebonyi","ts_vaccine_vials",2955.95,3467,4104.15,4,"status quo"
"Ebonyi","ts_vaccine_vials",2947.9,3452,4094.05,5,"status quo"
"Ebonyi","ts_vaccine_vials",2959.9,3471,4078.1,6,"status quo"
"Ebonyi","ts_vaccine_vials",2948,3464,4082.15,7,"status quo"
"Ebonyi","ts_vaccine_vials",2956,3453,4128,8,"status quo"
"Ebonyi","ts_vaccine_vials",2969.95,3456,4100.1,9,"status quo"
"Ebonyi","ts_vaccine_vials",2959.95,3459,4122.05,10,"status quo"
"Ebonyi","ts_rabid_dogs",9285.6078125,10762.13125,12666.561875,1,"status quo"
"Ebonyi","ts_rabid_dogs",9573.9240625,11012.60625,12920.9140625,2,"status quo"
"Ebonyi","ts_rabid_dogs",9545.9190625,11101.75,12936.5096875,3,"status quo"
"Ebonyi","ts_rabid_dogs",9540.53781249999,11081.875,13015.8140625,4,"status quo"
"Ebonyi","ts_rabid_dogs",9539.86812500002,11079.39375,13031.8375,5,"status quo"
"Ebonyi","ts_rabid_dogs",9556.02531249999,11100.575,12947.0353125,6,"status quo"
"Ebonyi","ts_rabid_dogs",9581.36250000002,11061.85625,12960.61,7,"status quo"
"Ebonyi","ts_rabid_dogs",9623.81593749998,11055.225,12988.6553125,8,"status quo"
"Ebonyi","ts_rabid_dogs",9600.76375,11084.0375,12932.0490625,9,"status quo"
"Ebonyi","ts_rabid_dogs",9545.180625,11076.9375,12968.305,10,"status quo"
"Edo","ts_deaths",2,7,13,1,"status quo"
"Edo","ts_deaths",2,5,11,2,"status quo"
"Edo","ts_deaths",1,5,11,3,"status quo"
"Edo","ts_deaths",1,5,11,4,"status quo"
"Edo","ts_deaths",1,5,11,5,"status quo"
"Edo","ts_deaths",1,5,11,6,"status quo"
"Edo","ts_deaths",1,5,10,7,"status quo"
"Edo","ts_deaths",1,5,11,8,"status quo"
"Edo","ts_deaths",1,5,11,9,"status quo"
"Edo","ts_deaths",1,5,10,10,"status quo"
"Edo","ts_exposures",109,156,217.025,1,"status quo"
"Edo","ts_exposures",87,128,184,2,"status quo"
"Edo","ts_exposures",76,119,178,3,"status quo"
"Edo","ts_exposures",73.975,115,170,4,"status quo"
"Edo","ts_exposures",72,112,172,5,"status quo"
"Edo","ts_exposures",69,113,171.025,6,"status quo"
"Edo","ts_exposures",72,111,169,7,"status quo"
"Edo","ts_exposures",72.975,113,172,8,"status quo"
"Edo","ts_exposures",72,112,169.025,9,"status quo"
"Edo","ts_exposures",71,111,172,10,"status quo"
"Edo","ts_exp_PEP",79,115,163,1,"status quo"
"Edo","ts_exp_PEP",63.975,95,139,2,"status quo"
"Edo","ts_exp_PEP",55,88,133.025,3,"status quo"
"Edo","ts_exp_PEP",54,86,128,4,"status quo"
"Edo","ts_exp_PEP",52,84,126,5,"status quo"
"Edo","ts_exp_PEP",50,83,128.025,6,"status quo"
"Edo","ts_exp_PEP",52,83,128.025,7,"status quo"
"Edo","ts_exp_PEP",53,83.5,127,8,"status quo"
"Edo","ts_exp_PEP",53,83,128,9,"status quo"
"Edo","ts_exp_PEP",51,82,130.05,10,"status quo"
"Edo","ts_vaccine_vials",158,230,326,1,"status quo"
"Edo","ts_vaccine_vials",127.95,190,278,2,"status quo"
"Edo","ts_vaccine_vials",110,176,266.05,3,"status quo"
"Edo","ts_vaccine_vials",108,172,256,4,"status quo"
"Edo","ts_vaccine_vials",104,168,252,5,"status quo"
"Edo","ts_vaccine_vials",100,166,256.05,6,"status quo"
"Edo","ts_vaccine_vials",104,166,256.05,7,"status quo"
"Edo","ts_vaccine_vials",106,167,254,8,"status quo"
"Edo","ts_vaccine_vials",106,166,256,9,"status quo"
"Edo","ts_vaccine_vials",102,164,260.1,10,"status quo"
"Edo","ts_rabid_dogs",310.95,411,545.125,1,"status quo"
"Edo","ts_rabid_dogs",248.975,336,467,2,"status quo"
"Edo","ts_rabid_dogs",221,314,449.439375,3,"status quo"
"Edo","ts_rabid_dogs",207,304,438.075,4,"status quo"
"Edo","ts_rabid_dogs",207.975,295,431.05,5,"status quo"
"Edo","ts_rabid_dogs",207.95,295,432.6959375,6,"status quo"
"Edo","ts_rabid_dogs",207.975,294,428.585625,7,"status quo"
"Edo","ts_rabid_dogs",207.95,298,424.9403125,8,"status quo"
"Edo","ts_rabid_dogs",207,293.5,430.0165625,9,"status quo"
"Edo","ts_rabid_dogs",202.95,293,428.6771875,10,"status quo"
"Ekiti","ts_deaths",61.975,87,110.025,1,"status quo"
"Ekiti","ts_deaths",67,91,119,2,"status quo"
"Ekiti","ts_deaths",72,95,123,3,"status quo"
"Ekiti","ts_deaths",72,96,123,4,"status quo"
"Ekiti","ts_deaths",73,97,123.025,5,"status quo"
"Ekiti","ts_deaths",73,98,126,6,"status quo"
"Ekiti","ts_deaths",74,99,127,7,"status quo"
"Ekiti","ts_deaths",73,99,127,8,"status quo"
"Ekiti","ts_deaths",74.975,99,131,9,"status quo"
"Ekiti","ts_deaths",72,98,127,10,"status quo"
"Ekiti","ts_exposures",1049.925,1298,1571.025,1,"status quo"
"Ekiti","ts_exposures",1120.975,1369,1684,2,"status quo"
"Ekiti","ts_exposures",1164.95,1430,1753.125,3,"status quo"
"Ekiti","ts_exposures",1191.975,1450,1748.325,4,"status quo"
"Ekiti","ts_exposures",1213.95,1466,1773.05,5,"status quo"
"Ekiti","ts_exposures",1202.925,1483,1799.025,6,"status quo"
"Ekiti","ts_exposures",1222.95,1485.5,1809.1,7,"status quo"
"Ekiti","ts_exposures",1210.925,1488,1801.075,8,"status quo"
"Ekiti","ts_exposures",1234.925,1487,1794.075,9,"status quo"
"Ekiti","ts_exposures",1205.95,1494.5,1790.15,10,"status quo"
"Ekiti","ts_exp_PEP",634,789,959.025,1,"status quo"
"Ekiti","ts_exp_PEP",680.975,836,1022.275,2,"status quo"
"Ekiti","ts_exp_PEP",708.975,869,1073.05,3,"status quo"
"Ekiti","ts_exp_PEP",727.95,881,1071.025,4,"status quo"
"Ekiti","ts_exp_PEP",736.95,895,1081,5,"status quo"
"Ekiti","ts_exp_PEP",736.9,907,1105,6,"status quo"
"Ekiti","ts_exp_PEP",740.925,909,1099.05,7,"status quo"
"Ekiti","ts_exp_PEP",741.975,909,1102.025,8,"status quo"
"Ekiti","ts_exp_PEP",745,908,1105,9,"status quo"
"Ekiti","ts_exp_PEP",738.925,910,1108.025,10,"status quo"
"Ekiti","ts_vaccine_vials",1268,1578,1918.05,1,"status quo"
"Ekiti","ts_vaccine_vials",1361.95,1672,2044.55,2,"status quo"
"Ekiti","ts_vaccine_vials",1417.95,1738,2146.1,3,"status quo"
"Ekiti","ts_vaccine_vials",1455.9,1762,2142.05,4,"status quo"
"Ekiti","ts_vaccine_vials",1473.9,1790,2162,5,"status quo"
"Ekiti","ts_vaccine_vials",1473.8,1814,2210,6,"status quo"
"Ekiti","ts_vaccine_vials",1481.85,1818,2198.1,7,"status quo"
"Ekiti","ts_vaccine_vials",1483.95,1818,2204.05,8,"status quo"
"Ekiti","ts_vaccine_vials",1490,1816,2210,9,"status quo"
"Ekiti","ts_vaccine_vials",1477.85,1820,2216.05,10,"status quo"
"Ekiti","ts_rabid_dogs",2792.2171875,3416.20625,4095.1921875,1,"status quo"
"Ekiti","ts_rabid_dogs",3010.72625,3623.7625,4349.8446875,2,"status quo"
"Ekiti","ts_rabid_dogs",3119.4465625,3754.24375,4573.1603125,3,"status quo"
"Ekiti","ts_rabid_dogs",3229.9746875,3835.175,4604.6325,4,"status quo"
"Ekiti","ts_rabid_dogs",3224.0309375,3867.5375,4638.1009375,5,"status quo"
"Ekiti","ts_rabid_dogs",3217.4584375,3908.48125,4704.11875,6,"status quo"
"Ekiti","ts_rabid_dogs",3239.96,3932.15625,4720.8003125,7,"status quo"
"Ekiti","ts_rabid_dogs",3270.4071875,3933.61875,4690.8009375,8,"status quo"
"Ekiti","ts_rabid_dogs",3269.04875,3914.03125,4719.0253125,9,"status quo"
"Ekiti","ts_rabid_dogs",3247.1325,3942.39375,4691.1603125,10,"status quo"
"Enugu","ts_deaths",463,560,670.025,1,"status quo"
"Enugu","ts_deaths",473.975,574,695.075,2,"status quo"
"Enugu","ts_deaths",478,576,697.075,3,"status quo"
"Enugu","ts_deaths",480.975,579,692,4,"status quo"
"Enugu","ts_deaths",481.975,579,701.025,5,"status quo"
"Enugu","ts_deaths",486,580.5,696,6,"status quo"
"Enugu","ts_deaths",482,581,700,7,"status quo"
"Enugu","ts_deaths",483,580,697.025,8,"status quo"
"Enugu","ts_deaths",481,578,699.05,9,"status quo"
"Enugu","ts_deaths",481.95,579,695.025,10,"status quo"
"Enugu","ts_exposures",5052.875,5929.5,7046.2,1,"status quo"
"Enugu","ts_exposures",5214.925,6121.5,7232.175,2,"status quo"
"Enugu","ts_exposures",5192.875,6155,7267.125,3,"status quo"
"Enugu","ts_exposures",5235.875,6136,7222,4,"status quo"
"Enugu","ts_exposures",5288.95,6136.5,7238.4,5,"status quo"
"Enugu","ts_exposures",5267.45,6167,7287.05,6,"status quo"
"Enugu","ts_exposures",5272.925,6160.5,7259.4,7,"status quo"
"Enugu","ts_exposures",5263.925,6147.5,7341.1,8,"status quo"
"Enugu","ts_exposures",5274.95,6135.5,7253.025,9,"status quo"
"Enugu","ts_exposures",5239.775,6144,7296.1,10,"status quo"
"Enugu","ts_exp_PEP",2243,2648.5,3148,1,"status quo"
"Enugu","ts_exp_PEP",2321.975,2734,3226.025,2,"status quo"
"Enugu","ts_exp_PEP",2322.825,2739,3244.05,3,"status quo"
"Enugu","ts_exp_PEP",2334.95,2749.5,3239.075,4,"status quo"
"Enugu","ts_exp_PEP",2350.8,2746,3240.225,5,"status quo"
"Enugu","ts_exp_PEP",2336,2752,3245.075,6,"status quo"
"Enugu","ts_exp_PEP",2336.95,2749.5,3247.225,7,"status quo"
"Enugu","ts_exp_PEP",2347.95,2748,3263.075,8,"status quo"
"Enugu","ts_exp_PEP",2345.925,2745,3247,9,"status quo"
"Enugu","ts_exp_PEP",2326.85,2741,3276.05,10,"status quo"
"Enugu","ts_vaccine_vials",4486,5297,6296,1,"status quo"
"Enugu","ts_vaccine_vials",4643.95,5468,6452.05,2,"status quo"
"Enugu","ts_vaccine_vials",4645.65,5478,6488.1,3,"status quo"
"Enugu","ts_vaccine_vials",4669.9,5499,6478.15,4,"status quo"
"Enugu","ts_vaccine_vials",4701.6,5492,6480.45,5,"status quo"
"Enugu","ts_vaccine_vials",4672,5504,6490.15,6,"status quo"
"Enugu","ts_vaccine_vials",4673.9,5499,6494.45,7,"status quo"
"Enugu","ts_vaccine_vials",4695.9,5496,6526.15,8,"status quo"
"Enugu","ts_vaccine_vials",4691.85,5490,6494,9,"status quo"
"Enugu","ts_vaccine_vials",4653.7,5482,6552.1,10,"status quo"
"Enugu","ts_rabid_dogs",13405.4490625,15648.83125,18491.995,1,"status quo"
"Enugu","ts_rabid_dogs",13810.5509375,16131.75625,18906.105625,2,"status quo"
"Enugu","ts_rabid_dogs",13871.1096875,16219.29375,19105.3321875,3,"status quo"
"Enugu","ts_rabid_dogs",13886.6390625,16226.925,19032.3740625,4,"status quo"
"Enugu","ts_rabid_dogs",14033.49875,16212.95,19100.06125,5,"status quo"
"Enugu","ts_rabid_dogs",13939.7403125,16238.73125,19126.0846875,6,"status quo"
"Enugu","ts_rabid_dogs",13949.1609375,16220.1875,19061.964375,7,"status quo"
"Enugu","ts_rabid_dogs",13955.2221875,16210.78125,19146.5234375,8,"status quo"
"Enugu","ts_rabid_dogs",13989.75375,16210.53125,19012.7284375,9,"status quo"
"Enugu","ts_rabid_dogs",13898.4271875,16204.08125,19156.6809375,10,"status quo"
"Gombe","ts_deaths",46,61,78,1,"status quo"
"Gombe","ts_deaths",48,63,79,2,"status quo"
"Gombe","ts_deaths",47.975,63,80,3,"status quo"
"Gombe","ts_deaths",48,62,79,4,"status quo"
"Gombe","ts_deaths",47,64,81,5,"status quo"
"Gombe","ts_deaths",48,64,81,6,"status quo"
"Gombe","ts_deaths",49,64,80,7,"status quo"
"Gombe","ts_deaths",48,63,80,8,"status quo"
"Gombe","ts_deaths",46,63,81,9,"status quo"
"Gombe","ts_deaths",47,63,81,10,"status quo"
"Gombe","ts_exposures",567,640,716,1,"status quo"
"Gombe","ts_exposures",584,659,729.025,2,"status quo"
"Gombe","ts_exposures",586.975,663,733.025,3,"status quo"
"Gombe","ts_exposures",589.975,663.5,736.025,4,"status quo"
"Gombe","ts_exposures",591,662,732.025,5,"status quo"
"Gombe","ts_exposures",593,664,741.025,6,"status quo"
"Gombe","ts_exposures",589,663.5,739.025,7,"status quo"
"Gombe","ts_exposures",589.975,662,737,8,"status quo"
"Gombe","ts_exposures",589,663,734,9,"status quo"
"Gombe","ts_exposures",594,661,737,10,"status quo"
"Gombe","ts_exp_PEP",243.975,280,321,1,"status quo"
"Gombe","ts_exp_PEP",248,287,330,2,"status quo"
"Gombe","ts_exp_PEP",248,289.5,326,3,"status quo"
"Gombe","ts_exp_PEP",250,289,330,4,"status quo"
"Gombe","ts_exp_PEP",246.975,291,330.025,5,"status quo"
"Gombe","ts_exp_PEP",252.975,290,330,6,"status quo"
"Gombe","ts_exp_PEP",249,289,332.025,7,"status quo"
"Gombe","ts_exp_PEP",252,288,331.025,8,"status quo"
"Gombe","ts_exp_PEP",249,290,331,9,"status quo"
"Gombe","ts_exp_PEP",250.975,289,328.025,10,"status quo"
"Gombe","ts_vaccine_vials",487.95,560,642,1,"status quo"
"Gombe","ts_vaccine_vials",496,574,660,2,"status quo"
"Gombe","ts_vaccine_vials",496,579,652,3,"status quo"
"Gombe","ts_vaccine_vials",500,578,660,4,"status quo"
"Gombe","ts_vaccine_vials",493.95,582,660.05,5,"status quo"
"Gombe","ts_vaccine_vials",505.95,580,660,6,"status quo"
"Gombe","ts_vaccine_vials",498,578,664.05,7,"status quo"
"Gombe","ts_vaccine_vials",504,576,662.05,8,"status quo"
"Gombe","ts_vaccine_vials",498,580,662,9,"status quo"
"Gombe","ts_vaccine_vials",501.95,578,656.05,10,"status quo"
"Gombe","ts_rabid_dogs",1598.12375,1720.59375,1833.97625,1,"status quo"
"Gombe","ts_rabid_dogs",1651.089375,1770.0125,1872.524375,2,"status quo"
"Gombe","ts_rabid_dogs",1660.625,1780.0125,1879.4859375,3,"status quo"
"Gombe","ts_rabid_dogs",1670.075625,1784.925,1881.36375,4,"status quo"
"Gombe","ts_rabid_dogs",1672.00125,1784.975,1882.9728125,5,"status quo"
"Gombe","ts_rabid_dogs",1670.536875,1784.5,1884.8878125,6,"status quo"
"Gombe","ts_rabid_dogs",1673.5615625,1784.4875,1888.3884375,7,"status quo"
"Gombe","ts_rabid_dogs",1671.0265625,1784.4625,1891.3390625,8,"status quo"
"Gombe","ts_rabid_dogs",1667.514375,1784.5,1883.4125,9,"status quo"
"Gombe","ts_rabid_dogs",1661.123125,1780.00625,1888.8765625,10,"status quo"
"Imo","ts_deaths",278.975,332,397,1,"status quo"
"Imo","ts_deaths",298,356,417.025,2,"status quo"
"Imo","ts_deaths",312,369.5,433.025,3,"status quo"
"Imo","ts_deaths",317.975,376,445.025,4,"status quo"
"Imo","ts_deaths",323,381,444.025,5,"status quo"
"Imo","ts_deaths",322.95,383,447.025,6,"status quo"
"Imo","ts_deaths",321,385,452.025,7,"status quo"
"Imo","ts_deaths",324.95,385,451.025,8,"status quo"
"Imo","ts_deaths",324.975,384,448,9,"status quo"
"Imo","ts_deaths",329,385,447.025,10,"status quo"
"Imo","ts_exposures",4137.875,4815,5542,1,"status quo"
"Imo","ts_exposures",4512.95,5169.5,5860.2,2,"status quo"
"Imo","ts_exposures",4653.925,5363,6053.4,3,"status quo"
"Imo","ts_exposures",4729.925,5450.5,6271.1,4,"status quo"
"Imo","ts_exposures",4833.975,5508,6280.35,5,"status quo"
"Imo","ts_exposures",4819.8,5554.5,6334.025,6,"status quo"
"Imo","ts_exposures",4812.8,5581.5,6310.05,7,"status quo"
"Imo","ts_exposures",4850.9,5566,6317.325,8,"status quo"
"Imo","ts_exposures",4886.875,5583,6270.2,9,"status quo"
"Imo","ts_exposures",4915.775,5594,6312.875,10,"status quo"
"Imo","ts_exp_PEP",2457.975,2862,3304.05,1,"status quo"
"Imo","ts_exp_PEP",2685.825,3072,3482.2,2,"status quo"
"Imo","ts_exp_PEP",2756.975,3185,3591.225,3,"status quo"
"Imo","ts_exp_PEP",2812.9,3238,3714.35,4,"status quo"
"Imo","ts_exp_PEP",2873.95,3274,3751.025,5,"status quo"
"Imo","ts_exp_PEP",2860,3301,3766.05,6,"status quo"
"Imo","ts_exp_PEP",2845.975,3319,3744.1,7,"status quo"
"Imo","ts_exp_PEP",2893.725,3307.5,3748,8,"status quo"
"Imo","ts_exp_PEP",2908.95,3310.5,3739.025,9,"status quo"
"Imo","ts_exp_PEP",2910.825,3319.5,3756.075,10,"status quo"
"Imo","ts_vaccine_vials",4915.95,5724,6608.1,1,"status quo"
"Imo","ts_vaccine_vials",5371.65,6144,6964.4,2,"status quo"
"Imo","ts_vaccine_vials",5513.95,6370,7182.45,3,"status quo"
"Imo","ts_vaccine_vials",5625.8,6476,7428.7,4,"status quo"
"Imo","ts_vaccine_vials",5747.9,6548,7502.05,5,"status quo"
"Imo","ts_vaccine_vials",5720,6602,7532.1,6,"status quo"
"Imo","ts_vaccine_vials",5691.95,6638,7488.2,7,"status quo"
"Imo","ts_vaccine_vials",5787.45,6615,7496,8,"status quo"
"Imo","ts_vaccine_vials",5817.9,6621,7478.05,9,"status quo"
"Imo","ts_vaccine_vials",5821.65,6639,7512.15,10,"status quo"
"Imo","ts_rabid_dogs",10935.3809375,12681.45625,14447.1128125,1,"status quo"
"Imo","ts_rabid_dogs",11864.4459375,13628.03125,15465.4759375,2,"status quo"
"Imo","ts_rabid_dogs",12263.5428125,14137.29375,16002.478125,3,"status quo"
"Imo","ts_rabid_dogs",12617.7871875,14398.9625,16428.2015625,4,"status quo"
"Imo","ts_rabid_dogs",12821.663125,14542.86875,16427.11875,5,"status quo"
"Imo","ts_rabid_dogs",12774.9946875,14625.26875,16662.39875,6,"status quo"
"Imo","ts_rabid_dogs",12676.2146875,14670.8,16661.2546875,7,"status quo"
"Imo","ts_rabid_dogs",12801.4840625,14725.1875,16619.60875,8,"status quo"
"Imo","ts_rabid_dogs",12904.950625,14682.95,16479.7325,9,"status quo"
"Imo","ts_rabid_dogs",12940.1796875,14728.1375,16590.32,10,"status quo"
"Jigawa","ts_deaths",82,103,124,1,"status quo"
"Jigawa","ts_deaths",84,104,126.025,2,"status quo"
"Jigawa","ts_deaths",85,106,129,3,"status quo"
"Jigawa","ts_deaths",84,105,127,4,"status quo"
"Jigawa","ts_deaths",84,105,128,5,"status quo"
"Jigawa","ts_deaths",86,106,127,6,"status quo"
"Jigawa","ts_deaths",85,105,127,7,"status quo"
"Jigawa","ts_deaths",85,106,128,8,"status quo"
"Jigawa","ts_deaths",84,105,128.025,9,"status quo"
"Jigawa","ts_deaths",84,106,129.025,10,"status quo"
"Jigawa","ts_exposures",923,1021,1124,1,"status quo"
"Jigawa","ts_exposures",945,1045,1148.025,2,"status quo"
"Jigawa","ts_exposures",960,1051,1155.025,3,"status quo"
"Jigawa","ts_exposures",957.975,1050.5,1155.05,4,"status quo"
"Jigawa","ts_exposures",957,1049.5,1153,5,"status quo"
"Jigawa","ts_exposures",957.975,1051,1148,6,"status quo"
"Jigawa","ts_exposures",946,1051,1151,7,"status quo"
"Jigawa","ts_exposures",956.975,1055.5,1156.025,8,"status quo"
"Jigawa","ts_exposures",955,1048,1151,9,"status quo"
"Jigawa","ts_exposures",954.925,1051,1146.05,10,"status quo"
"Jigawa","ts_exp_PEP",367,417,475.025,1,"status quo"
"Jigawa","ts_exp_PEP",376,427,478.025,2,"status quo"
"Jigawa","ts_exp_PEP",381.975,429,483,3,"status quo"
"Jigawa","ts_exp_PEP",380.975,430,483.025,4,"status quo"
"Jigawa","ts_exp_PEP",377,431,480,5,"status quo"
"Jigawa","ts_exp_PEP",380,430,484,6,"status quo"
"Jigawa","ts_exp_PEP",377,429,482.025,7,"status quo"
"Jigawa","ts_exp_PEP",379,431,482.025,8,"status quo"
"Jigawa","ts_exp_PEP",378,428,480,9,"status quo"
"Jigawa","ts_exp_PEP",379.975,429,482,10,"status quo"
"Jigawa","ts_vaccine_vials",734,834,950.05,1,"status quo"
"Jigawa","ts_vaccine_vials",752,854,956.05,2,"status quo"
"Jigawa","ts_vaccine_vials",763.95,858,966,3,"status quo"
"Jigawa","ts_vaccine_vials",761.95,860,966.05,4,"status quo"
"Jigawa","ts_vaccine_vials",754,862,960,5,"status quo"
"Jigawa","ts_vaccine_vials",760,860,968,6,"status quo"
"Jigawa","ts_vaccine_vials",754,858,964.05,7,"status quo"
"Jigawa","ts_vaccine_vials",758,862,964.05,8,"status quo"
"Jigawa","ts_vaccine_vials",756,856,960,9,"status quo"
"Jigawa","ts_vaccine_vials",759.95,858,964,10,"status quo"
"Jigawa","ts_rabid_dogs",2530.87625,2726.04375,2891.519375,1,"status quo"
"Jigawa","ts_rabid_dogs",2615.430625,2792.66875,2946.965,2,"status quo"
"Jigawa","ts_rabid_dogs",2624.9284375,2804.74375,2965.8659375,3,"status quo"
"Jigawa","ts_rabid_dogs",2628.859375,2803.95,2956.5209375,4,"status quo"
"Jigawa","ts_rabid_dogs",2634.2746875,2805.89375,2957.8584375,5,"status quo"
"Jigawa","ts_rabid_dogs",2635.36875,2799.8875,2955.96375,6,"status quo"
"Jigawa","ts_rabid_dogs",2623.795,2800.16875,2960.335,7,"status quo"
"Jigawa","ts_rabid_dogs",2636.74375,2807.90625,2961.435625,8,"status quo"
"Jigawa","ts_rabid_dogs",2630.7046875,2803.9375,2961.2509375,9,"status quo"
"Jigawa","ts_rabid_dogs",2626.2846875,2800.7,2954.95375,10,"status quo"
"Kaduna","ts_deaths",141,169,201,1,"status quo"
"Kaduna","ts_deaths",148,178,209.025,2,"status quo"
"Kaduna","ts_deaths",149.975,181,213,3,"status quo"
"Kaduna","ts_deaths",151,182,210,4,"status quo"
"Kaduna","ts_deaths",154.975,182,213.025,5,"status quo"
"Kaduna","ts_deaths",153,183,214,6,"status quo"
"Kaduna","ts_deaths",152,182,214,7,"status quo"
"Kaduna","ts_deaths",153,182,214,8,"status quo"
"Kaduna","ts_deaths",153.975,182,213,9,"status quo"
"Kaduna","ts_deaths",155,182,214,10,"status quo"
"Kaduna","ts_exposures",1819,2012,2217,1,"status quo"
"Kaduna","ts_exposures",1905.95,2105.5,2303.025,2,"status quo"
"Kaduna","ts_exposures",1946.95,2138,2326.05,3,"status quo"
"Kaduna","ts_exposures",1946,2152.5,2346,4,"status quo"
"Kaduna","ts_exposures",1975.95,2161,2354.025,5,"status quo"
"Kaduna","ts_exposures",1964.925,2163,2351.025,6,"status quo"
"Kaduna","ts_exposures",1961.95,2160,2359.075,7,"status quo"
"Kaduna","ts_exposures",1971.925,2168,2346.2,8,"status quo"
"Kaduna","ts_exposures",1959.975,2159,2344,9,"status quo"
"Kaduna","ts_exposures",1966.975,2159.5,2356.125,10,"status quo"
"Kaduna","ts_exp_PEP",907,1009,1115,1,"status quo"
"Kaduna","ts_exp_PEP",951.975,1056,1169.025,2,"status quo"
"Kaduna","ts_exp_PEP",972.95,1074,1180.05,3,"status quo"
"Kaduna","ts_exp_PEP",973.95,1080,1190.025,4,"status quo"
"Kaduna","ts_exp_PEP",981.975,1082,1200.05,5,"status quo"
"Kaduna","ts_exp_PEP",978,1084,1191,6,"status quo"
"Kaduna","ts_exp_PEP",980,1086,1192,7,"status quo"
"Kaduna","ts_exp_PEP",987.975,1090,1189,8,"status quo"
"Kaduna","ts_exp_PEP",977.975,1086,1197.1,9,"status quo"
"Kaduna","ts_exp_PEP",982,1082,1193,10,"status quo"
"Kaduna","ts_vaccine_vials",1814,2018,2230,1,"status quo"
"Kaduna","ts_vaccine_vials",1903.95,2112,2338.05,2,"status quo"
"Kaduna","ts_vaccine_vials",1945.9,2148,2360.1,3,"status quo"
"Kaduna","ts_vaccine_vials",1947.9,2160,2380.05,4,"status quo"
"Kaduna","ts_vaccine_vials",1963.95,2164,2400.1,5,"status quo"
"Kaduna","ts_vaccine_vials",1956,2168,2382,6,"status quo"
"Kaduna","ts_vaccine_vials",1960,2172,2384,7,"status quo"
"Kaduna","ts_vaccine_vials",1975.95,2180,2378,8,"status quo"
"Kaduna","ts_vaccine_vials",1955.95,2172,2394.2,9,"status quo"
"Kaduna","ts_vaccine_vials",1964,2164,2386,10,"status quo"
"Kaduna","ts_rabid_dogs",4876.370625,5335.2125,5779.776875,1,"status quo"
"Kaduna","ts_rabid_dogs",5116.5884375,5582.51875,6017.63125,2,"status quo"
"Kaduna","ts_rabid_dogs",5236.34625,5682.80625,6082.155625,3,"status quo"
"Kaduna","ts_rabid_dogs",5271.21375,5700.6625,6107.4196875,4,"status quo"
"Kaduna","ts_rabid_dogs",5260.980625,5733.66875,6136.465625,5,"status quo"
"Kaduna","ts_rabid_dogs",5262.6884375,5724.65,6104.1125,6,"status quo"
"Kaduna","ts_rabid_dogs",5257.2015625,5727.46875,6135.168125,7,"status quo"
"Kaduna","ts_rabid_dogs",5301.189375,5721.475,6153.1253125,8,"status quo"
"Kaduna","ts_rabid_dogs",5308.22375,5733.9,6156.57125,9,"status quo"
"Kaduna","ts_rabid_dogs",5298.99,5727.85625,6151.0221875,10,"status quo"
"Kano","ts_deaths",168.975,199,235,1,"status quo"
"Kano","ts_deaths",174,204,238,2,"status quo"
"Kano","ts_deaths",174.975,207,238,3,"status quo"
"Kano","ts_deaths",175,208,240,4,"status quo"
"Kano","ts_deaths",175,207,237,5,"status quo"
"Kano","ts_deaths",175,207,240,6,"status quo"
"Kano","ts_deaths",176,207,240,7,"status quo"
"Kano","ts_deaths",175,207,241,8,"status quo"
"Kano","ts_deaths",173,206,241,9,"status quo"
"Kano","ts_deaths",176,206,239,10,"status quo"
"Kano","ts_exposures",1963.95,2150,2356.075,1,"status quo"
"Kano","ts_exposures",2027.875,2214,2401.05,2,"status quo"
"Kano","ts_exposures",2030.975,2228,2403.025,3,"status quo"
"Kano","ts_exposures",2031.9,2229,2421.025,4,"status quo"
"Kano","ts_exposures",2039.9,2230,2419.1,5,"status quo"
"Kano","ts_exposures",2048.975,2238,2405.025,6,"status quo"
"Kano","ts_exposures",2057.95,2234,2409.025,7,"status quo"
"Kano","ts_exposures",2047,2232,2412.025,8,"status quo"
"Kano","ts_exposures",2038,2226,2401.025,9,"status quo"
"Kano","ts_exposures",2037.975,2227,2418.025,10,"status quo"
"Kano","ts_exp_PEP",880.975,976,1077.025,1,"status quo"
"Kano","ts_exp_PEP",915.975,1004,1105.025,2,"status quo"
"Kano","ts_exp_PEP",915.95,1012,1108.025,3,"status quo"
"Kano","ts_exp_PEP",916.975,1011,1109.025,4,"status quo"
"Kano","ts_exp_PEP",916.975,1012.5,1110.025,5,"status quo"
"Kano","ts_exp_PEP",919,1018,1104.025,6,"status quo"
"Kano","ts_exp_PEP",923.975,1018,1108,7,"status quo"
"Kano","ts_exp_PEP",918,1014,1114.025,8,"status quo"
"Kano","ts_exp_PEP",919.975,1012,1103,9,"status quo"
"Kano","ts_exp_PEP",915.95,1014.5,1108.05,10,"status quo"
"Kano","ts_vaccine_vials",1761.95,1952,2154.05,1,"status quo"
"Kano","ts_vaccine_vials",1831.95,2008,2210.05,2,"status quo"
"Kano","ts_vaccine_vials",1831.9,2024,2216.05,3,"status quo"
"Kano","ts_vaccine_vials",1833.95,2022,2218.05,4,"status quo"
"Kano","ts_vaccine_vials",1833.95,2025,2220.05,5,"status quo"
"Kano","ts_vaccine_vials",1838,2036,2208.05,6,"status quo"
"Kano","ts_vaccine_vials",1847.95,2036,2216,7,"status quo"
"Kano","ts_vaccine_vials",1836,2028,2228.05,8,"status quo"
"Kano","ts_vaccine_vials",1839.95,2024,2206,9,"status quo"
"Kano","ts_vaccine_vials",1831.9,2029,2216.1,10,"status quo"
"Kano","ts_rabid_dogs",5294.6403125,5691.1,6073.48843749999,1,"status quo"
"Kano","ts_rabid_dogs",5447.85218749999,5864.76250000001,6206.9046875,2,"status quo"
"Kano","ts_rabid_dogs",5486.0121875,5897.45625,6227.0096875,3,"status quo"
"Kano","ts_rabid_dogs",5496.81937499999,5905.825,6257.71968750001,4,"status quo"
"Kano","ts_rabid_dogs",5492.1809375,5906.29999999999,6254.49250000001,5,"status quo"
"Kano","ts_rabid_dogs",5507.070625,5915.2,6262.34312499999,6,"status quo"
"Kano","ts_rabid_dogs",5528.430625,5916.28750000001,6249.15937499999,7,"status quo"
"Kano","ts_rabid_dogs",5505.45125,5913.53125,6262.35406249999,8,"status quo"
"Kano","ts_rabid_dogs",5486.1315625,5905.80625,6276.67562499999,9,"status quo"
"Kano","ts_rabid_dogs",5516.83593750001,5911.73125,6267.59687499999,10,"status quo"
"Katsina","ts_deaths",103,128,152,1,"status quo"
"Katsina","ts_deaths",107,130,157,2,"status quo"
"Katsina","ts_deaths",108,131,157,3,"status quo"
"Katsina","ts_deaths",110,132,159,4,"status quo"
"Katsina","ts_deaths",108.975,132,157,5,"status quo"
"Katsina","ts_deaths",108.975,132,158,6,"status quo"
"Katsina","ts_deaths",107,131,158,7,"status quo"
"Katsina","ts_deaths",109,132,157,8,"status quo"
"Katsina","ts_deaths",108.975,133,159,9,"status quo"
"Katsina","ts_deaths",107,133,158.025,10,"status quo"
"Katsina","ts_exposures",1230.975,1364,1500,1,"status quo"
"Katsina","ts_exposures",1277.975,1409,1538,2,"status quo"
"Katsina","ts_exposures",1289.975,1417,1542.025,3,"status quo"
"Katsina","ts_exposures",1277.975,1417,1560,4,"status quo"
"Katsina","ts_exposures",1285.925,1414.5,1547.05,5,"status quo"
"Katsina","ts_exposures",1287.925,1419,1546.05,6,"status quo"
"Katsina","ts_exposures",1277.975,1412,1553,7,"status quo"
"Katsina","ts_exposures",1281.975,1418,1552.075,8,"status quo"
"Katsina","ts_exposures",1281.975,1421,1558.05,9,"status quo"
"Katsina","ts_exposures",1298,1420.5,1550,10,"status quo"
"Katsina","ts_exp_PEP",548,616,687,1,"status quo"
"Katsina","ts_exp_PEP",568.975,639,710.025,2,"status quo"
"Katsina","ts_exp_PEP",571.975,640,714,3,"status quo"
"Katsina","ts_exp_PEP",567,639,712.025,4,"status quo"
"Katsina","ts_exp_PEP",571.975,640,711.05,5,"status quo"
"Katsina","ts_exp_PEP",575,639.5,712,6,"status quo"
"Katsina","ts_exp_PEP",570.975,639,713,7,"status quo"
"Katsina","ts_exp_PEP",568.975,641,716,8,"status quo"
"Katsina","ts_exp_PEP",571,642,712,9,"status quo"
"Katsina","ts_exp_PEP",575.975,642,711.025,10,"status quo"
"Katsina","ts_vaccine_vials",1096,1232,1374,1,"status quo"
"Katsina","ts_vaccine_vials",1137.95,1278,1420.05,2,"status quo"
"Katsina","ts_vaccine_vials",1143.95,1280,1428,3,"status quo"
"Katsina","ts_vaccine_vials",1134,1278,1424.05,4,"status quo"
"Katsina","ts_vaccine_vials",1143.95,1280,1422.1,5,"status quo"
"Katsina","ts_vaccine_vials",1150,1279,1424,6,"status quo"
"Katsina","ts_vaccine_vials",1141.95,1278,1426,7,"status quo"
"Katsina","ts_vaccine_vials",1137.95,1282,1432,8,"status quo"
"Katsina","ts_vaccine_vials",1142,1284,1424,9,"status quo"
"Katsina","ts_vaccine_vials",1151.95,1284,1422.05,10,"status quo"
"Katsina","ts_rabid_dogs",3353.4046875,3626.71875,3900.7321875,1,"status quo"
"Katsina","ts_rabid_dogs",3486.88,3745.7125,3992.1565625,2,"status quo"
"Katsina","ts_rabid_dogs",3493.345625,3761.25625,4005.84468750001,3,"status quo"
"Katsina","ts_rabid_dogs",3515.9703125,3765.20625,4005.8521875,4,"status quo"
"Katsina","ts_rabid_dogs",3502.2725,3774.2,4018.76531249999,5,"status quo"
"Katsina","ts_rabid_dogs",3510.9865625,3765.25625,4008.506875,6,"status quo"
"Katsina","ts_rabid_dogs",3510.9653125,3769.475,4009.05406249999,7,"status quo"
"Katsina","ts_rabid_dogs",3513.67,3766.9875,4001.423125,8,"status quo"
"Katsina","ts_rabid_dogs",3519.610625,3771.51875,4010.39000000001,9,"status quo"
"Katsina","ts_rabid_dogs",3533.411875,3765.1875,4018.54,10,"status quo"
"Kebbi","ts_deaths",48.975,65,81,1,"status quo"
"Kebbi","ts_deaths",52,67,84,2,"status quo"
"Kebbi","ts_deaths",51,67,85,3,"status quo"
"Kebbi","ts_deaths",52,68,86,4,"status quo"
"Kebbi","ts_deaths",52,68,85.025,5,"status quo"
"Kebbi","ts_deaths",52,68,86,6,"status quo"
"Kebbi","ts_deaths",52,68,86,7,"status quo"
"Kebbi","ts_deaths",52,68,87,8,"status quo"
"Kebbi","ts_deaths",51,68,87,9,"status quo"
"Kebbi","ts_deaths",52,67,86,10,"status quo"
"Kebbi","ts_exposures",636,721,807.025,1,"status quo"
"Kebbi","ts_exposures",661.95,751,833.025,2,"status quo"
"Kebbi","ts_exposures",669,753,845,3,"status quo"
"Kebbi","ts_exposures",678.975,757,840.025,4,"status quo"
"Kebbi","ts_exposures",673,760,846.05,5,"status quo"
"Kebbi","ts_exposures",677,761,844.025,6,"status quo"
"Kebbi","ts_exposures",672,758,839.05,7,"status quo"
"Kebbi","ts_exposures",678.975,759,845,8,"status quo"
"Kebbi","ts_exposures",672.975,758,843.05,9,"status quo"
"Kebbi","ts_exposures",676.95,759,843,10,"status quo"
"Kebbi","ts_exp_PEP",291.975,340,386,1,"status quo"
"Kebbi","ts_exp_PEP",306.975,353,401,2,"status quo"
"Kebbi","ts_exp_PEP",308,355,404.025,3,"status quo"
"Kebbi","ts_exp_PEP",313.975,356,404.025,4,"status quo"
"Kebbi","ts_exp_PEP",309,358,408.025,5,"status quo"
"Kebbi","ts_exp_PEP",311,357,409.025,6,"status quo"
"Kebbi","ts_exp_PEP",310,358.5,403.025,7,"status quo"
"Kebbi","ts_exp_PEP",312.975,357,406.025,8,"status quo"
"Kebbi","ts_exp_PEP",309,357,411,9,"status quo"
"Kebbi","ts_exp_PEP",308,357,406.05,10,"status quo"
"Kebbi","ts_vaccine_vials",583.95,680,772,1,"status quo"
"Kebbi","ts_vaccine_vials",613.95,706,802,2,"status quo"
"Kebbi","ts_vaccine_vials",616,710,808.05,3,"status quo"
"Kebbi","ts_vaccine_vials",627.95,712,808.05,4,"status quo"
"Kebbi","ts_vaccine_vials",618,716,816.05,5,"status quo"
"Kebbi","ts_vaccine_vials",622,714,818.05,6,"status quo"
"Kebbi","ts_vaccine_vials",620,717,806.05,7,"status quo"
"Kebbi","ts_vaccine_vials",625.95,714,812.05,8,"status quo"
"Kebbi","ts_vaccine_vials",618,714,822,9,"status quo"
"Kebbi","ts_vaccine_vials",616,714,812.1,10,"status quo"
"Kebbi","ts_rabid_dogs",1789.759375,1957.3,2105.9128125,1,"status quo"
"Kebbi","ts_rabid_dogs",1882.18875,2037.1625,2177.641875,2,"status quo"
"Kebbi","ts_rabid_dogs",1894.16875,2058.91875,2188.6509375,3,"status quo"
"Kebbi","ts_rabid_dogs",1909.236875,2063.80625,2206.7078125,4,"status quo"
"Kebbi","ts_rabid_dogs",1915.3115625,2064,2206.5790625,5,"status quo"
"Kebbi","ts_rabid_dogs",1923.18875,2071,2204.6253125,6,"status quo"
"Kebbi","ts_rabid_dogs",1917.099375,2064.9375,2206.5246875,7,"status quo"
"Kebbi","ts_rabid_dogs",1912.311875,2061.4,2211.45125,8,"status quo"
"Kebbi","ts_rabid_dogs",1906.9959375,2062.94375,2204.3528125,9,"status quo"
"Kebbi","ts_rabid_dogs",1921.27375,2061.025,2199.5990625,10,"status quo"
"Kogi","ts_deaths",36,51,68,1,"status quo"
"Kogi","ts_deaths",39,54,73,2,"status quo"
"Kogi","ts_deaths",41,56,75,3,"status quo"
"Kogi","ts_deaths",43,57,75,4,"status quo"
"Kogi","ts_deaths",41,58,75,5,"status quo"
"Kogi","ts_deaths",42,58,76,6,"status quo"
"Kogi","ts_deaths",43,58,77.025,7,"status quo"
"Kogi","ts_deaths",42,59,78,8,"status quo"
"Kogi","ts_deaths",42,59,77,9,"status quo"
"Kogi","ts_deaths",43,59,78,10,"status quo"
"Kogi","ts_exposures",625,746,872.05,1,"status quo"
"Kogi","ts_exposures",659.95,794,939.025,2,"status quo"
"Kogi","ts_exposures",693,822,951.025,3,"status quo"
"Kogi","ts_exposures",699,834,972,4,"status quo"
"Kogi","ts_exposures",716.975,843,975.025,5,"status quo"
"Kogi","ts_exposures",721.95,846.5,976,6,"status quo"
"Kogi","ts_exposures",721.95,852,981,7,"status quo"
"Kogi","ts_exposures",712,854,992.05,8,"status quo"
"Kogi","ts_exposures",723,856,982.025,9,"status quo"
"Kogi","ts_exposures",728.925,857.5,997.025,10,"status quo"
"Kogi","ts_exp_PEP",367,444,525.05,1,"status quo"
"Kogi","ts_exp_PEP",387.975,472,561.025,2,"status quo"
"Kogi","ts_exp_PEP",406.975,489,575.025,3,"status quo"
"Kogi","ts_exp_PEP",413.95,496,581,4,"status quo"
"Kogi","ts_exp_PEP",422,499,586.025,5,"status quo"
"Kogi","ts_exp_PEP",426,503,589,6,"status quo"
"Kogi","ts_exp_PEP",421,505,585.025,7,"status quo"
"Kogi","ts_exp_PEP",419.975,506,598,8,"status quo"
"Kogi","ts_exp_PEP",428.975,508,590,9,"status quo"
"Kogi","ts_exp_PEP",423.975,510,596.025,10,"status quo"
"Kogi","ts_vaccine_vials",734,888,1050.1,1,"status quo"
"Kogi","ts_vaccine_vials",775.95,944,1122.05,2,"status quo"
"Kogi","ts_vaccine_vials",813.95,978,1150.05,3,"status quo"
"Kogi","ts_vaccine_vials",827.9,992,1162,4,"status quo"
"Kogi","ts_vaccine_vials",844,998,1172.05,5,"status quo"
"Kogi","ts_vaccine_vials",852,1006,1178,6,"status quo"
"Kogi","ts_vaccine_vials",842,1010,1170.05,7,"status quo"
"Kogi","ts_vaccine_vials",839.95,1012,1196,8,"status quo"
"Kogi","ts_vaccine_vials",857.95,1016,1180,9,"status quo"
"Kogi","ts_vaccine_vials",847.95,1020,1192.05,10,"status quo"
"Kogi","ts_rabid_dogs",1703.8346875,1970.0625,2252.711875,1,"status quo"
"Kogi","ts_rabid_dogs",1811.225625,2092.275,2409.2203125,2,"status quo"
"Kogi","ts_rabid_dogs",1885.256875,2170.13125,2468.820625,3,"status quo"
"Kogi","ts_rabid_dogs",1909.744375,2208.39375,2517.57875,4,"status quo"
"Kogi","ts_rabid_dogs",1939.8734375,2220.66875,2533.6503125,5,"status quo"
"Kogi","ts_rabid_dogs",1961.0225,2241.125,2530.1246875,6,"status quo"
"Kogi","ts_rabid_dogs",1964.9684375,2247.44375,2521.1178125,7,"status quo"
"Kogi","ts_rabid_dogs",1954.2296875,2255.775,2543.613125,8,"status quo"
"Kogi","ts_rabid_dogs",1956.934375,2264.30625,2554.7059375,9,"status quo"
"Kogi","ts_rabid_dogs",1941.321875,2256.85,2553.1259375,10,"status quo"
"Kwara","ts_deaths",3,7,14,1,"status quo"
"Kwara","ts_deaths",2,7,13,2,"status quo"
"Kwara","ts_deaths",2,7,13,3,"status quo"
"Kwara","ts_deaths",2,7,13,4,"status quo"
"Kwara","ts_deaths",2,6,12.025,5,"status quo"
"Kwara","ts_deaths",2,6,12,6,"status quo"
"Kwara","ts_deaths",2,6,12,7,"status quo"
"Kwara","ts_deaths",2,6,12,8,"status quo"
"Kwara","ts_deaths",2,6,12.025,9,"status quo"
"Kwara","ts_deaths",1,6,12,10,"status quo"
"Kwara","ts_exposures",99,138,185,1,"status quo"
"Kwara","ts_exposures",90,129,175.025,2,"status quo"
"Kwara","ts_exposures",83,124,170.025,3,"status quo"
"Kwara","ts_exposures",84,120,165,4,"status quo"
"Kwara","ts_exposures",78,117,162.025,5,"status quo"
"Kwara","ts_exposures",77.975,114.5,159,6,"status quo"
"Kwara","ts_exposures",77.975,114,159,7,"status quo"
"Kwara","ts_exposures",75.975,113,159,8,"status quo"
"Kwara","ts_exposures",76.975,111,156,9,"status quo"
"Kwara","ts_exposures",74.975,113,150.025,10,"status quo"
"Kwara","ts_exp_PEP",64,92,126,1,"status quo"
"Kwara","ts_exp_PEP",58,87,120,2,"status quo"
"Kwara","ts_exp_PEP",54,83,116,3,"status quo"
"Kwara","ts_exp_PEP",54,80,113,4,"status quo"
"Kwara","ts_exp_PEP",51,79,113,5,"status quo"
"Kwara","ts_exp_PEP",50,77,108.025,6,"status quo"
"Kwara","ts_exp_PEP",49,77,108,7,"status quo"
"Kwara","ts_exp_PEP",49,76,109,8,"status quo"
"Kwara","ts_exp_PEP",50,75,108,9,"status quo"
"Kwara","ts_exp_PEP",48,75,104,10,"status quo"
"Kwara","ts_vaccine_vials",128,184,252,1,"status quo"
"Kwara","ts_vaccine_vials",116,174,240,2,"status quo"
"Kwara","ts_vaccine_vials",108,166,232,3,"status quo"
"Kwara","ts_vaccine_vials",108,160,226,4,"status quo"
"Kwara","ts_vaccine_vials",102,158,226,5,"status quo"
"Kwara","ts_vaccine_vials",100,154,216.05,6,"status quo"
"Kwara","ts_vaccine_vials",98,154,216,7,"status quo"
"Kwara","ts_vaccine_vials",98,152,218,8,"status quo"
"Kwara","ts_vaccine_vials",100,150,216,9,"status quo"
"Kwara","ts_vaccine_vials",96,150,208,10,"status quo"
"Kwara","ts_rabid_dogs",286,363.13125,455.2878125,1,"status quo"
"Kwara","ts_rabid_dogs",259.4021875,341.41875,434.7065625,2,"status quo"
"Kwara","ts_rabid_dogs",250,325.83125,419.6909375,3,"status quo"
"Kwara","ts_rabid_dogs",242.4021875,316.26875,398.8878125,4,"status quo"
"Kwara","ts_rabid_dogs",229.975,307.83125,397.128125,5,"status quo"
"Kwara","ts_rabid_dogs",226.985625,303.25625,395.85625,6,"status quo"
"Kwara","ts_rabid_dogs",224,301.8375,386.9246875,7,"status quo"
"Kwara","ts_rabid_dogs",225.4,299,389.4496875,8,"status quo"
"Kwara","ts_rabid_dogs",220.985625,298.425,387.8325,9,"status quo"
"Kwara","ts_rabid_dogs",218.985625,294.1375,383.6628125,10,"status quo"
"Lagos","ts_deaths",0,2,5,1,"status quo"
"Lagos","ts_deaths",0,2,5,2,"status quo"
"Lagos","ts_deaths",0,2,5,3,"status quo"
"Lagos","ts_deaths",0,2,5,4,"status quo"
"Lagos","ts_deaths",0,2,5,5,"status quo"
"Lagos","ts_deaths",0,2,5,6,"status quo"
"Lagos","ts_deaths",0,2,5,7,"status quo"
"Lagos","ts_deaths",0,2,5,8,"status quo"
"Lagos","ts_deaths",0,2,5,9,"status quo"
"Lagos","ts_deaths",0,2,5,10,"status quo"
"Lagos","ts_exposures",35,58,95,1,"status quo"
"Lagos","ts_exposures",26,49,84.025,2,"status quo"
"Lagos","ts_exposures",24,48,92,3,"status quo"
"Lagos","ts_exposures",24,47,98,4,"status quo"
"Lagos","ts_exposures",26,48,96,5,"status quo"
"Lagos","ts_exposures",26,49,96.025,6,"status quo"
"Lagos","ts_exposures",25,49,99.025,7,"status quo"
"Lagos","ts_exposures",26,49,102,8,"status quo"
"Lagos","ts_exposures",25,50,106,9,"status quo"
"Lagos","ts_exposures",24,49,101.025,10,"status quo"
"Lagos","ts_exp_PEP",26,46,76,1,"status quo"
"Lagos","ts_exp_PEP",19,39,68,2,"status quo"
"Lagos","ts_exp_PEP",18.975,38,76.025,3,"status quo"
"Lagos","ts_exp_PEP",18,38,80,4,"status quo"
"Lagos","ts_exp_PEP",20,38.5,79,5,"status quo"
"Lagos","ts_exp_PEP",20,39,78.025,6,"status quo"
"Lagos","ts_exp_PEP",20,39,79,7,"status quo"
"Lagos","ts_exp_PEP",20,39,81,8,"status quo"
"Lagos","ts_exp_PEP",19,40,84,9,"status quo"
"Lagos","ts_exp_PEP",19,40,82,10,"status quo"
"Lagos","ts_vaccine_vials",52,92,152,1,"status quo"
"Lagos","ts_vaccine_vials",38,78,136,2,"status quo"
"Lagos","ts_vaccine_vials",37.95,76,152.05,3,"status quo"
"Lagos","ts_vaccine_vials",36,76,160,4,"status quo"
"Lagos","ts_vaccine_vials",40,77,158,5,"status quo"
"Lagos","ts_vaccine_vials",40,78,156.05,6,"status quo"
"Lagos","ts_vaccine_vials",40,78,158,7,"status quo"
"Lagos","ts_vaccine_vials",40,78,162,8,"status quo"
"Lagos","ts_vaccine_vials",38,80,168,9,"status quo"
"Lagos","ts_vaccine_vials",38,80,164,10,"status quo"
"Lagos","ts_rabid_dogs",104,152,226.05,1,"status quo"
"Lagos","ts_rabid_dogs",83.975,128,219.8171875,2,"status quo"
"Lagos","ts_rabid_dogs",80,125,234.02,3,"status quo"
"Lagos","ts_rabid_dogs",79.975,125,243.875,4,"status quo"
"Lagos","ts_rabid_dogs",81,126,246.805,5,"status quo"
"Lagos","ts_rabid_dogs",79.975,128,248.8875,6,"status quo"
"Lagos","ts_rabid_dogs",80,129,251.8421875,7,"status quo"
"Lagos","ts_rabid_dogs",83,130,260.825,8,"status quo"
"Lagos","ts_rabid_dogs",80.975,129,261.02,9,"status quo"
"Lagos","ts_rabid_dogs",79,127,263.8671875,10,"status quo"
"Nasarawa","ts_deaths",46,61,77,1,"status quo"
"Nasarawa","ts_deaths",47,63,80,2,"status quo"
"Nasarawa","ts_deaths",48,63,80,3,"status quo"
"Nasarawa","ts_deaths",47,63,79,4,"status quo"
"Nasarawa","ts_deaths",48,63,81,5,"status quo"
"Nasarawa","ts_deaths",48,63,80.025,6,"status quo"
"Nasarawa","ts_deaths",48,63,82,7,"status quo"
"Nasarawa","ts_deaths",48,63,80,8,"status quo"
"Nasarawa","ts_deaths",48,62,80.025,9,"status quo"
"Nasarawa","ts_deaths",48,63,81,10,"status quo"
"Nasarawa","ts_exposures",568.975,651,738,1,"status quo"
"Nasarawa","ts_exposures",590.975,672,746.05,2,"status quo"
"Nasarawa","ts_exposures",593.975,674,758.05,3,"status quo"
"Nasarawa","ts_exposures",591.975,677,761,4,"status quo"
"Nasarawa","ts_exposures",593.975,675,762.025,5,"status quo"
"Nasarawa","ts_exposures",596.95,678,758.025,6,"status quo"
"Nasarawa","ts_exposures",601.975,675,767,7,"status quo"
"Nasarawa","ts_exposures",593.975,675,763.025,8,"status quo"
"Nasarawa","ts_exposures",600,675,762.025,9,"status quo"
"Nasarawa","ts_exposures",591,677,764.05,10,"status quo"
"Nasarawa","ts_exp_PEP",249,292,337.025,1,"status quo"
"Nasarawa","ts_exp_PEP",259,301,346.025,2,"status quo"
"Nasarawa","ts_exp_PEP",259.975,302,349,3,"status quo"
"Nasarawa","ts_exp_PEP",257.975,302.5,351,4,"status quo"
"Nasarawa","ts_exp_PEP",260,304,346.025,5,"status quo"
"Nasarawa","ts_exp_PEP",259,305,349,6,"status quo"
"Nasarawa","ts_exp_PEP",258,303,348.025,7,"status quo"
"Nasarawa","ts_exp_PEP",260,303,352,8,"status quo"
"Nasarawa","ts_exp_PEP",264,304,348.025,9,"status quo"
"Nasarawa","ts_exp_PEP",262,304,350,10,"status quo"
"Nasarawa","ts_vaccine_vials",498,584,674.05,1,"status quo"
"Nasarawa","ts_vaccine_vials",518,602,692.05,2,"status quo"
"Nasarawa","ts_vaccine_vials",519.95,604,698,3,"status quo"
"Nasarawa","ts_vaccine_vials",515.95,605,702,4,"status quo"
"Nasarawa","ts_vaccine_vials",520,608,692.05,5,"status quo"
"Nasarawa","ts_vaccine_vials",518,610,698,6,"status quo"
"Nasarawa","ts_vaccine_vials",516,606,696.05,7,"status quo"
"Nasarawa","ts_vaccine_vials",520,606,704,8,"status quo"
"Nasarawa","ts_vaccine_vials",528,608,696.05,9,"status quo"
"Nasarawa","ts_vaccine_vials",524,608,700,10,"status quo"
"Nasarawa","ts_rabid_dogs",1613.679375,1752.08125,1890.7465625,1,"status quo"
"Nasarawa","ts_rabid_dogs",1667.8671875,1809.20625,1937.8084375,2,"status quo"
"Nasarawa","ts_rabid_dogs",1683.8528125,1818.875,1942.3409375,3,"status quo"
"Nasarawa","ts_rabid_dogs",1682.69875,1826.94375,1956.07,4,"status quo"
"Nasarawa","ts_rabid_dogs",1694.3559375,1823.48125,1947.2978125,5,"status quo"
"Nasarawa","ts_rabid_dogs",1682.9934375,1827.59375,1948.02,6,"status quo"
"Nasarawa","ts_rabid_dogs",1695.5025,1821.3125,1954.8709375,7,"status quo"
"Nasarawa","ts_rabid_dogs",1690.31,1820.46875,1956.0759375,8,"status quo"
"Nasarawa","ts_rabid_dogs",1695.7821875,1822.29375,1953.76625,9,"status quo"
"Nasarawa","ts_rabid_dogs",1688.571875,1824.2875,1947.780625,10,"status quo"
"Niger","ts_deaths",108,132,157,1,"status quo"
"Niger","ts_deaths",111,135,160.025,2,"status quo"
"Niger","ts_deaths",112,136,162,3,"status quo"
"Niger","ts_deaths",112,136,164,4,"status quo"
"Niger","ts_deaths",112,136,163.025,5,"status quo"
"Niger","ts_deaths",113,136,161.025,6,"status quo"
"Niger","ts_deaths",113.975,136,163,7,"status quo"
"Niger","ts_deaths",112,137,161.025,8,"status quo"
"Niger","ts_deaths",111.975,137,160.025,9,"status quo"
"Niger","ts_deaths",112,136,162,10,"status quo"
"Niger","ts_exposures",1232,1358,1483.025,1,"status quo"
"Niger","ts_exposures",1265.975,1397.5,1525,2,"status quo"
"Niger","ts_exposures",1279.95,1405.5,1542.15,3,"status quo"
"Niger","ts_exposures",1280.975,1405,1537.05,4,"status quo"
"Niger","ts_exposures",1277.975,1410,1546.075,5,"status quo"
"Niger","ts_exposures",1280.95,1410,1530.05,6,"status quo"
"Niger","ts_exposures",1266,1406,1531,7,"status quo"
"Niger","ts_exposures",1280.925,1405,1536.1,8,"status quo"
"Niger","ts_exposures",1283,1407.5,1541,9,"status quo"
"Niger","ts_exposures",1272.975,1406,1539.025,10,"status quo"
"Niger","ts_exp_PEP",519,584.5,653.025,1,"status quo"
"Niger","ts_exp_PEP",534,599,664.025,2,"status quo"
"Niger","ts_exp_PEP",537,604.5,671.05,3,"status quo"
"Niger","ts_exp_PEP",540,605,673,4,"status quo"
"Niger","ts_exp_PEP",534.975,603,673.05,5,"status quo"
"Niger","ts_exp_PEP",539.975,606,669.025,6,"status quo"
"Niger","ts_exp_PEP",538,604.5,665.025,7,"status quo"
"Niger","ts_exp_PEP",541,604,679.05,8,"status quo"
"Niger","ts_exp_PEP",535,604,672.025,9,"status quo"
"Niger","ts_exp_PEP",536,603,673.025,10,"status quo"
"Niger","ts_vaccine_vials",1038,1169,1306.05,1,"status quo"
"Niger","ts_vaccine_vials",1068,1198,1328.05,2,"status quo"
"Niger","ts_vaccine_vials",1074,1209,1342.1,3,"status quo"
"Niger","ts_vaccine_vials",1080,1210,1346,4,"status quo"
"Niger","ts_vaccine_vials",1069.95,1206,1346.1,5,"status quo"
"Niger","ts_vaccine_vials",1079.95,1212,1338.05,6,"status quo"
"Niger","ts_vaccine_vials",1076,1209,1330.05,7,"status quo"
"Niger","ts_vaccine_vials",1082,1208,1358.1,8,"status quo"
"Niger","ts_vaccine_vials",1070,1208,1344.05,9,"status quo"
"Niger","ts_vaccine_vials",1072,1206,1346.05,10,"status quo"
"Niger","ts_rabid_dogs",3349.7690625,3617.65625,3861.7490625,1,"status quo"
"Niger","ts_rabid_dogs",3478.355,3720.59375,3950.9234375,2,"status quo"
"Niger","ts_rabid_dogs",3491.005625,3736.21875,3983.818125,3,"status quo"
"Niger","ts_rabid_dogs",3492.239375,3743.45,3977.9521875,4,"status quo"
"Niger","ts_rabid_dogs",3497.195,3751.0875,3974.97218750001,5,"status quo"
"Niger","ts_rabid_dogs",3494.755625,3748.61875,3990.41156250001,6,"status quo"
"Niger","ts_rabid_dogs",3497.4890625,3745.825,3987.546875,7,"status quo"
"Niger","ts_rabid_dogs",3502.911875,3743.9625,3985.43281249999,8,"status quo"
"Niger","ts_rabid_dogs",3484.9328125,3744.58125,3978.841875,9,"status quo"
"Niger","ts_rabid_dogs",3486.596875,3742.575,3971.35,10,"status quo"
"Ogun","ts_deaths",0,2,5,1,"status quo"
"Ogun","ts_deaths",0,1,4,2,"status quo"
"Ogun","ts_deaths",0,1,4,3,"status quo"
"Ogun","ts_deaths",0,1,4,4,"status quo"
"Ogun","ts_deaths",0,1,4,5,"status quo"
"Ogun","ts_deaths",0,1,4,6,"status quo"
"Ogun","ts_deaths",0,1,4,7,"status quo"
"Ogun","ts_deaths",0,1,4,8,"status quo"
"Ogun","ts_deaths",0,1,4,9,"status quo"
"Ogun","ts_deaths",0,1,4,10,"status quo"
"Ogun","ts_exposures",26,45.5,70,1,"status quo"
"Ogun","ts_exposures",19,36.5,62,2,"status quo"
"Ogun","ts_exposures",17,34,60,3,"status quo"
"Ogun","ts_exposures",16,33.5,62,4,"status quo"
"Ogun","ts_exposures",16,33,60,5,"status quo"
"Ogun","ts_exposures",17,33,62,6,"status quo"
"Ogun","ts_exposures",15,34,61,7,"status quo"
"Ogun","ts_exposures",16,33,63.025,8,"status quo"
"Ogun","ts_exposures",16,34,62,9,"status quo"
"Ogun","ts_exposures",17,34,66,10,"status quo"
"Ogun","ts_exp_PEP",19,35,55,1,"status quo"
"Ogun","ts_exp_PEP",14,28,48,2,"status quo"
"Ogun","ts_exp_PEP",12,26,46,3,"status quo"
"Ogun","ts_exp_PEP",12,26,48,4,"status quo"
"Ogun","ts_exp_PEP",11,26,46,5,"status quo"
"Ogun","ts_exp_PEP",12,26,47,6,"status quo"
"Ogun","ts_exp_PEP",11,26,47,7,"status quo"
"Ogun","ts_exp_PEP",12,26,49,8,"status quo"
"Ogun","ts_exp_PEP",12,26,47,9,"status quo"
"Ogun","ts_exp_PEP",12,26,49,10,"status quo"
"Ogun","ts_vaccine_vials",38,70,110,1,"status quo"
"Ogun","ts_vaccine_vials",28,56,96,2,"status quo"
"Ogun","ts_vaccine_vials",24,52,92,3,"status quo"
"Ogun","ts_vaccine_vials",24,52,96,4,"status quo"
"Ogun","ts_vaccine_vials",22,52,92,5,"status quo"
"Ogun","ts_vaccine_vials",24,52,94,6,"status quo"
"Ogun","ts_vaccine_vials",22,52,94,7,"status quo"
"Ogun","ts_vaccine_vials",24,52,98,8,"status quo"
"Ogun","ts_vaccine_vials",24,52,94,9,"status quo"
"Ogun","ts_vaccine_vials",24,52,98,10,"status quo"
"Ogun","ts_rabid_dogs",86,121,166.025,1,"status quo"
"Ogun","ts_rabid_dogs",66,95,144.025,2,"status quo"
"Ogun","ts_rabid_dogs",59,91,142,3,"status quo"
"Ogun","ts_rabid_dogs",56,87,144.975625,4,"status quo"
"Ogun","ts_rabid_dogs",54,89,144,5,"status quo"
"Ogun","ts_rabid_dogs",56,89,144.4878125,6,"status quo"
"Ogun","ts_rabid_dogs",54,88,146,7,"status quo"
"Ogun","ts_rabid_dogs",53.975,88,152.3375,8,"status quo"
"Ogun","ts_rabid_dogs",56,89,151.2975,9,"status quo"
"Ogun","ts_rabid_dogs",56,89,152.0428125,10,"status quo"
"Ondo","ts_deaths",4,10,18,1,"status quo"
"Ondo","ts_deaths",3,8,16,2,"status quo"
"Ondo","ts_deaths",2.975,7,14,3,"status quo"
"Ondo","ts_deaths",2,7,14,4,"status quo"
"Ondo","ts_deaths",2,7,14,5,"status quo"
"Ondo","ts_deaths",2,7,13.025,6,"status quo"
"Ondo","ts_deaths",2,7,14,7,"status quo"
"Ondo","ts_deaths",2,7,14,8,"status quo"
"Ondo","ts_deaths",2,7,14,9,"status quo"
"Ondo","ts_deaths",2,7,13,10,"status quo"
"Ondo","ts_exposures",158,221,305,1,"status quo"
"Ondo","ts_exposures",131.975,184,262,2,"status quo"
"Ondo","ts_exposures",111,169,245.025,3,"status quo"
"Ondo","ts_exposures",110,164,245.05,4,"status quo"
"Ondo","ts_exposures",108,161,243.025,5,"status quo"
"Ondo","ts_exposures",107.975,162,236.05,6,"status quo"
"Ondo","ts_exposures",107,159,231.025,7,"status quo"
"Ondo","ts_exposures",103,162,244,8,"status quo"
"Ondo","ts_exposures",106,158,232.05,9,"status quo"
"Ondo","ts_exposures",106,158,235,10,"status quo"
"Ondo","ts_exp_PEP",114,162,226,1,"status quo"
"Ondo","ts_exp_PEP",96,135,193.025,2,"status quo"
"Ondo","ts_exp_PEP",81.975,124,184,3,"status quo"
"Ondo","ts_exp_PEP",79.975,120,183,4,"status quo"
"Ondo","ts_exp_PEP",76,119,180.05,5,"status quo"
"Ondo","ts_exp_PEP",78,119,174,6,"status quo"
"Ondo","ts_exp_PEP",76.975,115,172.025,7,"status quo"
"Ondo","ts_exp_PEP",73.975,118,180.025,8,"status quo"
"Ondo","ts_exp_PEP",75,117,171.025,9,"status quo"
"Ondo","ts_exp_PEP",76,115,174,10,"status quo"
"Ondo","ts_vaccine_vials",228,324,452,1,"status quo"
"Ondo","ts_vaccine_vials",192,270,386.05,2,"status quo"
"Ondo","ts_vaccine_vials",163.95,248,368,3,"status quo"
"Ondo","ts_vaccine_vials",159.95,240,366,4,"status quo"
"Ondo","ts_vaccine_vials",152,238,360.1,5,"status quo"
"Ondo","ts_vaccine_vials",156,238,348,6,"status quo"
"Ondo","ts_vaccine_vials",153.95,230,344.05,7,"status quo"
"Ondo","ts_vaccine_vials",147.95,236,360.05,8,"status quo"
"Ondo","ts_vaccine_vials",150,234,342.05,9,"status quo"
"Ondo","ts_vaccine_vials",152,230,348,10,"status quo"
"Ondo","ts_rabid_dogs",440.9,580,774.045,1,"status quo"
"Ondo","ts_rabid_dogs",362.9,483.5,661.0628125,2,"status quo"
"Ondo","ts_rabid_dogs",318.975,445,627.425625,3,"status quo"
"Ondo","ts_rabid_dogs",314.975,430,615.0878125,4,"status quo"
"Ondo","ts_rabid_dogs",302.975,426,614.0490625,5,"status quo"
"Ondo","ts_rabid_dogs",307.975,421,595.025,6,"status quo"
"Ondo","ts_rabid_dogs",300.9,418,593.025,7,"status quo"
"Ondo","ts_rabid_dogs",300.925,418,602.0578125,8,"status quo"
"Ondo","ts_rabid_dogs",290.975,420,596.025,9,"status quo"
"Ondo","ts_rabid_dogs",301.95,415,598.791875,10,"status quo"
"Osun","ts_deaths",0,2,5,1,"status quo"
"Osun","ts_deaths",0,1,4,2,"status quo"
"Osun","ts_deaths",0,1,4,3,"status quo"
"Osun","ts_deaths",0,1,4,4,"status quo"
"Osun","ts_deaths",0,1,4,5,"status quo"
"Osun","ts_deaths",0,1,4,6,"status quo"
"Osun","ts_deaths",0,1,4,7,"status quo"
"Osun","ts_deaths",0,1,4,8,"status quo"
"Osun","ts_deaths",0,1,4,9,"status quo"
"Osun","ts_deaths",0,1,4,10,"status quo"
"Osun","ts_exposures",25,43,67,1,"status quo"
"Osun","ts_exposures",18,35,61,2,"status quo"
"Osun","ts_exposures",16,33,58,3,"status quo"
"Osun","ts_exposures",15,32,57.025,4,"status quo"
"Osun","ts_exposures",15,32,58,5,"status quo"
"Osun","ts_exposures",15.975,32,60,6,"status quo"
"Osun","ts_exposures",16,33,60,7,"status quo"
"Osun","ts_exposures",16,32,58.025,8,"status quo"
"Osun","ts_exposures",16,33,60,9,"status quo"
"Osun","ts_exposures",15,33,61,10,"status quo"
"Osun","ts_exp_PEP",19,33,53,1,"status quo"
"Osun","ts_exp_PEP",13.975,27,48,2,"status quo"
"Osun","ts_exp_PEP",12,25,45,3,"status quo"
"Osun","ts_exp_PEP",11,24,45,4,"status quo"
"Osun","ts_exp_PEP",11,25,46,5,"status quo"
"Osun","ts_exp_PEP",11,25,47,6,"status quo"
"Osun","ts_exp_PEP",11,25,46.025,7,"status quo"
"Osun","ts_exp_PEP",11,25,46.025,8,"status quo"
"Osun","ts_exp_PEP",11,25,46,9,"status quo"
"Osun","ts_exp_PEP",11,25,48,10,"status quo"
"Osun","ts_vaccine_vials",38,66,106,1,"status quo"
"Osun","ts_vaccine_vials",27.95,54,96,2,"status quo"
"Osun","ts_vaccine_vials",24,50,90,3,"status quo"
"Osun","ts_vaccine_vials",22,48,90,4,"status quo"
"Osun","ts_vaccine_vials",22,50,92,5,"status quo"
"Osun","ts_vaccine_vials",22,50,94,6,"status quo"
"Osun","ts_vaccine_vials",22,50,92.05,7,"status quo"
"Osun","ts_vaccine_vials",22,50,92.05,8,"status quo"
"Osun","ts_vaccine_vials",22,50,92,9,"status quo"
"Osun","ts_vaccine_vials",22,50,96,10,"status quo"
"Osun","ts_rabid_dogs",81,115,163,1,"status quo"
"Osun","ts_rabid_dogs",62,92,142.025,2,"status quo"
"Osun","ts_rabid_dogs",57,87,141,3,"status quo"
"Osun","ts_rabid_dogs",54,84,138.5125,4,"status quo"
"Osun","ts_rabid_dogs",54,86,140.01,5,"status quo"
"Osun","ts_rabid_dogs",53,86,145.4025,6,"status quo"
"Osun","ts_rabid_dogs",56,86,141,7,"status quo"
"Osun","ts_rabid_dogs",55,86,147.2565625,8,"status quo"
"Osun","ts_rabid_dogs",55,86,141.365625,9,"status quo"
"Osun","ts_rabid_dogs",54,86,146.8659375,10,"status quo"
"Oyo","ts_deaths",0,3,7,1,"status quo"
"Oyo","ts_deaths",0,2,6,2,"status quo"
"Oyo","ts_deaths",0,2,6,3,"status quo"
"Oyo","ts_deaths",0,2,6,4,"status quo"
"Oyo","ts_deaths",0,2,6,5,"status quo"
"Oyo","ts_deaths",0,2,6,6,"status quo"
"Oyo","ts_deaths",0,2,6,7,"status quo"
"Oyo","ts_deaths",0,2,6,8,"status quo"
"Oyo","ts_deaths",0,2,6,9,"status quo"
"Oyo","ts_deaths",0,2,6,10,"status quo"
"Oyo","ts_exposures",48.975,78,117.025,1,"status quo"
"Oyo","ts_exposures",37.975,63,100,2,"status quo"
"Oyo","ts_exposures",34,59,95,3,"status quo"
"Oyo","ts_exposures",32,58,96,4,"status quo"
"Oyo","ts_exposures",33,58,98,5,"status quo"
"Oyo","ts_exposures",31,58,99,6,"status quo"
"Oyo","ts_exposures",32,58,95,7,"status quo"
"Oyo","ts_exposures",33.975,58,97,8,"status quo"
"Oyo","ts_exposures",31.975,58,97,9,"status quo"
"Oyo","ts_exposures",30.975,57,99,10,"status quo"
"Oyo","ts_exp_PEP",36,59,89.025,1,"status quo"
"Oyo","ts_exp_PEP",26.975,48,77.025,2,"status quo"
"Oyo","ts_exp_PEP",25,45,73,3,"status quo"
"Oyo","ts_exp_PEP",23.975,44,74.025,4,"status quo"
"Oyo","ts_exp_PEP",24,44,76,5,"status quo"
"Oyo","ts_exp_PEP",23,44,77,6,"status quo"
"Oyo","ts_exp_PEP",24,44,73,7,"status quo"
"Oyo","ts_exp_PEP",24,45,75,8,"status quo"
"Oyo","ts_exp_PEP",23,44,74,9,"status quo"
"Oyo","ts_exp_PEP",23,43,75,10,"status quo"
"Oyo","ts_vaccine_vials",72,118,178.05,1,"status quo"
"Oyo","ts_vaccine_vials",53.95,96,154.05,2,"status quo"
"Oyo","ts_vaccine_vials",50,90,146,3,"status quo"
"Oyo","ts_vaccine_vials",47.95,88,148.05,4,"status quo"
"Oyo","ts_vaccine_vials",48,88,152,5,"status quo"
"Oyo","ts_vaccine_vials",46,88,154,6,"status quo"
"Oyo","ts_vaccine_vials",48,88,146,7,"status quo"
"Oyo","ts_vaccine_vials",48,90,150,8,"status quo"
"Oyo","ts_vaccine_vials",46,88,148,9,"status quo"
"Oyo","ts_vaccine_vials",46,86,150,10,"status quo"
"Oyo","ts_rabid_dogs",150,204,281,1,"status quo"
"Oyo","ts_rabid_dogs",115.95,165,242.025,2,"status quo"
"Oyo","ts_rabid_dogs",108.975,155,236.97625,3,"status quo"
"Oyo","ts_rabid_dogs",102.975,152,238.023125,4,"status quo"
"Oyo","ts_rabid_dogs",103,151,238.0078125,5,"status quo"
"Oyo","ts_rabid_dogs",100.975,153,248.9525,6,"status quo"
"Oyo","ts_rabid_dogs",103.975,152,234.1328125,7,"status quo"
"Oyo","ts_rabid_dogs",102,153,234.8428125,8,"status quo"
"Oyo","ts_rabid_dogs",103,151.5,244.0171875,9,"status quo"
"Oyo","ts_rabid_dogs",99,149,248,10,"status quo"
"Plateau","ts_deaths",145,178,209,1,"status quo"
"Plateau","ts_deaths",155,183,216.05,2,"status quo"
"Plateau","ts_deaths",152,184,216.025,3,"status quo"
"Plateau","ts_deaths",156,185,217,4,"status quo"
"Plateau","ts_deaths",156,184,215,5,"status quo"
"Plateau","ts_deaths",155,185,218,6,"status quo"
"Plateau","ts_deaths",157,184,216,7,"status quo"
"Plateau","ts_deaths",154,186,222,8,"status quo"
"Plateau","ts_deaths",157,183,216,9,"status quo"
"Plateau","ts_deaths",155.975,184,219,10,"status quo"
"Plateau","ts_exposures",1732,1923,2116.025,1,"status quo"
"Plateau","ts_exposures",1803.75,1980.5,2169.025,2,"status quo"
"Plateau","ts_exposures",1811.975,1995,2181.1,3,"status quo"
"Plateau","ts_exposures",1813.875,1996,2186.05,4,"status quo"
"Plateau","ts_exposures",1803,1990,2174.025,5,"status quo"
"Plateau","ts_exposures",1806.95,1992.5,2198,6,"status quo"
"Plateau","ts_exposures",1814.85,1995,2187.025,7,"status quo"
"Plateau","ts_exposures",1802.975,1999,2192.1,8,"status quo"
"Plateau","ts_exposures",1807.975,1988,2177.075,9,"status quo"
"Plateau","ts_exposures",1804,1990,2172.075,10,"status quo"
"Plateau","ts_exp_PEP",764.975,873,970,1,"status quo"
"Plateau","ts_exp_PEP",807,900,1006.025,2,"status quo"
"Plateau","ts_exp_PEP",813.975,908,1003,3,"status quo"
"Plateau","ts_exp_PEP",807,907,1005.025,4,"status quo"
"Plateau","ts_exp_PEP",810,904,1001.025,5,"status quo"
"Plateau","ts_exp_PEP",810.975,905,1008,6,"status quo"
"Plateau","ts_exp_PEP",812.95,908,1004,7,"status quo"
"Plateau","ts_exp_PEP",815.975,910,1005.025,8,"status quo"
"Plateau","ts_exp_PEP",816.975,907,1003.075,9,"status quo"
"Plateau","ts_exp_PEP",814,903,1003.025,10,"status quo"
"Plateau","ts_vaccine_vials",1529.95,1746,1940,1,"status quo"
"Plateau","ts_vaccine_vials",1614,1800,2012.05,2,"status quo"
"Plateau","ts_vaccine_vials",1627.95,1816,2006,3,"status quo"
"Plateau","ts_vaccine_vials",1614,1814,2010.05,4,"status quo"
"Plateau","ts_vaccine_vials",1620,1808,2002.05,5,"status quo"
"Plateau","ts_vaccine_vials",1621.95,1810,2016,6,"status quo"
"Plateau","ts_vaccine_vials",1625.9,1816,2008,7,"status quo"
"Plateau","ts_vaccine_vials",1631.95,1820,2010.05,8,"status quo"
"Plateau","ts_vaccine_vials",1633.95,1814,2006.15,9,"status quo"
"Plateau","ts_vaccine_vials",1628,1806,2006.05,10,"status quo"
"Plateau","ts_rabid_dogs",4658.78156250001,5079.93125,5527.72124999999,1,"status quo"
"Plateau","ts_rabid_dogs",4850.3315625,5250.89375,5674.1215625,2,"status quo"
"Plateau","ts_rabid_dogs",4880.2821875,5286.33125,5700.21531250001,3,"status quo"
"Plateau","ts_rabid_dogs",4867.620625,5287.78750000001,5730.48874999999,4,"status quo"
"Plateau","ts_rabid_dogs",4869.584375,5274.10625,5700.06468750001,5,"status quo"
"Plateau","ts_rabid_dogs",4883.9475,5283.95625,5721.9725,6,"status quo"
"Plateau","ts_rabid_dogs",4865.4321875,5282.1875,5703.78624999999,7,"status quo"
"Plateau","ts_rabid_dogs",4870.2521875,5280.6625,5714.90625000001,8,"status quo"
"Plateau","ts_rabid_dogs",4872.9375,5279.96875,5699.37062499999,9,"status quo"
"Plateau","ts_rabid_dogs",4853.385,5277.04375,5686.3175,10,"status quo"
"Rivers","ts_deaths",204,252,312,1,"status quo"
"Rivers","ts_deaths",209,264,321,2,"status quo"
"Rivers","ts_deaths",215.975,269,332.025,3,"status quo"
"Rivers","ts_deaths",217,273,328,4,"status quo"
"Rivers","ts_deaths",221,276,339.025,5,"status quo"
"Rivers","ts_deaths",227,279,338.025,6,"status quo"
"Rivers","ts_deaths",224.975,280,342,7,"status quo"
"Rivers","ts_deaths",223.975,281,340,8,"status quo"
"Rivers","ts_deaths",227,282,343,9,"status quo"
"Rivers","ts_deaths",225,283,346.025,10,"status quo"
"Rivers","ts_exposures",3399.975,4090.5,4838.225,1,"status quo"
"Rivers","ts_exposures",3514.85,4271,5021.05,2,"status quo"
"Rivers","ts_exposures",3550.875,4365.5,5127.1,3,"status quo"
"Rivers","ts_exposures",3671.85,4401,5231.15,4,"status quo"
"Rivers","ts_exposures",3747.95,4443,5323.375,5,"status quo"
"Rivers","ts_exposures",3805.825,4493,5353.1,6,"status quo"
"Rivers","ts_exposures",3733.975,4533.5,5363,7,"status quo"
"Rivers","ts_exposures",3734.95,4536,5364.125,8,"status quo"
"Rivers","ts_exposures",3813.725,4553.5,5392.125,9,"status quo"
"Rivers","ts_exposures",3783.925,4563,5413.275,10,"status quo"
"Rivers","ts_exp_PEP",2147.875,2594.5,3077.175,1,"status quo"
"Rivers","ts_exp_PEP",2225.975,2709,3196.025,2,"status quo"
"Rivers","ts_exp_PEP",2263.875,2774,3286.025,3,"status quo"
"Rivers","ts_exp_PEP",2316,2798,3329.1,4,"status quo"
"Rivers","ts_exp_PEP",2371.975,2825.5,3377,5,"status quo"
"Rivers","ts_exp_PEP",2405.825,2854.5,3404.375,6,"status quo"
"Rivers","ts_exp_PEP",2372.925,2875,3391.575,7,"status quo"
"Rivers","ts_exp_PEP",2394.875,2881,3419.025,8,"status quo"
"Rivers","ts_exp_PEP",2410.975,2891,3429.025,9,"status quo"
"Rivers","ts_exp_PEP",2399.95,2897,3443.125,10,"status quo"
"Rivers","ts_vaccine_vials",4295.75,5189,6154.35,1,"status quo"
"Rivers","ts_vaccine_vials",4451.95,5418,6392.05,2,"status quo"
"Rivers","ts_vaccine_vials",4527.75,5548,6572.05,3,"status quo"
"Rivers","ts_vaccine_vials",4632,5596,6658.2,4,"status quo"
"Rivers","ts_vaccine_vials",4743.95,5651,6754,5,"status quo"
"Rivers","ts_vaccine_vials",4811.65,5709,6808.75,6,"status quo"
"Rivers","ts_vaccine_vials",4745.85,5750,6783.15,7,"status quo"
"Rivers","ts_vaccine_vials",4789.75,5762,6838.05,8,"status quo"
"Rivers","ts_vaccine_vials",4821.95,5782,6858.05,9,"status quo"
"Rivers","ts_vaccine_vials",4799.9,5794,6886.25,10,"status quo"
"Rivers","ts_rabid_dogs",8998.5375,10777.5,12674.2375,1,"status quo"
"Rivers","ts_rabid_dogs",9366.150625,11254.36875,13163.9253125,2,"status quo"
"Rivers","ts_rabid_dogs",9411.43125,11451.875,13461.1065625,3,"status quo"
"Rivers","ts_rabid_dogs",9743.1,11594.5,13777.393125,4,"status quo"
"Rivers","ts_rabid_dogs",9908.724375,11722.86875,13950.588125,5,"status quo"
"Rivers","ts_rabid_dogs",10045.48125,11816.6125,14061.525,6,"status quo"
"Rivers","ts_rabid_dogs",9814.0996875,11897.99375,14109.4375,7,"status quo"
"Rivers","ts_rabid_dogs",9936.6375,11924.6,14093.81875,8,"status quo"
"Rivers","ts_rabid_dogs",10022.425,12008.125,14150.23125,9,"status quo"
"Rivers","ts_rabid_dogs",9992.8125,12006.4875,14170.874375,10,"status quo"
"Sokoto","ts_deaths",69,88,109,1,"status quo"
"Sokoto","ts_deaths",70,90,109,2,"status quo"
"Sokoto","ts_deaths",70.975,90,112,3,"status quo"
"Sokoto","ts_deaths",72,91,111,4,"status quo"
"Sokoto","ts_deaths",72,90,112,5,"status quo"
"Sokoto","ts_deaths",70,90,111,6,"status quo"
"Sokoto","ts_deaths",70,91,110,7,"status quo"
"Sokoto","ts_deaths",73,90,113,8,"status quo"
"Sokoto","ts_deaths",72,90,113,9,"status quo"
"Sokoto","ts_deaths",72,90,110,10,"status quo"
"Sokoto","ts_exposures",790.95,881,970.05,1,"status quo"
"Sokoto","ts_exposures",807.975,895.5,983.025,2,"status quo"
"Sokoto","ts_exposures",801.975,896,993.025,3,"status quo"
"Sokoto","ts_exposures",810,900,994,4,"status quo"
"Sokoto","ts_exposures",808,898,993.05,5,"status quo"
"Sokoto","ts_exposures",794.975,896,987,6,"status quo"
"Sokoto","ts_exposures",805,901,992,7,"status quo"
"Sokoto","ts_exposures",809,894,1001,8,"status quo"
"Sokoto","ts_exposures",807,899,997,9,"status quo"
"Sokoto","ts_exposures",799,894,988.05,10,"status quo"
"Sokoto","ts_exp_PEP",312,359,407,1,"status quo"
"Sokoto","ts_exp_PEP",318,364,413,2,"status quo"
"Sokoto","ts_exp_PEP",318,367,414,3,"status quo"
"Sokoto","ts_exp_PEP",323,366,413.025,4,"status quo"
"Sokoto","ts_exp_PEP",320,367,417.05,5,"status quo"
"Sokoto","ts_exp_PEP",318,366,414.025,6,"status quo"
"Sokoto","ts_exp_PEP",319,368,418.025,7,"status quo"
"Sokoto","ts_exp_PEP",320,366,420.025,8,"status quo"
"Sokoto","ts_exp_PEP",320.975,368,417,9,"status quo"
"Sokoto","ts_exp_PEP",319,367,420,10,"status quo"
"Sokoto","ts_vaccine_vials",624,718,814,1,"status quo"
"Sokoto","ts_vaccine_vials",636,728,826,2,"status quo"
"Sokoto","ts_vaccine_vials",636,734,828,3,"status quo"
"Sokoto","ts_vaccine_vials",646,732,826.05,4,"status quo"
"Sokoto","ts_vaccine_vials",640,734,834.1,5,"status quo"
"Sokoto","ts_vaccine_vials",636,732,828.05,6,"status quo"
"Sokoto","ts_vaccine_vials",638,736,836.05,7,"status quo"
"Sokoto","ts_vaccine_vials",640,732,840.05,8,"status quo"
"Sokoto","ts_vaccine_vials",641.95,736,834,9,"status quo"
"Sokoto","ts_vaccine_vials",638,734,840,10,"status quo"
"Sokoto","ts_rabid_dogs",2194.915,2349.86875,2492.2540625,1,"status quo"
"Sokoto","ts_rabid_dogs",2243.67625,2397.18125,2523.050625,2,"status quo"
"Sokoto","ts_rabid_dogs",2258.6434375,2404.2125,2538.1421875,3,"status quo"
"Sokoto","ts_rabid_dogs",2265.56875,2405.89375,2538.969375,4,"status quo"
"Sokoto","ts_rabid_dogs",2263.844375,2408.1625,2535.9359375,5,"status quo"
"Sokoto","ts_rabid_dogs",2253.478125,2399.71875,2536.8115625,6,"status quo"
"Sokoto","ts_rabid_dogs",2254.445,2405.5625,2548.191875,7,"status quo"
"Sokoto","ts_rabid_dogs",2262.0490625,2403.64375,2543.133125,8,"status quo"
"Sokoto","ts_rabid_dogs",2259.96375,2403.20625,2532.90125,9,"status quo"
"Sokoto","ts_rabid_dogs",2257.1425,2403.51875,2543.301875,10,"status quo"
"Taraba","ts_deaths",89.975,112,136,1,"status quo"
"Taraba","ts_deaths",91.975,114,137,2,"status quo"
"Taraba","ts_deaths",92,115,139.025,3,"status quo"
"Taraba","ts_deaths",91,114,139,4,"status quo"
"Taraba","ts_deaths",93,115,139,5,"status quo"
"Taraba","ts_deaths",93,114,136,6,"status quo"
"Taraba","ts_deaths",92,115,137,7,"status quo"
"Taraba","ts_deaths",93,114,138,8,"status quo"
"Taraba","ts_deaths",92,114,140,9,"status quo"
"Taraba","ts_deaths",90,114,140,10,"status quo"
"Taraba","ts_exposures",1000,1120,1240,1,"status quo"
"Taraba","ts_exposures",1024.975,1136,1257.025,2,"status quo"
"Taraba","ts_exposures",1030,1141,1253,3,"status quo"
"Taraba","ts_exposures",1028,1140,1246.05,4,"status quo"
"Taraba","ts_exposures",1031,1141.5,1250.025,5,"status quo"
"Taraba","ts_exposures",1033.95,1141,1240,6,"status quo"
"Taraba","ts_exposures",1036.95,1140,1253,7,"status quo"
"Taraba","ts_exposures",1023,1136,1253,8,"status quo"
"Taraba","ts_exposures",1032.975,1138,1254.1,9,"status quo"
"Taraba","ts_exposures",1023,1138.5,1257,10,"status quo"
"Taraba","ts_exp_PEP",400,455,515.025,1,"status quo"
"Taraba","ts_exp_PEP",411,464,522.025,2,"status quo"
"Taraba","ts_exp_PEP",411,466,521,3,"status quo"
"Taraba","ts_exp_PEP",413,465.5,521.025,4,"status quo"
"Taraba","ts_exp_PEP",413.975,465,522,5,"status quo"
"Taraba","ts_exp_PEP",409,466,520,6,"status quo"
"Taraba","ts_exp_PEP",412,464,525.025,7,"status quo"
"Taraba","ts_exp_PEP",408,465,523.025,8,"status quo"
"Taraba","ts_exp_PEP",411,465,523.05,9,"status quo"
"Taraba","ts_exp_PEP",408.975,465,523,10,"status quo"
"Taraba","ts_vaccine_vials",800,910,1030.05,1,"status quo"
"Taraba","ts_vaccine_vials",822,928,1044.05,2,"status quo"
"Taraba","ts_vaccine_vials",822,932,1042,3,"status quo"
"Taraba","ts_vaccine_vials",826,931,1042.05,4,"status quo"
"Taraba","ts_vaccine_vials",827.95,930,1044,5,"status quo"
"Taraba","ts_vaccine_vials",818,932,1040,6,"status quo"
"Taraba","ts_vaccine_vials",824,928,1050.05,7,"status quo"
"Taraba","ts_vaccine_vials",816,930,1046.05,8,"status quo"
"Taraba","ts_vaccine_vials",822,930,1046.1,9,"status quo"
"Taraba","ts_vaccine_vials",817.95,930,1046,10,"status quo"
"Taraba","ts_rabid_dogs",2757.2584375,2974.06875,3183.3884375,1,"status quo"
"Taraba","ts_rabid_dogs",2832.3828125,3035.04375,3234.09625,2,"status quo"
"Taraba","ts_rabid_dogs",2851.2390625,3036.99375,3248.14625,3,"status quo"
"Taraba","ts_rabid_dogs",2843.1640625,3042.5,3233.4140625,4,"status quo"
"Taraba","ts_rabid_dogs",2844.299375,3044.95625,3243.888125,5,"status quo"
"Taraba","ts_rabid_dogs",2846.163125,3047.45,3235.79375,6,"status quo"
"Taraba","ts_rabid_dogs",2829.9853125,3038.76875,3229.4909375,7,"status quo"
"Taraba","ts_rabid_dogs",2846.645625,3041.1625,3243.7003125,8,"status quo"
"Taraba","ts_rabid_dogs",2845.155,3042.24375,3238.30875,9,"status quo"
"Taraba","ts_rabid_dogs",2834.36875,3043.8875,3234.0434375,10,"status quo"
"Yobe","ts_deaths",39,54,70,1,"status quo"
"Yobe","ts_deaths",41,56,71,2,"status quo"
"Yobe","ts_deaths",42,56,72,3,"status quo"
"Yobe","ts_deaths",41.975,56,71.025,4,"status quo"
"Yobe","ts_deaths",41,56,71.025,5,"status quo"
"Yobe","ts_deaths",42,57,72,6,"status quo"
"Yobe","ts_deaths",41,56,71.025,7,"status quo"
"Yobe","ts_deaths",41,55,72,8,"status quo"
"Yobe","ts_deaths",41,56,72,9,"status quo"
"Yobe","ts_deaths",41,56,73,10,"status quo"
"Yobe","ts_exposures",488,552,620,1,"status quo"
"Yobe","ts_exposures",498.975,568,633,2,"status quo"
"Yobe","ts_exposures",506,569,639,3,"status quo"
"Yobe","ts_exposures",508.925,568,645,4,"status quo"
"Yobe","ts_exposures",503,570,634,5,"status quo"
"Yobe","ts_exposures",503,569,644.025,6,"status quo"
"Yobe","ts_exposures",508,570,640.025,7,"status quo"
"Yobe","ts_exposures",505,569,638,8,"status quo"
"Yobe","ts_exposures",499,568,634,9,"status quo"
"Yobe","ts_exposures",502,568,640,10,"status quo"
"Yobe","ts_exp_PEP",200,233,268,1,"status quo"
"Yobe","ts_exp_PEP",203,239,274,2,"status quo"
"Yobe","ts_exp_PEP",204,239,278,3,"status quo"
"Yobe","ts_exp_PEP",204.95,240,281,4,"status quo"
"Yobe","ts_exp_PEP",204,240,277.025,5,"status quo"
"Yobe","ts_exp_PEP",203,239,281,6,"status quo"
"Yobe","ts_exp_PEP",206,240,279,7,"status quo"
"Yobe","ts_exp_PEP",204,239,278,8,"status quo"
"Yobe","ts_exp_PEP",206,238,276,9,"status quo"
"Yobe","ts_exp_PEP",203,240,279,10,"status quo"
"Yobe","ts_vaccine_vials",400,466,536,1,"status quo"
"Yobe","ts_vaccine_vials",406,478,548,2,"status quo"
"Yobe","ts_vaccine_vials",408,478,556,3,"status quo"
"Yobe","ts_vaccine_vials",409.9,480,562,4,"status quo"
"Yobe","ts_vaccine_vials",408,480,554.05,5,"status quo"
"Yobe","ts_vaccine_vials",406,478,562,6,"status quo"
"Yobe","ts_vaccine_vials",412,480,558,7,"status quo"
"Yobe","ts_vaccine_vials",408,478,556,8,"status quo"
"Yobe","ts_vaccine_vials",412,476,552,9,"status quo"
"Yobe","ts_vaccine_vials",406,480,558,10,"status quo"
"Yobe","ts_rabid_dogs",1388.275625,1491.65,1590.523125,1,"status quo"
"Yobe","ts_rabid_dogs",1424.258125,1526.58125,1621.0765625,2,"status quo"
"Yobe","ts_rabid_dogs",1435.7565625,1533.10625,1630.886875,3,"status quo"
"Yobe","ts_rabid_dogs",1432.7178125,1537.6375,1632.101875,4,"status quo"
"Yobe","ts_rabid_dogs",1437.943125,1538.71875,1632.740625,5,"status quo"
"Yobe","ts_rabid_dogs",1435.3890625,1538.225,1634.47375,6,"status quo"
"Yobe","ts_rabid_dogs",1438.0921875,1533.11875,1633.181875,7,"status quo"
"Yobe","ts_rabid_dogs",1433.6365625,1535.325,1630.8515625,8,"status quo"
"Yobe","ts_rabid_dogs",1432.6534375,1537.25625,1635.618125,9,"status quo"
"Yobe","ts_rabid_dogs",1436.248125,1537.18125,1625.985,10,"status quo"
"Zamfara","ts_deaths",58,75,95,1,"status quo"
"Zamfara","ts_deaths",59,77,96,2,"status quo"
"Zamfara","ts_deaths",60,77,96,3,"status quo"
"Zamfara","ts_deaths",60,77,96,4,"status quo"
"Zamfara","ts_deaths",59,78,96,5,"status quo"
"Zamfara","ts_deaths",60,78,96,6,"status quo"
"Zamfara","ts_deaths",60,77,96,7,"status quo"
"Zamfara","ts_deaths",60,77,97,8,"status quo"
"Zamfara","ts_deaths",60,77,97,9,"status quo"
"Zamfara","ts_deaths",60,77,97,10,"status quo"
"Zamfara","ts_exposures",678,760,848.025,1,"status quo"
"Zamfara","ts_exposures",696.975,777.5,860,2,"status quo"
"Zamfara","ts_exposures",698.975,781,867.025,3,"status quo"
"Zamfara","ts_exposures",702,778,866,4,"status quo"
"Zamfara","ts_exposures",700.925,785,867,5,"status quo"
"Zamfara","ts_exposures",697.975,781,865,6,"status quo"
"Zamfara","ts_exposures",699,780,864,7,"status quo"
"Zamfara","ts_exposures",701,781,866,8,"status quo"
"Zamfara","ts_exposures",700.975,781,869,9,"status quo"
"Zamfara","ts_exposures",694,783.5,872.025,10,"status quo"
"Zamfara","ts_exp_PEP",275.975,318,367,1,"status quo"
"Zamfara","ts_exp_PEP",284,324.5,372,2,"status quo"
"Zamfara","ts_exp_PEP",287,326,372.025,3,"status quo"
"Zamfara","ts_exp_PEP",283,326,372,4,"status quo"
"Zamfara","ts_exp_PEP",284,328,372.025,5,"status quo"
"Zamfara","ts_exp_PEP",284.975,326,372,6,"status quo"
"Zamfara","ts_exp_PEP",283,327,372.025,7,"status quo"
"Zamfara","ts_exp_PEP",283.975,326,374,8,"status quo"
"Zamfara","ts_exp_PEP",285,326,375,9,"status quo"
"Zamfara","ts_exp_PEP",285,327,373,10,"status quo"
"Zamfara","ts_vaccine_vials",551.95,636,734,1,"status quo"
"Zamfara","ts_vaccine_vials",568,649,744,2,"status quo"
"Zamfara","ts_vaccine_vials",574,652,744.05,3,"status quo"
"Zamfara","ts_vaccine_vials",566,652,744,4,"status quo"
"Zamfara","ts_vaccine_vials",568,656,744.05,5,"status quo"
"Zamfara","ts_vaccine_vials",569.95,652,744,6,"status quo"
"Zamfara","ts_vaccine_vials",566,654,744.05,7,"status quo"
"Zamfara","ts_vaccine_vials",567.95,652,748,8,"status quo"
"Zamfara","ts_vaccine_vials",570,652,750,9,"status quo"
"Zamfara","ts_vaccine_vials",570,654,746,10,"status quo"
"Zamfara","ts_rabid_dogs",1896.3540625,2045.8,2171.8909375,1,"status quo"
"Zamfara","ts_rabid_dogs",1955.74875,2092.2625,2206.551875,2,"status quo"
"Zamfara","ts_rabid_dogs",1967.4453125,2098.86875,2212.4640625,3,"status quo"
"Zamfara","ts_rabid_dogs",1965.6078125,2098.375,2215.153125,4,"status quo"
"Zamfara","ts_rabid_dogs",1965.075,2102.125,2221.5634375,5,"status quo"
"Zamfara","ts_rabid_dogs",1965.8565625,2102.75,2217.231875,6,"status quo"
"Zamfara","ts_rabid_dogs",1957.351875,2097.83125,2220.05375,7,"status quo"
"Zamfara","ts_rabid_dogs",1975.7140625,2101.0875,2219.7475,8,"status quo"
"Zamfara","ts_rabid_dogs",1968.514375,2103.3125,2220.6946875,9,"status quo"
"Zamfara","ts_rabid_dogs",1966.4565625,2104.275,2222.7184375,10,"status quo"
"Federal Capital Territory","ts_deaths",26,38,51,1,"status quo"
"Federal Capital Territory","ts_deaths",27,40,54,2,"status quo"
"Federal Capital Territory","ts_deaths",27,40,54,3,"status quo"
"Federal Capital Territory","ts_deaths",28,41,55,4,"status quo"
"Federal Capital Territory","ts_deaths",27.975,40,54,5,"status quo"
"Federal Capital Territory","ts_deaths",28,40,55,6,"status quo"
"Federal Capital Territory","ts_deaths",28.975,40,54,7,"status quo"
"Federal Capital Territory","ts_deaths",29,40,55,8,"status quo"
"Federal Capital Territory","ts_deaths",27.975,41,54.025,9,"status quo"
"Federal Capital Territory","ts_deaths",27.975,40,54.025,10,"status quo"
"Federal Capital Territory","ts_exposures",393.975,468,541,1,"status quo"
"Federal Capital Territory","ts_exposures",419.975,490.5,563,2,"status quo"
"Federal Capital Territory","ts_exposures",426,498,575,3,"status quo"
"Federal Capital Territory","ts_exposures",433,501,582.025,4,"status quo"
"Federal Capital Territory","ts_exposures",426.975,503,574.025,5,"status quo"
"Federal Capital Territory","ts_exposures",430.975,506,578.075,6,"status quo"
"Federal Capital Territory","ts_exposures",432.975,504,582,7,"status quo"
"Federal Capital Territory","ts_exposures",435.95,506,585.025,8,"status quo"
"Federal Capital Territory","ts_exposures",433.925,504,582.025,9,"status quo"
"Federal Capital Territory","ts_exposures",427,504,573.05,10,"status quo"
"Federal Capital Territory","ts_exp_PEP",204,245,290,1,"status quo"
"Federal Capital Territory","ts_exp_PEP",213,259,306,2,"status quo"
"Federal Capital Territory","ts_exp_PEP",217,261,311,3,"status quo"
"Federal Capital Territory","ts_exp_PEP",222,262,311,4,"status quo"
"Federal Capital Territory","ts_exp_PEP",216,264,311,5,"status quo"
"Federal Capital Territory","ts_exp_PEP",219,265,311,6,"status quo"
"Federal Capital Territory","ts_exp_PEP",223,265,310.025,7,"status quo"
"Federal Capital Territory","ts_exp_PEP",222,266,312,8,"status quo"
"Federal Capital Territory","ts_exp_PEP",223,265,312,9,"status quo"
"Federal Capital Territory","ts_exp_PEP",221.975,264,308,10,"status quo"
"Federal Capital Territory","ts_vaccine_vials",408,490,580,1,"status quo"
"Federal Capital Territory","ts_vaccine_vials",426,518,612,2,"status quo"
"Federal Capital Territory","ts_vaccine_vials",434,522,622,3,"status quo"
"Federal Capital Territory","ts_vaccine_vials",444,524,622,4,"status quo"
"Federal Capital Territory","ts_vaccine_vials",432,528,622,5,"status quo"
"Federal Capital Territory","ts_vaccine_vials",438,530,622,6,"status quo"
"Federal Capital Territory","ts_vaccine_vials",446,530,620.05,7,"status quo"
"Federal Capital Territory","ts_vaccine_vials",444,532,624,8,"status quo"
"Federal Capital Territory","ts_vaccine_vials",446,530,624,9,"status quo"
"Federal Capital Territory","ts_vaccine_vials",443.95,528,616,10,"status quo"
"Federal Capital Territory","ts_rabid_dogs",1130.6696875,1256.35625,1396.9196875,1,"status quo"
"Federal Capital Territory","ts_rabid_dogs",1181.395625,1316.2,1448.3340625,2,"status quo"
"Federal Capital Territory","ts_rabid_dogs",1208.6540625,1342.03125,1467.8371875,3,"status quo"
"Federal Capital Territory","ts_rabid_dogs",1218.95125,1349.26875,1480.0825,4,"status quo"
"Federal Capital Territory","ts_rabid_dogs",1213.5721875,1354.6875,1489.2478125,5,"status quo"
"Federal Capital Territory","ts_rabid_dogs",1209.3021875,1358.5125,1482.7034375,6,"status quo"
"Federal Capital Territory","ts_rabid_dogs",1217.4178125,1363.125,1479.5215625,7,"status quo"
"Federal Capital Territory","ts_rabid_dogs",1228.4490625,1360.60625,1486.645625,8,"status quo"
"Federal Capital Territory","ts_rabid_dogs",1225.09625,1358.2875,1489.0225,9,"status quo"
"Federal Capital Territory","ts_rabid_dogs",1228.5034375,1357.825,1483.138125,10,"status quo"
